[2025-04-03 10:27:50] local.DEBUG: Added missing XSRF-TOKEN cookie {"path":"pages/support_team/exams/set"} 
[2025-04-03 10:27:50] local.DEBUG: Session and Cookie Diagnostics {"request_path":"login","request_method":"GET","request_ajax":false,"request_secure":false,"has_session":false,"session_started":false,"cookie_jar_bound":true,"cookie_count":2,"cookie_names":["mbuku_erp_session","XSRF-TOKEN"],"middleware":[],"php_version":"8.3.13","laravel_version":"10.48.29","server_software":"PHP/8.3.13 (Development Server)"} 
[2025-04-03 10:29:18] local.DEBUG: Session and Cookie Diagnostics {"request_path":"login","request_method":"POST","request_ajax":false,"request_secure":false,"has_session":false,"session_started":false,"cookie_jar_bound":true,"cookie_count":2,"cookie_names":["XSRF-TOKEN","mbuku_erp_session"],"middleware":[],"php_version":"8.3.13","laravel_version":"10.48.29","server_software":"PHP/8.3.13 (Development Server)"} 
[2025-04-03 10:29:19] local.INFO: User authenticated successfully {"user_id":1,"email":"cj@cj.com","ip":"127.0.0.1"} 
[2025-04-03 10:29:19] local.DEBUG: Session fingerprint stored {"fingerprint_hash":"973974b3bab5403581dd187ecde9238f32f650fc26fc75e844758407dd398d6c"} 
[2025-04-03 10:29:19] local.INFO: Session started for user {"user_id":1,"remember":false,"session_id":"WEEPssrdd92xjp4AvB7bohc6xsASRUoAsvgdHRst"} 
[2025-04-03 10:29:19] local.INFO: User authenticated successfully {"user_id":1,"email":"cj@cj.com","ip":"127.0.0.1"} 
[2025-04-03 10:29:19] local.DEBUG: Session fingerprint stored {"fingerprint_hash":"973974b3bab5403581dd187ecde9238f32f650fc26fc75e844758407dd398d6c"} 
[2025-04-03 10:29:19] local.INFO: Session started for user {"user_id":1,"remember":false,"session_id":"WEEPssrdd92xjp4AvB7bohc6xsASRUoAsvgdHRst"} 
[2025-04-03 10:29:19] local.INFO: Unread Count: {"unreadCount":0} 
[2025-04-03 10:29:25] local.INFO: ExamManagementComponent rendering {"activeTab":"exams","isCreating":false,"isEditing":false,"showExamDetails":false,"examCount":0} 
[2025-04-03 10:29:30] local.INFO: Unread Count: {"unreadCount":0} 
[2025-04-03 10:29:35] local.INFO: Unread Count: {"unreadCount":0} 
[2025-04-03 10:29:40] local.INFO: Unread Count: {"unreadCount":0} 
[2025-04-03 10:29:45] local.INFO: Unread Count: {"unreadCount":0} 
[2025-04-03 10:29:50] local.INFO: Unread Count: {"unreadCount":0} 
[2025-04-03 10:29:55] local.INFO: Unread Count: {"unreadCount":0} 
[2025-04-03 10:29:55] local.INFO: Unread Count: {"unreadCount":0} 
[2025-04-03 10:30:01] local.INFO: Unread Count: {"unreadCount":0} 
[2025-04-03 10:30:04] local.ERROR: SQLSTATE[42S22]: Column not found: 1054 Unknown column 'class_id' in 'where clause' (Connection: mysql, SQL: select * from `exams` where `class_id` = 1) {"userId":1,"exception":"[object] (Illuminate\\Database\\QueryException(code: 42S22): SQLSTATE[42S22]: Column not found: 1054 Unknown column 'class_id' in 'where clause' (Connection: mysql, SQL: select * from `exams` where `class_id` = 1) at C:\\projects\\MbukuErp\\vendor\\laravel\\framework\\src\\Illuminate\\Database\\Connection.php:829)
[stacktrace]
#0 C:\\projects\\MbukuErp\\vendor\\laravel\\framework\\src\\Illuminate\\Database\\Connection.php(783): Illuminate\\Database\\Connection->runQueryCallback()
#1 C:\\projects\\MbukuErp\\vendor\\laravel\\framework\\src\\Illuminate\\Database\\Connection.php(414): Illuminate\\Database\\Connection->run()
#2 C:\\projects\\MbukuErp\\vendor\\laravel\\framework\\src\\Illuminate\\Database\\Query\\Builder.php(2913): Illuminate\\Database\\Connection->select()
#3 C:\\projects\\MbukuErp\\vendor\\laravel\\framework\\src\\Illuminate\\Database\\Query\\Builder.php(2902): Illuminate\\Database\\Query\\Builder->runSelect()
#4 C:\\projects\\MbukuErp\\vendor\\laravel\\framework\\src\\Illuminate\\Database\\Query\\Builder.php(3456): Illuminate\\Database\\Query\\Builder->Illuminate\\Database\\Query\\{closure}()
#5 C:\\projects\\MbukuErp\\vendor\\laravel\\framework\\src\\Illuminate\\Database\\Query\\Builder.php(2901): Illuminate\\Database\\Query\\Builder->onceWithColumns()
#6 C:\\projects\\MbukuErp\\vendor\\laravel\\framework\\src\\Illuminate\\Database\\Eloquent\\Builder.php(739): Illuminate\\Database\\Query\\Builder->get()
#7 C:\\projects\\MbukuErp\\vendor\\laravel\\framework\\src\\Illuminate\\Database\\Eloquent\\Builder.php(723): Illuminate\\Database\\Eloquent\\Builder->getModels()
#8 C:\\projects\\MbukuErp\\app\\Livewire\\AssignExamsSubjectwise.php(118): Illuminate\\Database\\Eloquent\\Builder->get()
#9 C:\\projects\\MbukuErp\\vendor\\laravel\\framework\\src\\Illuminate\\Container\\BoundMethod.php(36): App\\Livewire\\AssignExamsSubjectwise->render()
#10 C:\\projects\\MbukuErp\\vendor\\laravel\\framework\\src\\Illuminate\\Container\\Util.php(41): Illuminate\\Container\\BoundMethod::Illuminate\\Container\\{closure}()
#11 C:\\projects\\MbukuErp\\vendor\\laravel\\framework\\src\\Illuminate\\Container\\BoundMethod.php(93): Illuminate\\Container\\Util::unwrapIfClosure()
#12 C:\\projects\\MbukuErp\\vendor\\laravel\\framework\\src\\Illuminate\\Container\\BoundMethod.php(35): Illuminate\\Container\\BoundMethod::callBoundMethod()
#13 C:\\projects\\MbukuErp\\vendor\\livewire\\livewire\\src\\Wrapped.php(23): Illuminate\\Container\\BoundMethod::call()
#14 C:\\projects\\MbukuErp\\vendor\\livewire\\livewire\\src\\Mechanisms\\HandleComponents\\HandleComponents.php(271): Livewire\\Wrapped->__call()
#15 C:\\projects\\MbukuErp\\vendor\\livewire\\livewire\\src\\Mechanisms\\HandleComponents\\HandleComponents.php(231): Livewire\\Mechanisms\\HandleComponents\\HandleComponents->getView()
#16 C:\\projects\\MbukuErp\\vendor\\livewire\\livewire\\src\\Mechanisms\\HandleComponents\\HandleComponents.php(104): Livewire\\Mechanisms\\HandleComponents\\HandleComponents->render()
#17 C:\\projects\\MbukuErp\\vendor\\livewire\\livewire\\src\\LivewireManager.php(102): Livewire\\Mechanisms\\HandleComponents\\HandleComponents->update()
#18 C:\\projects\\MbukuErp\\vendor\\livewire\\livewire\\src\\Mechanisms\\HandleRequests\\HandleRequests.php(94): Livewire\\LivewireManager->update()
#19 C:\\projects\\MbukuErp\\vendor\\laravel\\framework\\src\\Illuminate\\Routing\\ControllerDispatcher.php(46): Livewire\\Mechanisms\\HandleRequests\\HandleRequests->handleUpdate()
#20 C:\\projects\\MbukuErp\\vendor\\laravel\\framework\\src\\Illuminate\\Routing\\Route.php(259): Illuminate\\Routing\\ControllerDispatcher->dispatch()
#21 C:\\projects\\MbukuErp\\vendor\\laravel\\framework\\src\\Illuminate\\Routing\\Route.php(205): Illuminate\\Routing\\Route->runController()
#22 C:\\projects\\MbukuErp\\vendor\\laravel\\framework\\src\\Illuminate\\Routing\\Router.php(806): Illuminate\\Routing\\Route->run()
#23 C:\\projects\\MbukuErp\\vendor\\laravel\\framework\\src\\Illuminate\\Pipeline\\Pipeline.php(144): Illuminate\\Routing\\Router->Illuminate\\Routing\\{closure}()
#24 C:\\projects\\MbukuErp\\app\\Http\\Middleware\\TrackUserActivity.php(33): Illuminate\\Pipeline\\Pipeline->Illuminate\\Pipeline\\{closure}()
#25 C:\\projects\\MbukuErp\\vendor\\laravel\\framework\\src\\Illuminate\\Pipeline\\Pipeline.php(183): App\\Http\\Middleware\\TrackUserActivity->handle()
#26 C:\\projects\\MbukuErp\\app\\Http\\Middleware\\FixCookieJarMiddleware.php(79): Illuminate\\Pipeline\\Pipeline->Illuminate\\Pipeline\\{closure}()
#27 C:\\projects\\MbukuErp\\vendor\\laravel\\framework\\src\\Illuminate\\Pipeline\\Pipeline.php(183): App\\Http\\Middleware\\FixCookieJarMiddleware->handle()
#28 C:\\projects\\MbukuErp\\app\\Http\\Middleware\\VerifyAndRefreshSession.php(105): Illuminate\\Pipeline\\Pipeline->Illuminate\\Pipeline\\{closure}()
#29 C:\\projects\\MbukuErp\\vendor\\laravel\\framework\\src\\Illuminate\\Pipeline\\Pipeline.php(183): App\\Http\\Middleware\\VerifyAndRefreshSession->handle()
#30 C:\\projects\\MbukuErp\\vendor\\laravel\\framework\\src\\Illuminate\\Routing\\Middleware\\SubstituteBindings.php(50): Illuminate\\Pipeline\\Pipeline->Illuminate\\Pipeline\\{closure}()
#31 C:\\projects\\MbukuErp\\vendor\\laravel\\framework\\src\\Illuminate\\Pipeline\\Pipeline.php(183): Illuminate\\Routing\\Middleware\\SubstituteBindings->handle()
#32 C:\\projects\\MbukuErp\\vendor\\laravel\\framework\\src\\Illuminate\\Foundation\\Http\\Middleware\\VerifyCsrfToken.php(78): Illuminate\\Pipeline\\Pipeline->Illuminate\\Pipeline\\{closure}()
#33 C:\\projects\\MbukuErp\\vendor\\laravel\\framework\\src\\Illuminate\\Pipeline\\Pipeline.php(183): Illuminate\\Foundation\\Http\\Middleware\\VerifyCsrfToken->handle()
#34 C:\\projects\\MbukuErp\\vendor\\laravel\\framework\\src\\Illuminate\\Session\\Middleware\\AuthenticateSession.php(60): Illuminate\\Pipeline\\Pipeline->Illuminate\\Pipeline\\{closure}()
#35 C:\\projects\\MbukuErp\\vendor\\laravel\\framework\\src\\Illuminate\\Pipeline\\Pipeline.php(183): Illuminate\\Session\\Middleware\\AuthenticateSession->handle()
#36 C:\\projects\\MbukuErp\\vendor\\laravel\\framework\\src\\Illuminate\\View\\Middleware\\ShareErrorsFromSession.php(49): Illuminate\\Pipeline\\Pipeline->Illuminate\\Pipeline\\{closure}()
#37 C:\\projects\\MbukuErp\\vendor\\laravel\\framework\\src\\Illuminate\\Pipeline\\Pipeline.php(183): Illuminate\\View\\Middleware\\ShareErrorsFromSession->handle()
#38 C:\\projects\\MbukuErp\\app\\Http\\Middleware\\SessionManager.php(37): Illuminate\\Pipeline\\Pipeline->Illuminate\\Pipeline\\{closure}()
#39 C:\\projects\\MbukuErp\\vendor\\laravel\\framework\\src\\Illuminate\\Pipeline\\Pipeline.php(183): App\\Http\\Middleware\\SessionManager->handle()
#40 C:\\projects\\MbukuErp\\vendor\\laravel\\framework\\src\\Illuminate\\Session\\Middleware\\StartSession.php(121): Illuminate\\Pipeline\\Pipeline->Illuminate\\Pipeline\\{closure}()
#41 C:\\projects\\MbukuErp\\vendor\\laravel\\framework\\src\\Illuminate\\Session\\Middleware\\StartSession.php(64): Illuminate\\Session\\Middleware\\StartSession->handleStatefulRequest()
#42 C:\\projects\\MbukuErp\\vendor\\laravel\\framework\\src\\Illuminate\\Pipeline\\Pipeline.php(183): Illuminate\\Session\\Middleware\\StartSession->handle()
#43 C:\\projects\\MbukuErp\\vendor\\laravel\\framework\\src\\Illuminate\\Cookie\\Middleware\\AddQueuedCookiesToResponse.php(37): Illuminate\\Pipeline\\Pipeline->Illuminate\\Pipeline\\{closure}()
#44 C:\\projects\\MbukuErp\\vendor\\laravel\\framework\\src\\Illuminate\\Pipeline\\Pipeline.php(183): Illuminate\\Cookie\\Middleware\\AddQueuedCookiesToResponse->handle()
#45 C:\\projects\\MbukuErp\\app\\Http\\Middleware\\EnsureAuthWorks.php(24): Illuminate\\Pipeline\\Pipeline->Illuminate\\Pipeline\\{closure}()
#46 C:\\projects\\MbukuErp\\vendor\\laravel\\framework\\src\\Illuminate\\Pipeline\\Pipeline.php(183): App\\Http\\Middleware\\EnsureAuthWorks->handle()
#47 C:\\projects\\MbukuErp\\vendor\\laravel\\framework\\src\\Illuminate\\Cookie\\Middleware\\EncryptCookies.php(67): Illuminate\\Pipeline\\Pipeline->Illuminate\\Pipeline\\{closure}()
#48 C:\\projects\\MbukuErp\\vendor\\laravel\\framework\\src\\Illuminate\\Pipeline\\Pipeline.php(183): Illuminate\\Cookie\\Middleware\\EncryptCookies->handle()
#49 C:\\projects\\MbukuErp\\app\\Http\\Middleware\\EnsureCookieJarExists.php(65): Illuminate\\Pipeline\\Pipeline->Illuminate\\Pipeline\\{closure}()
#50 C:\\projects\\MbukuErp\\vendor\\laravel\\framework\\src\\Illuminate\\Pipeline\\Pipeline.php(183): App\\Http\\Middleware\\EnsureCookieJarExists->handle()
#51 C:\\projects\\MbukuErp\\vendor\\laravel\\framework\\src\\Illuminate\\Pipeline\\Pipeline.php(119): Illuminate\\Pipeline\\Pipeline->Illuminate\\Pipeline\\{closure}()
#52 C:\\projects\\MbukuErp\\vendor\\laravel\\framework\\src\\Illuminate\\Routing\\Router.php(805): Illuminate\\Pipeline\\Pipeline->then()
#53 C:\\projects\\MbukuErp\\vendor\\laravel\\framework\\src\\Illuminate\\Routing\\Router.php(784): Illuminate\\Routing\\Router->runRouteWithinStack()
#54 C:\\projects\\MbukuErp\\vendor\\laravel\\framework\\src\\Illuminate\\Routing\\Router.php(748): Illuminate\\Routing\\Router->runRoute()
#55 C:\\projects\\MbukuErp\\vendor\\laravel\\framework\\src\\Illuminate\\Routing\\Router.php(737): Illuminate\\Routing\\Router->dispatchToRoute()
#56 C:\\projects\\MbukuErp\\vendor\\laravel\\framework\\src\\Illuminate\\Foundation\\Http\\Kernel.php(200): Illuminate\\Routing\\Router->dispatch()
#57 C:\\projects\\MbukuErp\\vendor\\laravel\\framework\\src\\Illuminate\\Pipeline\\Pipeline.php(144): Illuminate\\Foundation\\Http\\Kernel->Illuminate\\Foundation\\Http\\{closure}()
#58 C:\\projects\\MbukuErp\\vendor\\livewire\\livewire\\src\\Features\\SupportDisablingBackButtonCache\\DisableBackButtonCacheMiddleware.php(19): Illuminate\\Pipeline\\Pipeline->Illuminate\\Pipeline\\{closure}()
#59 C:\\projects\\MbukuErp\\vendor\\laravel\\framework\\src\\Illuminate\\Pipeline\\Pipeline.php(183): Livewire\\Features\\SupportDisablingBackButtonCache\\DisableBackButtonCacheMiddleware->handle()
#60 C:\\projects\\MbukuErp\\vendor\\laravel\\framework\\src\\Illuminate\\Foundation\\Http\\Middleware\\ConvertEmptyStringsToNull.php(27): Illuminate\\Pipeline\\Pipeline->Illuminate\\Pipeline\\{closure}()
#61 C:\\projects\\MbukuErp\\vendor\\laravel\\framework\\src\\Illuminate\\Pipeline\\Pipeline.php(183): Illuminate\\Foundation\\Http\\Middleware\\ConvertEmptyStringsToNull->handle()
#62 C:\\projects\\MbukuErp\\vendor\\laravel\\framework\\src\\Illuminate\\Foundation\\Http\\Middleware\\TrimStrings.php(36): Illuminate\\Pipeline\\Pipeline->Illuminate\\Pipeline\\{closure}()
#63 C:\\projects\\MbukuErp\\vendor\\laravel\\framework\\src\\Illuminate\\Pipeline\\Pipeline.php(183): Illuminate\\Foundation\\Http\\Middleware\\TrimStrings->handle()
#64 C:\\projects\\MbukuErp\\vendor\\laravel\\framework\\src\\Illuminate\\Foundation\\Http\\Middleware\\ValidatePostSize.php(27): Illuminate\\Pipeline\\Pipeline->Illuminate\\Pipeline\\{closure}()
#65 C:\\projects\\MbukuErp\\vendor\\laravel\\framework\\src\\Illuminate\\Pipeline\\Pipeline.php(183): Illuminate\\Foundation\\Http\\Middleware\\ValidatePostSize->handle()
#66 C:\\projects\\MbukuErp\\vendor\\laravel\\framework\\src\\Illuminate\\Foundation\\Http\\Middleware\\PreventRequestsDuringMaintenance.php(99): Illuminate\\Pipeline\\Pipeline->Illuminate\\Pipeline\\{closure}()
#67 C:\\projects\\MbukuErp\\vendor\\laravel\\framework\\src\\Illuminate\\Pipeline\\Pipeline.php(183): Illuminate\\Foundation\\Http\\Middleware\\PreventRequestsDuringMaintenance->handle()
#68 C:\\projects\\MbukuErp\\vendor\\laravel\\framework\\src\\Illuminate\\Http\\Middleware\\HandleCors.php(49): Illuminate\\Pipeline\\Pipeline->Illuminate\\Pipeline\\{closure}()
#69 C:\\projects\\MbukuErp\\vendor\\laravel\\framework\\src\\Illuminate\\Pipeline\\Pipeline.php(183): Illuminate\\Http\\Middleware\\HandleCors->handle()
#70 C:\\projects\\MbukuErp\\vendor\\laravel\\framework\\src\\Illuminate\\Http\\Middleware\\TrustProxies.php(39): Illuminate\\Pipeline\\Pipeline->Illuminate\\Pipeline\\{closure}()
#71 C:\\projects\\MbukuErp\\vendor\\laravel\\framework\\src\\Illuminate\\Pipeline\\Pipeline.php(183): Illuminate\\Http\\Middleware\\TrustProxies->handle()
#72 C:\\projects\\MbukuErp\\app\\Http\\Middleware\\EnsureCookieJarExists.php(65): Illuminate\\Pipeline\\Pipeline->Illuminate\\Pipeline\\{closure}()
#73 C:\\projects\\MbukuErp\\vendor\\laravel\\framework\\src\\Illuminate\\Pipeline\\Pipeline.php(183): App\\Http\\Middleware\\EnsureCookieJarExists->handle()
#74 C:\\projects\\MbukuErp\\app\\Http\\Middleware\\DiagnosticMiddleware.php(67): Illuminate\\Pipeline\\Pipeline->Illuminate\\Pipeline\\{closure}()
#75 C:\\projects\\MbukuErp\\vendor\\laravel\\framework\\src\\Illuminate\\Pipeline\\Pipeline.php(183): App\\Http\\Middleware\\DiagnosticMiddleware->handle()
#76 C:\\projects\\MbukuErp\\vendor\\laravel\\framework\\src\\Illuminate\\Pipeline\\Pipeline.php(119): Illuminate\\Pipeline\\Pipeline->Illuminate\\Pipeline\\{closure}()
#77 C:\\projects\\MbukuErp\\vendor\\laravel\\framework\\src\\Illuminate\\Foundation\\Http\\Kernel.php(175): Illuminate\\Pipeline\\Pipeline->then()
#78 C:\\projects\\MbukuErp\\vendor\\laravel\\framework\\src\\Illuminate\\Foundation\\Http\\Kernel.php(144): Illuminate\\Foundation\\Http\\Kernel->sendRequestThroughRouter()
#79 C:\\projects\\MbukuErp\\public\\index.php(54): Illuminate\\Foundation\\Http\\Kernel->handle()
#80 C:\\projects\\MbukuErp\\server.php(21): require_once('...')
#81 {main}

[previous exception] [object] (PDOException(code: 42S22): SQLSTATE[42S22]: Column not found: 1054 Unknown column 'class_id' in 'where clause' at C:\\projects\\MbukuErp\\vendor\\laravel\\framework\\src\\Illuminate\\Database\\Connection.php:423)
[stacktrace]
#0 C:\\projects\\MbukuErp\\vendor\\laravel\\framework\\src\\Illuminate\\Database\\Connection.php(423): PDO->prepare()
#1 C:\\projects\\MbukuErp\\vendor\\laravel\\framework\\src\\Illuminate\\Database\\Connection.php(816): Illuminate\\Database\\Connection->Illuminate\\Database\\{closure}()
#2 C:\\projects\\MbukuErp\\vendor\\laravel\\framework\\src\\Illuminate\\Database\\Connection.php(783): Illuminate\\Database\\Connection->runQueryCallback()
#3 C:\\projects\\MbukuErp\\vendor\\laravel\\framework\\src\\Illuminate\\Database\\Connection.php(414): Illuminate\\Database\\Connection->run()
#4 C:\\projects\\MbukuErp\\vendor\\laravel\\framework\\src\\Illuminate\\Database\\Query\\Builder.php(2913): Illuminate\\Database\\Connection->select()
#5 C:\\projects\\MbukuErp\\vendor\\laravel\\framework\\src\\Illuminate\\Database\\Query\\Builder.php(2902): Illuminate\\Database\\Query\\Builder->runSelect()
#6 C:\\projects\\MbukuErp\\vendor\\laravel\\framework\\src\\Illuminate\\Database\\Query\\Builder.php(3456): Illuminate\\Database\\Query\\Builder->Illuminate\\Database\\Query\\{closure}()
#7 C:\\projects\\MbukuErp\\vendor\\laravel\\framework\\src\\Illuminate\\Database\\Query\\Builder.php(2901): Illuminate\\Database\\Query\\Builder->onceWithColumns()
#8 C:\\projects\\MbukuErp\\vendor\\laravel\\framework\\src\\Illuminate\\Database\\Eloquent\\Builder.php(739): Illuminate\\Database\\Query\\Builder->get()
#9 C:\\projects\\MbukuErp\\vendor\\laravel\\framework\\src\\Illuminate\\Database\\Eloquent\\Builder.php(723): Illuminate\\Database\\Eloquent\\Builder->getModels()
#10 C:\\projects\\MbukuErp\\app\\Livewire\\AssignExamsSubjectwise.php(118): Illuminate\\Database\\Eloquent\\Builder->get()
#11 C:\\projects\\MbukuErp\\vendor\\laravel\\framework\\src\\Illuminate\\Container\\BoundMethod.php(36): App\\Livewire\\AssignExamsSubjectwise->render()
#12 C:\\projects\\MbukuErp\\vendor\\laravel\\framework\\src\\Illuminate\\Container\\Util.php(41): Illuminate\\Container\\BoundMethod::Illuminate\\Container\\{closure}()
#13 C:\\projects\\MbukuErp\\vendor\\laravel\\framework\\src\\Illuminate\\Container\\BoundMethod.php(93): Illuminate\\Container\\Util::unwrapIfClosure()
#14 C:\\projects\\MbukuErp\\vendor\\laravel\\framework\\src\\Illuminate\\Container\\BoundMethod.php(35): Illuminate\\Container\\BoundMethod::callBoundMethod()
#15 C:\\projects\\MbukuErp\\vendor\\livewire\\livewire\\src\\Wrapped.php(23): Illuminate\\Container\\BoundMethod::call()
#16 C:\\projects\\MbukuErp\\vendor\\livewire\\livewire\\src\\Mechanisms\\HandleComponents\\HandleComponents.php(271): Livewire\\Wrapped->__call()
#17 C:\\projects\\MbukuErp\\vendor\\livewire\\livewire\\src\\Mechanisms\\HandleComponents\\HandleComponents.php(231): Livewire\\Mechanisms\\HandleComponents\\HandleComponents->getView()
#18 C:\\projects\\MbukuErp\\vendor\\livewire\\livewire\\src\\Mechanisms\\HandleComponents\\HandleComponents.php(104): Livewire\\Mechanisms\\HandleComponents\\HandleComponents->render()
#19 C:\\projects\\MbukuErp\\vendor\\livewire\\livewire\\src\\LivewireManager.php(102): Livewire\\Mechanisms\\HandleComponents\\HandleComponents->update()
#20 C:\\projects\\MbukuErp\\vendor\\livewire\\livewire\\src\\Mechanisms\\HandleRequests\\HandleRequests.php(94): Livewire\\LivewireManager->update()
#21 C:\\projects\\MbukuErp\\vendor\\laravel\\framework\\src\\Illuminate\\Routing\\ControllerDispatcher.php(46): Livewire\\Mechanisms\\HandleRequests\\HandleRequests->handleUpdate()
#22 C:\\projects\\MbukuErp\\vendor\\laravel\\framework\\src\\Illuminate\\Routing\\Route.php(259): Illuminate\\Routing\\ControllerDispatcher->dispatch()
#23 C:\\projects\\MbukuErp\\vendor\\laravel\\framework\\src\\Illuminate\\Routing\\Route.php(205): Illuminate\\Routing\\Route->runController()
#24 C:\\projects\\MbukuErp\\vendor\\laravel\\framework\\src\\Illuminate\\Routing\\Router.php(806): Illuminate\\Routing\\Route->run()
#25 C:\\projects\\MbukuErp\\vendor\\laravel\\framework\\src\\Illuminate\\Pipeline\\Pipeline.php(144): Illuminate\\Routing\\Router->Illuminate\\Routing\\{closure}()
#26 C:\\projects\\MbukuErp\\app\\Http\\Middleware\\TrackUserActivity.php(33): Illuminate\\Pipeline\\Pipeline->Illuminate\\Pipeline\\{closure}()
#27 C:\\projects\\MbukuErp\\vendor\\laravel\\framework\\src\\Illuminate\\Pipeline\\Pipeline.php(183): App\\Http\\Middleware\\TrackUserActivity->handle()
#28 C:\\projects\\MbukuErp\\app\\Http\\Middleware\\FixCookieJarMiddleware.php(79): Illuminate\\Pipeline\\Pipeline->Illuminate\\Pipeline\\{closure}()
#29 C:\\projects\\MbukuErp\\vendor\\laravel\\framework\\src\\Illuminate\\Pipeline\\Pipeline.php(183): App\\Http\\Middleware\\FixCookieJarMiddleware->handle()
#30 C:\\projects\\MbukuErp\\app\\Http\\Middleware\\VerifyAndRefreshSession.php(105): Illuminate\\Pipeline\\Pipeline->Illuminate\\Pipeline\\{closure}()
#31 C:\\projects\\MbukuErp\\vendor\\laravel\\framework\\src\\Illuminate\\Pipeline\\Pipeline.php(183): App\\Http\\Middleware\\VerifyAndRefreshSession->handle()
#32 C:\\projects\\MbukuErp\\vendor\\laravel\\framework\\src\\Illuminate\\Routing\\Middleware\\SubstituteBindings.php(50): Illuminate\\Pipeline\\Pipeline->Illuminate\\Pipeline\\{closure}()
#33 C:\\projects\\MbukuErp\\vendor\\laravel\\framework\\src\\Illuminate\\Pipeline\\Pipeline.php(183): Illuminate\\Routing\\Middleware\\SubstituteBindings->handle()
#34 C:\\projects\\MbukuErp\\vendor\\laravel\\framework\\src\\Illuminate\\Foundation\\Http\\Middleware\\VerifyCsrfToken.php(78): Illuminate\\Pipeline\\Pipeline->Illuminate\\Pipeline\\{closure}()
#35 C:\\projects\\MbukuErp\\vendor\\laravel\\framework\\src\\Illuminate\\Pipeline\\Pipeline.php(183): Illuminate\\Foundation\\Http\\Middleware\\VerifyCsrfToken->handle()
#36 C:\\projects\\MbukuErp\\vendor\\laravel\\framework\\src\\Illuminate\\Session\\Middleware\\AuthenticateSession.php(60): Illuminate\\Pipeline\\Pipeline->Illuminate\\Pipeline\\{closure}()
#37 C:\\projects\\MbukuErp\\vendor\\laravel\\framework\\src\\Illuminate\\Pipeline\\Pipeline.php(183): Illuminate\\Session\\Middleware\\AuthenticateSession->handle()
#38 C:\\projects\\MbukuErp\\vendor\\laravel\\framework\\src\\Illuminate\\View\\Middleware\\ShareErrorsFromSession.php(49): Illuminate\\Pipeline\\Pipeline->Illuminate\\Pipeline\\{closure}()
#39 C:\\projects\\MbukuErp\\vendor\\laravel\\framework\\src\\Illuminate\\Pipeline\\Pipeline.php(183): Illuminate\\View\\Middleware\\ShareErrorsFromSession->handle()
#40 C:\\projects\\MbukuErp\\app\\Http\\Middleware\\SessionManager.php(37): Illuminate\\Pipeline\\Pipeline->Illuminate\\Pipeline\\{closure}()
#41 C:\\projects\\MbukuErp\\vendor\\laravel\\framework\\src\\Illuminate\\Pipeline\\Pipeline.php(183): App\\Http\\Middleware\\SessionManager->handle()
#42 C:\\projects\\MbukuErp\\vendor\\laravel\\framework\\src\\Illuminate\\Session\\Middleware\\StartSession.php(121): Illuminate\\Pipeline\\Pipeline->Illuminate\\Pipeline\\{closure}()
#43 C:\\projects\\MbukuErp\\vendor\\laravel\\framework\\src\\Illuminate\\Session\\Middleware\\StartSession.php(64): Illuminate\\Session\\Middleware\\StartSession->handleStatefulRequest()
#44 C:\\projects\\MbukuErp\\vendor\\laravel\\framework\\src\\Illuminate\\Pipeline\\Pipeline.php(183): Illuminate\\Session\\Middleware\\StartSession->handle()
#45 C:\\projects\\MbukuErp\\vendor\\laravel\\framework\\src\\Illuminate\\Cookie\\Middleware\\AddQueuedCookiesToResponse.php(37): Illuminate\\Pipeline\\Pipeline->Illuminate\\Pipeline\\{closure}()
#46 C:\\projects\\MbukuErp\\vendor\\laravel\\framework\\src\\Illuminate\\Pipeline\\Pipeline.php(183): Illuminate\\Cookie\\Middleware\\AddQueuedCookiesToResponse->handle()
#47 C:\\projects\\MbukuErp\\app\\Http\\Middleware\\EnsureAuthWorks.php(24): Illuminate\\Pipeline\\Pipeline->Illuminate\\Pipeline\\{closure}()
#48 C:\\projects\\MbukuErp\\vendor\\laravel\\framework\\src\\Illuminate\\Pipeline\\Pipeline.php(183): App\\Http\\Middleware\\EnsureAuthWorks->handle()
#49 C:\\projects\\MbukuErp\\vendor\\laravel\\framework\\src\\Illuminate\\Cookie\\Middleware\\EncryptCookies.php(67): Illuminate\\Pipeline\\Pipeline->Illuminate\\Pipeline\\{closure}()
#50 C:\\projects\\MbukuErp\\vendor\\laravel\\framework\\src\\Illuminate\\Pipeline\\Pipeline.php(183): Illuminate\\Cookie\\Middleware\\EncryptCookies->handle()
#51 C:\\projects\\MbukuErp\\app\\Http\\Middleware\\EnsureCookieJarExists.php(65): Illuminate\\Pipeline\\Pipeline->Illuminate\\Pipeline\\{closure}()
#52 C:\\projects\\MbukuErp\\vendor\\laravel\\framework\\src\\Illuminate\\Pipeline\\Pipeline.php(183): App\\Http\\Middleware\\EnsureCookieJarExists->handle()
#53 C:\\projects\\MbukuErp\\vendor\\laravel\\framework\\src\\Illuminate\\Pipeline\\Pipeline.php(119): Illuminate\\Pipeline\\Pipeline->Illuminate\\Pipeline\\{closure}()
#54 C:\\projects\\MbukuErp\\vendor\\laravel\\framework\\src\\Illuminate\\Routing\\Router.php(805): Illuminate\\Pipeline\\Pipeline->then()
#55 C:\\projects\\MbukuErp\\vendor\\laravel\\framework\\src\\Illuminate\\Routing\\Router.php(784): Illuminate\\Routing\\Router->runRouteWithinStack()
#56 C:\\projects\\MbukuErp\\vendor\\laravel\\framework\\src\\Illuminate\\Routing\\Router.php(748): Illuminate\\Routing\\Router->runRoute()
#57 C:\\projects\\MbukuErp\\vendor\\laravel\\framework\\src\\Illuminate\\Routing\\Router.php(737): Illuminate\\Routing\\Router->dispatchToRoute()
#58 C:\\projects\\MbukuErp\\vendor\\laravel\\framework\\src\\Illuminate\\Foundation\\Http\\Kernel.php(200): Illuminate\\Routing\\Router->dispatch()
#59 C:\\projects\\MbukuErp\\vendor\\laravel\\framework\\src\\Illuminate\\Pipeline\\Pipeline.php(144): Illuminate\\Foundation\\Http\\Kernel->Illuminate\\Foundation\\Http\\{closure}()
#60 C:\\projects\\MbukuErp\\vendor\\livewire\\livewire\\src\\Features\\SupportDisablingBackButtonCache\\DisableBackButtonCacheMiddleware.php(19): Illuminate\\Pipeline\\Pipeline->Illuminate\\Pipeline\\{closure}()
#61 C:\\projects\\MbukuErp\\vendor\\laravel\\framework\\src\\Illuminate\\Pipeline\\Pipeline.php(183): Livewire\\Features\\SupportDisablingBackButtonCache\\DisableBackButtonCacheMiddleware->handle()
#62 C:\\projects\\MbukuErp\\vendor\\laravel\\framework\\src\\Illuminate\\Foundation\\Http\\Middleware\\ConvertEmptyStringsToNull.php(27): Illuminate\\Pipeline\\Pipeline->Illuminate\\Pipeline\\{closure}()
#63 C:\\projects\\MbukuErp\\vendor\\laravel\\framework\\src\\Illuminate\\Pipeline\\Pipeline.php(183): Illuminate\\Foundation\\Http\\Middleware\\ConvertEmptyStringsToNull->handle()
#64 C:\\projects\\MbukuErp\\vendor\\laravel\\framework\\src\\Illuminate\\Foundation\\Http\\Middleware\\TrimStrings.php(36): Illuminate\\Pipeline\\Pipeline->Illuminate\\Pipeline\\{closure}()
#65 C:\\projects\\MbukuErp\\vendor\\laravel\\framework\\src\\Illuminate\\Pipeline\\Pipeline.php(183): Illuminate\\Foundation\\Http\\Middleware\\TrimStrings->handle()
#66 C:\\projects\\MbukuErp\\vendor\\laravel\\framework\\src\\Illuminate\\Foundation\\Http\\Middleware\\ValidatePostSize.php(27): Illuminate\\Pipeline\\Pipeline->Illuminate\\Pipeline\\{closure}()
#67 C:\\projects\\MbukuErp\\vendor\\laravel\\framework\\src\\Illuminate\\Pipeline\\Pipeline.php(183): Illuminate\\Foundation\\Http\\Middleware\\ValidatePostSize->handle()
#68 C:\\projects\\MbukuErp\\vendor\\laravel\\framework\\src\\Illuminate\\Foundation\\Http\\Middleware\\PreventRequestsDuringMaintenance.php(99): Illuminate\\Pipeline\\Pipeline->Illuminate\\Pipeline\\{closure}()
#69 C:\\projects\\MbukuErp\\vendor\\laravel\\framework\\src\\Illuminate\\Pipeline\\Pipeline.php(183): Illuminate\\Foundation\\Http\\Middleware\\PreventRequestsDuringMaintenance->handle()
#70 C:\\projects\\MbukuErp\\vendor\\laravel\\framework\\src\\Illuminate\\Http\\Middleware\\HandleCors.php(49): Illuminate\\Pipeline\\Pipeline->Illuminate\\Pipeline\\{closure}()
#71 C:\\projects\\MbukuErp\\vendor\\laravel\\framework\\src\\Illuminate\\Pipeline\\Pipeline.php(183): Illuminate\\Http\\Middleware\\HandleCors->handle()
#72 C:\\projects\\MbukuErp\\vendor\\laravel\\framework\\src\\Illuminate\\Http\\Middleware\\TrustProxies.php(39): Illuminate\\Pipeline\\Pipeline->Illuminate\\Pipeline\\{closure}()
#73 C:\\projects\\MbukuErp\\vendor\\laravel\\framework\\src\\Illuminate\\Pipeline\\Pipeline.php(183): Illuminate\\Http\\Middleware\\TrustProxies->handle()
#74 C:\\projects\\MbukuErp\\app\\Http\\Middleware\\EnsureCookieJarExists.php(65): Illuminate\\Pipeline\\Pipeline->Illuminate\\Pipeline\\{closure}()
#75 C:\\projects\\MbukuErp\\vendor\\laravel\\framework\\src\\Illuminate\\Pipeline\\Pipeline.php(183): App\\Http\\Middleware\\EnsureCookieJarExists->handle()
#76 C:\\projects\\MbukuErp\\app\\Http\\Middleware\\DiagnosticMiddleware.php(67): Illuminate\\Pipeline\\Pipeline->Illuminate\\Pipeline\\{closure}()
#77 C:\\projects\\MbukuErp\\vendor\\laravel\\framework\\src\\Illuminate\\Pipeline\\Pipeline.php(183): App\\Http\\Middleware\\DiagnosticMiddleware->handle()
#78 C:\\projects\\MbukuErp\\vendor\\laravel\\framework\\src\\Illuminate\\Pipeline\\Pipeline.php(119): Illuminate\\Pipeline\\Pipeline->Illuminate\\Pipeline\\{closure}()
#79 C:\\projects\\MbukuErp\\vendor\\laravel\\framework\\src\\Illuminate\\Foundation\\Http\\Kernel.php(175): Illuminate\\Pipeline\\Pipeline->then()
#80 C:\\projects\\MbukuErp\\vendor\\laravel\\framework\\src\\Illuminate\\Foundation\\Http\\Kernel.php(144): Illuminate\\Foundation\\Http\\Kernel->sendRequestThroughRouter()
#81 C:\\projects\\MbukuErp\\public\\index.php(54): Illuminate\\Foundation\\Http\\Kernel->handle()
#82 C:\\projects\\MbukuErp\\server.php(21): require_once('...')
#83 {main}
"} 
[2025-04-03 10:30:06] local.INFO: Unread Count: {"unreadCount":0} 
[2025-04-03 10:30:11] local.INFO: Unread Count: {"unreadCount":0} 
[2025-04-03 10:30:16] local.INFO: Unread Count: {"unreadCount":0} 
[2025-04-03 10:30:19] local.ERROR: SQLSTATE[42S22]: Column not found: 1054 Unknown column 'class_id' in 'where clause' (Connection: mysql, SQL: select * from `exams` where `class_id` = 2) {"userId":1,"exception":"[object] (Illuminate\\Database\\QueryException(code: 42S22): SQLSTATE[42S22]: Column not found: 1054 Unknown column 'class_id' in 'where clause' (Connection: mysql, SQL: select * from `exams` where `class_id` = 2) at C:\\projects\\MbukuErp\\vendor\\laravel\\framework\\src\\Illuminate\\Database\\Connection.php:829)
[stacktrace]
#0 C:\\projects\\MbukuErp\\vendor\\laravel\\framework\\src\\Illuminate\\Database\\Connection.php(783): Illuminate\\Database\\Connection->runQueryCallback()
#1 C:\\projects\\MbukuErp\\vendor\\laravel\\framework\\src\\Illuminate\\Database\\Connection.php(414): Illuminate\\Database\\Connection->run()
#2 C:\\projects\\MbukuErp\\vendor\\laravel\\framework\\src\\Illuminate\\Database\\Query\\Builder.php(2913): Illuminate\\Database\\Connection->select()
#3 C:\\projects\\MbukuErp\\vendor\\laravel\\framework\\src\\Illuminate\\Database\\Query\\Builder.php(2902): Illuminate\\Database\\Query\\Builder->runSelect()
#4 C:\\projects\\MbukuErp\\vendor\\laravel\\framework\\src\\Illuminate\\Database\\Query\\Builder.php(3456): Illuminate\\Database\\Query\\Builder->Illuminate\\Database\\Query\\{closure}()
#5 C:\\projects\\MbukuErp\\vendor\\laravel\\framework\\src\\Illuminate\\Database\\Query\\Builder.php(2901): Illuminate\\Database\\Query\\Builder->onceWithColumns()
#6 C:\\projects\\MbukuErp\\vendor\\laravel\\framework\\src\\Illuminate\\Database\\Eloquent\\Builder.php(739): Illuminate\\Database\\Query\\Builder->get()
#7 C:\\projects\\MbukuErp\\vendor\\laravel\\framework\\src\\Illuminate\\Database\\Eloquent\\Builder.php(723): Illuminate\\Database\\Eloquent\\Builder->getModels()
#8 C:\\projects\\MbukuErp\\app\\Livewire\\AssignExamsSubjectwise.php(118): Illuminate\\Database\\Eloquent\\Builder->get()
#9 C:\\projects\\MbukuErp\\vendor\\laravel\\framework\\src\\Illuminate\\Container\\BoundMethod.php(36): App\\Livewire\\AssignExamsSubjectwise->render()
#10 C:\\projects\\MbukuErp\\vendor\\laravel\\framework\\src\\Illuminate\\Container\\Util.php(41): Illuminate\\Container\\BoundMethod::Illuminate\\Container\\{closure}()
#11 C:\\projects\\MbukuErp\\vendor\\laravel\\framework\\src\\Illuminate\\Container\\BoundMethod.php(93): Illuminate\\Container\\Util::unwrapIfClosure()
#12 C:\\projects\\MbukuErp\\vendor\\laravel\\framework\\src\\Illuminate\\Container\\BoundMethod.php(35): Illuminate\\Container\\BoundMethod::callBoundMethod()
#13 C:\\projects\\MbukuErp\\vendor\\livewire\\livewire\\src\\Wrapped.php(23): Illuminate\\Container\\BoundMethod::call()
#14 C:\\projects\\MbukuErp\\vendor\\livewire\\livewire\\src\\Mechanisms\\HandleComponents\\HandleComponents.php(271): Livewire\\Wrapped->__call()
#15 C:\\projects\\MbukuErp\\vendor\\livewire\\livewire\\src\\Mechanisms\\HandleComponents\\HandleComponents.php(231): Livewire\\Mechanisms\\HandleComponents\\HandleComponents->getView()
#16 C:\\projects\\MbukuErp\\vendor\\livewire\\livewire\\src\\Mechanisms\\HandleComponents\\HandleComponents.php(104): Livewire\\Mechanisms\\HandleComponents\\HandleComponents->render()
#17 C:\\projects\\MbukuErp\\vendor\\livewire\\livewire\\src\\LivewireManager.php(102): Livewire\\Mechanisms\\HandleComponents\\HandleComponents->update()
#18 C:\\projects\\MbukuErp\\vendor\\livewire\\livewire\\src\\Mechanisms\\HandleRequests\\HandleRequests.php(94): Livewire\\LivewireManager->update()
#19 C:\\projects\\MbukuErp\\vendor\\laravel\\framework\\src\\Illuminate\\Routing\\ControllerDispatcher.php(46): Livewire\\Mechanisms\\HandleRequests\\HandleRequests->handleUpdate()
#20 C:\\projects\\MbukuErp\\vendor\\laravel\\framework\\src\\Illuminate\\Routing\\Route.php(259): Illuminate\\Routing\\ControllerDispatcher->dispatch()
#21 C:\\projects\\MbukuErp\\vendor\\laravel\\framework\\src\\Illuminate\\Routing\\Route.php(205): Illuminate\\Routing\\Route->runController()
#22 C:\\projects\\MbukuErp\\vendor\\laravel\\framework\\src\\Illuminate\\Routing\\Router.php(806): Illuminate\\Routing\\Route->run()
#23 C:\\projects\\MbukuErp\\vendor\\laravel\\framework\\src\\Illuminate\\Pipeline\\Pipeline.php(144): Illuminate\\Routing\\Router->Illuminate\\Routing\\{closure}()
#24 C:\\projects\\MbukuErp\\app\\Http\\Middleware\\TrackUserActivity.php(33): Illuminate\\Pipeline\\Pipeline->Illuminate\\Pipeline\\{closure}()
#25 C:\\projects\\MbukuErp\\vendor\\laravel\\framework\\src\\Illuminate\\Pipeline\\Pipeline.php(183): App\\Http\\Middleware\\TrackUserActivity->handle()
#26 C:\\projects\\MbukuErp\\app\\Http\\Middleware\\FixCookieJarMiddleware.php(79): Illuminate\\Pipeline\\Pipeline->Illuminate\\Pipeline\\{closure}()
#27 C:\\projects\\MbukuErp\\vendor\\laravel\\framework\\src\\Illuminate\\Pipeline\\Pipeline.php(183): App\\Http\\Middleware\\FixCookieJarMiddleware->handle()
#28 C:\\projects\\MbukuErp\\app\\Http\\Middleware\\VerifyAndRefreshSession.php(105): Illuminate\\Pipeline\\Pipeline->Illuminate\\Pipeline\\{closure}()
#29 C:\\projects\\MbukuErp\\vendor\\laravel\\framework\\src\\Illuminate\\Pipeline\\Pipeline.php(183): App\\Http\\Middleware\\VerifyAndRefreshSession->handle()
#30 C:\\projects\\MbukuErp\\vendor\\laravel\\framework\\src\\Illuminate\\Routing\\Middleware\\SubstituteBindings.php(50): Illuminate\\Pipeline\\Pipeline->Illuminate\\Pipeline\\{closure}()
#31 C:\\projects\\MbukuErp\\vendor\\laravel\\framework\\src\\Illuminate\\Pipeline\\Pipeline.php(183): Illuminate\\Routing\\Middleware\\SubstituteBindings->handle()
#32 C:\\projects\\MbukuErp\\vendor\\laravel\\framework\\src\\Illuminate\\Foundation\\Http\\Middleware\\VerifyCsrfToken.php(78): Illuminate\\Pipeline\\Pipeline->Illuminate\\Pipeline\\{closure}()
#33 C:\\projects\\MbukuErp\\vendor\\laravel\\framework\\src\\Illuminate\\Pipeline\\Pipeline.php(183): Illuminate\\Foundation\\Http\\Middleware\\VerifyCsrfToken->handle()
#34 C:\\projects\\MbukuErp\\vendor\\laravel\\framework\\src\\Illuminate\\Session\\Middleware\\AuthenticateSession.php(60): Illuminate\\Pipeline\\Pipeline->Illuminate\\Pipeline\\{closure}()
#35 C:\\projects\\MbukuErp\\vendor\\laravel\\framework\\src\\Illuminate\\Pipeline\\Pipeline.php(183): Illuminate\\Session\\Middleware\\AuthenticateSession->handle()
#36 C:\\projects\\MbukuErp\\vendor\\laravel\\framework\\src\\Illuminate\\View\\Middleware\\ShareErrorsFromSession.php(49): Illuminate\\Pipeline\\Pipeline->Illuminate\\Pipeline\\{closure}()
#37 C:\\projects\\MbukuErp\\vendor\\laravel\\framework\\src\\Illuminate\\Pipeline\\Pipeline.php(183): Illuminate\\View\\Middleware\\ShareErrorsFromSession->handle()
#38 C:\\projects\\MbukuErp\\app\\Http\\Middleware\\SessionManager.php(37): Illuminate\\Pipeline\\Pipeline->Illuminate\\Pipeline\\{closure}()
#39 C:\\projects\\MbukuErp\\vendor\\laravel\\framework\\src\\Illuminate\\Pipeline\\Pipeline.php(183): App\\Http\\Middleware\\SessionManager->handle()
#40 C:\\projects\\MbukuErp\\vendor\\laravel\\framework\\src\\Illuminate\\Session\\Middleware\\StartSession.php(121): Illuminate\\Pipeline\\Pipeline->Illuminate\\Pipeline\\{closure}()
#41 C:\\projects\\MbukuErp\\vendor\\laravel\\framework\\src\\Illuminate\\Session\\Middleware\\StartSession.php(64): Illuminate\\Session\\Middleware\\StartSession->handleStatefulRequest()
#42 C:\\projects\\MbukuErp\\vendor\\laravel\\framework\\src\\Illuminate\\Pipeline\\Pipeline.php(183): Illuminate\\Session\\Middleware\\StartSession->handle()
#43 C:\\projects\\MbukuErp\\vendor\\laravel\\framework\\src\\Illuminate\\Cookie\\Middleware\\AddQueuedCookiesToResponse.php(37): Illuminate\\Pipeline\\Pipeline->Illuminate\\Pipeline\\{closure}()
#44 C:\\projects\\MbukuErp\\vendor\\laravel\\framework\\src\\Illuminate\\Pipeline\\Pipeline.php(183): Illuminate\\Cookie\\Middleware\\AddQueuedCookiesToResponse->handle()
#45 C:\\projects\\MbukuErp\\app\\Http\\Middleware\\EnsureAuthWorks.php(24): Illuminate\\Pipeline\\Pipeline->Illuminate\\Pipeline\\{closure}()
#46 C:\\projects\\MbukuErp\\vendor\\laravel\\framework\\src\\Illuminate\\Pipeline\\Pipeline.php(183): App\\Http\\Middleware\\EnsureAuthWorks->handle()
#47 C:\\projects\\MbukuErp\\vendor\\laravel\\framework\\src\\Illuminate\\Cookie\\Middleware\\EncryptCookies.php(67): Illuminate\\Pipeline\\Pipeline->Illuminate\\Pipeline\\{closure}()
#48 C:\\projects\\MbukuErp\\vendor\\laravel\\framework\\src\\Illuminate\\Pipeline\\Pipeline.php(183): Illuminate\\Cookie\\Middleware\\EncryptCookies->handle()
#49 C:\\projects\\MbukuErp\\app\\Http\\Middleware\\EnsureCookieJarExists.php(65): Illuminate\\Pipeline\\Pipeline->Illuminate\\Pipeline\\{closure}()
#50 C:\\projects\\MbukuErp\\vendor\\laravel\\framework\\src\\Illuminate\\Pipeline\\Pipeline.php(183): App\\Http\\Middleware\\EnsureCookieJarExists->handle()
#51 C:\\projects\\MbukuErp\\vendor\\laravel\\framework\\src\\Illuminate\\Pipeline\\Pipeline.php(119): Illuminate\\Pipeline\\Pipeline->Illuminate\\Pipeline\\{closure}()
#52 C:\\projects\\MbukuErp\\vendor\\laravel\\framework\\src\\Illuminate\\Routing\\Router.php(805): Illuminate\\Pipeline\\Pipeline->then()
#53 C:\\projects\\MbukuErp\\vendor\\laravel\\framework\\src\\Illuminate\\Routing\\Router.php(784): Illuminate\\Routing\\Router->runRouteWithinStack()
#54 C:\\projects\\MbukuErp\\vendor\\laravel\\framework\\src\\Illuminate\\Routing\\Router.php(748): Illuminate\\Routing\\Router->runRoute()
#55 C:\\projects\\MbukuErp\\vendor\\laravel\\framework\\src\\Illuminate\\Routing\\Router.php(737): Illuminate\\Routing\\Router->dispatchToRoute()
#56 C:\\projects\\MbukuErp\\vendor\\laravel\\framework\\src\\Illuminate\\Foundation\\Http\\Kernel.php(200): Illuminate\\Routing\\Router->dispatch()
#57 C:\\projects\\MbukuErp\\vendor\\laravel\\framework\\src\\Illuminate\\Pipeline\\Pipeline.php(144): Illuminate\\Foundation\\Http\\Kernel->Illuminate\\Foundation\\Http\\{closure}()
#58 C:\\projects\\MbukuErp\\vendor\\livewire\\livewire\\src\\Features\\SupportDisablingBackButtonCache\\DisableBackButtonCacheMiddleware.php(19): Illuminate\\Pipeline\\Pipeline->Illuminate\\Pipeline\\{closure}()
#59 C:\\projects\\MbukuErp\\vendor\\laravel\\framework\\src\\Illuminate\\Pipeline\\Pipeline.php(183): Livewire\\Features\\SupportDisablingBackButtonCache\\DisableBackButtonCacheMiddleware->handle()
#60 C:\\projects\\MbukuErp\\vendor\\laravel\\framework\\src\\Illuminate\\Foundation\\Http\\Middleware\\ConvertEmptyStringsToNull.php(27): Illuminate\\Pipeline\\Pipeline->Illuminate\\Pipeline\\{closure}()
#61 C:\\projects\\MbukuErp\\vendor\\laravel\\framework\\src\\Illuminate\\Pipeline\\Pipeline.php(183): Illuminate\\Foundation\\Http\\Middleware\\ConvertEmptyStringsToNull->handle()
#62 C:\\projects\\MbukuErp\\vendor\\laravel\\framework\\src\\Illuminate\\Foundation\\Http\\Middleware\\TrimStrings.php(36): Illuminate\\Pipeline\\Pipeline->Illuminate\\Pipeline\\{closure}()
#63 C:\\projects\\MbukuErp\\vendor\\laravel\\framework\\src\\Illuminate\\Pipeline\\Pipeline.php(183): Illuminate\\Foundation\\Http\\Middleware\\TrimStrings->handle()
#64 C:\\projects\\MbukuErp\\vendor\\laravel\\framework\\src\\Illuminate\\Foundation\\Http\\Middleware\\ValidatePostSize.php(27): Illuminate\\Pipeline\\Pipeline->Illuminate\\Pipeline\\{closure}()
#65 C:\\projects\\MbukuErp\\vendor\\laravel\\framework\\src\\Illuminate\\Pipeline\\Pipeline.php(183): Illuminate\\Foundation\\Http\\Middleware\\ValidatePostSize->handle()
#66 C:\\projects\\MbukuErp\\vendor\\laravel\\framework\\src\\Illuminate\\Foundation\\Http\\Middleware\\PreventRequestsDuringMaintenance.php(99): Illuminate\\Pipeline\\Pipeline->Illuminate\\Pipeline\\{closure}()
#67 C:\\projects\\MbukuErp\\vendor\\laravel\\framework\\src\\Illuminate\\Pipeline\\Pipeline.php(183): Illuminate\\Foundation\\Http\\Middleware\\PreventRequestsDuringMaintenance->handle()
#68 C:\\projects\\MbukuErp\\vendor\\laravel\\framework\\src\\Illuminate\\Http\\Middleware\\HandleCors.php(49): Illuminate\\Pipeline\\Pipeline->Illuminate\\Pipeline\\{closure}()
#69 C:\\projects\\MbukuErp\\vendor\\laravel\\framework\\src\\Illuminate\\Pipeline\\Pipeline.php(183): Illuminate\\Http\\Middleware\\HandleCors->handle()
#70 C:\\projects\\MbukuErp\\vendor\\laravel\\framework\\src\\Illuminate\\Http\\Middleware\\TrustProxies.php(39): Illuminate\\Pipeline\\Pipeline->Illuminate\\Pipeline\\{closure}()
#71 C:\\projects\\MbukuErp\\vendor\\laravel\\framework\\src\\Illuminate\\Pipeline\\Pipeline.php(183): Illuminate\\Http\\Middleware\\TrustProxies->handle()
#72 C:\\projects\\MbukuErp\\app\\Http\\Middleware\\EnsureCookieJarExists.php(65): Illuminate\\Pipeline\\Pipeline->Illuminate\\Pipeline\\{closure}()
#73 C:\\projects\\MbukuErp\\vendor\\laravel\\framework\\src\\Illuminate\\Pipeline\\Pipeline.php(183): App\\Http\\Middleware\\EnsureCookieJarExists->handle()
#74 C:\\projects\\MbukuErp\\app\\Http\\Middleware\\DiagnosticMiddleware.php(67): Illuminate\\Pipeline\\Pipeline->Illuminate\\Pipeline\\{closure}()
#75 C:\\projects\\MbukuErp\\vendor\\laravel\\framework\\src\\Illuminate\\Pipeline\\Pipeline.php(183): App\\Http\\Middleware\\DiagnosticMiddleware->handle()
#76 C:\\projects\\MbukuErp\\vendor\\laravel\\framework\\src\\Illuminate\\Pipeline\\Pipeline.php(119): Illuminate\\Pipeline\\Pipeline->Illuminate\\Pipeline\\{closure}()
#77 C:\\projects\\MbukuErp\\vendor\\laravel\\framework\\src\\Illuminate\\Foundation\\Http\\Kernel.php(175): Illuminate\\Pipeline\\Pipeline->then()
#78 C:\\projects\\MbukuErp\\vendor\\laravel\\framework\\src\\Illuminate\\Foundation\\Http\\Kernel.php(144): Illuminate\\Foundation\\Http\\Kernel->sendRequestThroughRouter()
#79 C:\\projects\\MbukuErp\\public\\index.php(54): Illuminate\\Foundation\\Http\\Kernel->handle()
#80 C:\\projects\\MbukuErp\\server.php(21): require_once('...')
#81 {main}

[previous exception] [object] (PDOException(code: 42S22): SQLSTATE[42S22]: Column not found: 1054 Unknown column 'class_id' in 'where clause' at C:\\projects\\MbukuErp\\vendor\\laravel\\framework\\src\\Illuminate\\Database\\Connection.php:423)
[stacktrace]
#0 C:\\projects\\MbukuErp\\vendor\\laravel\\framework\\src\\Illuminate\\Database\\Connection.php(423): PDO->prepare()
#1 C:\\projects\\MbukuErp\\vendor\\laravel\\framework\\src\\Illuminate\\Database\\Connection.php(816): Illuminate\\Database\\Connection->Illuminate\\Database\\{closure}()
#2 C:\\projects\\MbukuErp\\vendor\\laravel\\framework\\src\\Illuminate\\Database\\Connection.php(783): Illuminate\\Database\\Connection->runQueryCallback()
#3 C:\\projects\\MbukuErp\\vendor\\laravel\\framework\\src\\Illuminate\\Database\\Connection.php(414): Illuminate\\Database\\Connection->run()
#4 C:\\projects\\MbukuErp\\vendor\\laravel\\framework\\src\\Illuminate\\Database\\Query\\Builder.php(2913): Illuminate\\Database\\Connection->select()
#5 C:\\projects\\MbukuErp\\vendor\\laravel\\framework\\src\\Illuminate\\Database\\Query\\Builder.php(2902): Illuminate\\Database\\Query\\Builder->runSelect()
#6 C:\\projects\\MbukuErp\\vendor\\laravel\\framework\\src\\Illuminate\\Database\\Query\\Builder.php(3456): Illuminate\\Database\\Query\\Builder->Illuminate\\Database\\Query\\{closure}()
#7 C:\\projects\\MbukuErp\\vendor\\laravel\\framework\\src\\Illuminate\\Database\\Query\\Builder.php(2901): Illuminate\\Database\\Query\\Builder->onceWithColumns()
#8 C:\\projects\\MbukuErp\\vendor\\laravel\\framework\\src\\Illuminate\\Database\\Eloquent\\Builder.php(739): Illuminate\\Database\\Query\\Builder->get()
#9 C:\\projects\\MbukuErp\\vendor\\laravel\\framework\\src\\Illuminate\\Database\\Eloquent\\Builder.php(723): Illuminate\\Database\\Eloquent\\Builder->getModels()
#10 C:\\projects\\MbukuErp\\app\\Livewire\\AssignExamsSubjectwise.php(118): Illuminate\\Database\\Eloquent\\Builder->get()
#11 C:\\projects\\MbukuErp\\vendor\\laravel\\framework\\src\\Illuminate\\Container\\BoundMethod.php(36): App\\Livewire\\AssignExamsSubjectwise->render()
#12 C:\\projects\\MbukuErp\\vendor\\laravel\\framework\\src\\Illuminate\\Container\\Util.php(41): Illuminate\\Container\\BoundMethod::Illuminate\\Container\\{closure}()
#13 C:\\projects\\MbukuErp\\vendor\\laravel\\framework\\src\\Illuminate\\Container\\BoundMethod.php(93): Illuminate\\Container\\Util::unwrapIfClosure()
#14 C:\\projects\\MbukuErp\\vendor\\laravel\\framework\\src\\Illuminate\\Container\\BoundMethod.php(35): Illuminate\\Container\\BoundMethod::callBoundMethod()
#15 C:\\projects\\MbukuErp\\vendor\\livewire\\livewire\\src\\Wrapped.php(23): Illuminate\\Container\\BoundMethod::call()
#16 C:\\projects\\MbukuErp\\vendor\\livewire\\livewire\\src\\Mechanisms\\HandleComponents\\HandleComponents.php(271): Livewire\\Wrapped->__call()
#17 C:\\projects\\MbukuErp\\vendor\\livewire\\livewire\\src\\Mechanisms\\HandleComponents\\HandleComponents.php(231): Livewire\\Mechanisms\\HandleComponents\\HandleComponents->getView()
#18 C:\\projects\\MbukuErp\\vendor\\livewire\\livewire\\src\\Mechanisms\\HandleComponents\\HandleComponents.php(104): Livewire\\Mechanisms\\HandleComponents\\HandleComponents->render()
#19 C:\\projects\\MbukuErp\\vendor\\livewire\\livewire\\src\\LivewireManager.php(102): Livewire\\Mechanisms\\HandleComponents\\HandleComponents->update()
#20 C:\\projects\\MbukuErp\\vendor\\livewire\\livewire\\src\\Mechanisms\\HandleRequests\\HandleRequests.php(94): Livewire\\LivewireManager->update()
#21 C:\\projects\\MbukuErp\\vendor\\laravel\\framework\\src\\Illuminate\\Routing\\ControllerDispatcher.php(46): Livewire\\Mechanisms\\HandleRequests\\HandleRequests->handleUpdate()
#22 C:\\projects\\MbukuErp\\vendor\\laravel\\framework\\src\\Illuminate\\Routing\\Route.php(259): Illuminate\\Routing\\ControllerDispatcher->dispatch()
#23 C:\\projects\\MbukuErp\\vendor\\laravel\\framework\\src\\Illuminate\\Routing\\Route.php(205): Illuminate\\Routing\\Route->runController()
#24 C:\\projects\\MbukuErp\\vendor\\laravel\\framework\\src\\Illuminate\\Routing\\Router.php(806): Illuminate\\Routing\\Route->run()
#25 C:\\projects\\MbukuErp\\vendor\\laravel\\framework\\src\\Illuminate\\Pipeline\\Pipeline.php(144): Illuminate\\Routing\\Router->Illuminate\\Routing\\{closure}()
#26 C:\\projects\\MbukuErp\\app\\Http\\Middleware\\TrackUserActivity.php(33): Illuminate\\Pipeline\\Pipeline->Illuminate\\Pipeline\\{closure}()
#27 C:\\projects\\MbukuErp\\vendor\\laravel\\framework\\src\\Illuminate\\Pipeline\\Pipeline.php(183): App\\Http\\Middleware\\TrackUserActivity->handle()
#28 C:\\projects\\MbukuErp\\app\\Http\\Middleware\\FixCookieJarMiddleware.php(79): Illuminate\\Pipeline\\Pipeline->Illuminate\\Pipeline\\{closure}()
#29 C:\\projects\\MbukuErp\\vendor\\laravel\\framework\\src\\Illuminate\\Pipeline\\Pipeline.php(183): App\\Http\\Middleware\\FixCookieJarMiddleware->handle()
#30 C:\\projects\\MbukuErp\\app\\Http\\Middleware\\VerifyAndRefreshSession.php(105): Illuminate\\Pipeline\\Pipeline->Illuminate\\Pipeline\\{closure}()
#31 C:\\projects\\MbukuErp\\vendor\\laravel\\framework\\src\\Illuminate\\Pipeline\\Pipeline.php(183): App\\Http\\Middleware\\VerifyAndRefreshSession->handle()
#32 C:\\projects\\MbukuErp\\vendor\\laravel\\framework\\src\\Illuminate\\Routing\\Middleware\\SubstituteBindings.php(50): Illuminate\\Pipeline\\Pipeline->Illuminate\\Pipeline\\{closure}()
#33 C:\\projects\\MbukuErp\\vendor\\laravel\\framework\\src\\Illuminate\\Pipeline\\Pipeline.php(183): Illuminate\\Routing\\Middleware\\SubstituteBindings->handle()
#34 C:\\projects\\MbukuErp\\vendor\\laravel\\framework\\src\\Illuminate\\Foundation\\Http\\Middleware\\VerifyCsrfToken.php(78): Illuminate\\Pipeline\\Pipeline->Illuminate\\Pipeline\\{closure}()
#35 C:\\projects\\MbukuErp\\vendor\\laravel\\framework\\src\\Illuminate\\Pipeline\\Pipeline.php(183): Illuminate\\Foundation\\Http\\Middleware\\VerifyCsrfToken->handle()
#36 C:\\projects\\MbukuErp\\vendor\\laravel\\framework\\src\\Illuminate\\Session\\Middleware\\AuthenticateSession.php(60): Illuminate\\Pipeline\\Pipeline->Illuminate\\Pipeline\\{closure}()
#37 C:\\projects\\MbukuErp\\vendor\\laravel\\framework\\src\\Illuminate\\Pipeline\\Pipeline.php(183): Illuminate\\Session\\Middleware\\AuthenticateSession->handle()
#38 C:\\projects\\MbukuErp\\vendor\\laravel\\framework\\src\\Illuminate\\View\\Middleware\\ShareErrorsFromSession.php(49): Illuminate\\Pipeline\\Pipeline->Illuminate\\Pipeline\\{closure}()
#39 C:\\projects\\MbukuErp\\vendor\\laravel\\framework\\src\\Illuminate\\Pipeline\\Pipeline.php(183): Illuminate\\View\\Middleware\\ShareErrorsFromSession->handle()
#40 C:\\projects\\MbukuErp\\app\\Http\\Middleware\\SessionManager.php(37): Illuminate\\Pipeline\\Pipeline->Illuminate\\Pipeline\\{closure}()
#41 C:\\projects\\MbukuErp\\vendor\\laravel\\framework\\src\\Illuminate\\Pipeline\\Pipeline.php(183): App\\Http\\Middleware\\SessionManager->handle()
#42 C:\\projects\\MbukuErp\\vendor\\laravel\\framework\\src\\Illuminate\\Session\\Middleware\\StartSession.php(121): Illuminate\\Pipeline\\Pipeline->Illuminate\\Pipeline\\{closure}()
#43 C:\\projects\\MbukuErp\\vendor\\laravel\\framework\\src\\Illuminate\\Session\\Middleware\\StartSession.php(64): Illuminate\\Session\\Middleware\\StartSession->handleStatefulRequest()
#44 C:\\projects\\MbukuErp\\vendor\\laravel\\framework\\src\\Illuminate\\Pipeline\\Pipeline.php(183): Illuminate\\Session\\Middleware\\StartSession->handle()
#45 C:\\projects\\MbukuErp\\vendor\\laravel\\framework\\src\\Illuminate\\Cookie\\Middleware\\AddQueuedCookiesToResponse.php(37): Illuminate\\Pipeline\\Pipeline->Illuminate\\Pipeline\\{closure}()
#46 C:\\projects\\MbukuErp\\vendor\\laravel\\framework\\src\\Illuminate\\Pipeline\\Pipeline.php(183): Illuminate\\Cookie\\Middleware\\AddQueuedCookiesToResponse->handle()
#47 C:\\projects\\MbukuErp\\app\\Http\\Middleware\\EnsureAuthWorks.php(24): Illuminate\\Pipeline\\Pipeline->Illuminate\\Pipeline\\{closure}()
#48 C:\\projects\\MbukuErp\\vendor\\laravel\\framework\\src\\Illuminate\\Pipeline\\Pipeline.php(183): App\\Http\\Middleware\\EnsureAuthWorks->handle()
#49 C:\\projects\\MbukuErp\\vendor\\laravel\\framework\\src\\Illuminate\\Cookie\\Middleware\\EncryptCookies.php(67): Illuminate\\Pipeline\\Pipeline->Illuminate\\Pipeline\\{closure}()
#50 C:\\projects\\MbukuErp\\vendor\\laravel\\framework\\src\\Illuminate\\Pipeline\\Pipeline.php(183): Illuminate\\Cookie\\Middleware\\EncryptCookies->handle()
#51 C:\\projects\\MbukuErp\\app\\Http\\Middleware\\EnsureCookieJarExists.php(65): Illuminate\\Pipeline\\Pipeline->Illuminate\\Pipeline\\{closure}()
#52 C:\\projects\\MbukuErp\\vendor\\laravel\\framework\\src\\Illuminate\\Pipeline\\Pipeline.php(183): App\\Http\\Middleware\\EnsureCookieJarExists->handle()
#53 C:\\projects\\MbukuErp\\vendor\\laravel\\framework\\src\\Illuminate\\Pipeline\\Pipeline.php(119): Illuminate\\Pipeline\\Pipeline->Illuminate\\Pipeline\\{closure}()
#54 C:\\projects\\MbukuErp\\vendor\\laravel\\framework\\src\\Illuminate\\Routing\\Router.php(805): Illuminate\\Pipeline\\Pipeline->then()
#55 C:\\projects\\MbukuErp\\vendor\\laravel\\framework\\src\\Illuminate\\Routing\\Router.php(784): Illuminate\\Routing\\Router->runRouteWithinStack()
#56 C:\\projects\\MbukuErp\\vendor\\laravel\\framework\\src\\Illuminate\\Routing\\Router.php(748): Illuminate\\Routing\\Router->runRoute()
#57 C:\\projects\\MbukuErp\\vendor\\laravel\\framework\\src\\Illuminate\\Routing\\Router.php(737): Illuminate\\Routing\\Router->dispatchToRoute()
#58 C:\\projects\\MbukuErp\\vendor\\laravel\\framework\\src\\Illuminate\\Foundation\\Http\\Kernel.php(200): Illuminate\\Routing\\Router->dispatch()
#59 C:\\projects\\MbukuErp\\vendor\\laravel\\framework\\src\\Illuminate\\Pipeline\\Pipeline.php(144): Illuminate\\Foundation\\Http\\Kernel->Illuminate\\Foundation\\Http\\{closure}()
#60 C:\\projects\\MbukuErp\\vendor\\livewire\\livewire\\src\\Features\\SupportDisablingBackButtonCache\\DisableBackButtonCacheMiddleware.php(19): Illuminate\\Pipeline\\Pipeline->Illuminate\\Pipeline\\{closure}()
#61 C:\\projects\\MbukuErp\\vendor\\laravel\\framework\\src\\Illuminate\\Pipeline\\Pipeline.php(183): Livewire\\Features\\SupportDisablingBackButtonCache\\DisableBackButtonCacheMiddleware->handle()
#62 C:\\projects\\MbukuErp\\vendor\\laravel\\framework\\src\\Illuminate\\Foundation\\Http\\Middleware\\ConvertEmptyStringsToNull.php(27): Illuminate\\Pipeline\\Pipeline->Illuminate\\Pipeline\\{closure}()
#63 C:\\projects\\MbukuErp\\vendor\\laravel\\framework\\src\\Illuminate\\Pipeline\\Pipeline.php(183): Illuminate\\Foundation\\Http\\Middleware\\ConvertEmptyStringsToNull->handle()
#64 C:\\projects\\MbukuErp\\vendor\\laravel\\framework\\src\\Illuminate\\Foundation\\Http\\Middleware\\TrimStrings.php(36): Illuminate\\Pipeline\\Pipeline->Illuminate\\Pipeline\\{closure}()
#65 C:\\projects\\MbukuErp\\vendor\\laravel\\framework\\src\\Illuminate\\Pipeline\\Pipeline.php(183): Illuminate\\Foundation\\Http\\Middleware\\TrimStrings->handle()
#66 C:\\projects\\MbukuErp\\vendor\\laravel\\framework\\src\\Illuminate\\Foundation\\Http\\Middleware\\ValidatePostSize.php(27): Illuminate\\Pipeline\\Pipeline->Illuminate\\Pipeline\\{closure}()
#67 C:\\projects\\MbukuErp\\vendor\\laravel\\framework\\src\\Illuminate\\Pipeline\\Pipeline.php(183): Illuminate\\Foundation\\Http\\Middleware\\ValidatePostSize->handle()
#68 C:\\projects\\MbukuErp\\vendor\\laravel\\framework\\src\\Illuminate\\Foundation\\Http\\Middleware\\PreventRequestsDuringMaintenance.php(99): Illuminate\\Pipeline\\Pipeline->Illuminate\\Pipeline\\{closure}()
#69 C:\\projects\\MbukuErp\\vendor\\laravel\\framework\\src\\Illuminate\\Pipeline\\Pipeline.php(183): Illuminate\\Foundation\\Http\\Middleware\\PreventRequestsDuringMaintenance->handle()
#70 C:\\projects\\MbukuErp\\vendor\\laravel\\framework\\src\\Illuminate\\Http\\Middleware\\HandleCors.php(49): Illuminate\\Pipeline\\Pipeline->Illuminate\\Pipeline\\{closure}()
#71 C:\\projects\\MbukuErp\\vendor\\laravel\\framework\\src\\Illuminate\\Pipeline\\Pipeline.php(183): Illuminate\\Http\\Middleware\\HandleCors->handle()
#72 C:\\projects\\MbukuErp\\vendor\\laravel\\framework\\src\\Illuminate\\Http\\Middleware\\TrustProxies.php(39): Illuminate\\Pipeline\\Pipeline->Illuminate\\Pipeline\\{closure}()
#73 C:\\projects\\MbukuErp\\vendor\\laravel\\framework\\src\\Illuminate\\Pipeline\\Pipeline.php(183): Illuminate\\Http\\Middleware\\TrustProxies->handle()
#74 C:\\projects\\MbukuErp\\app\\Http\\Middleware\\EnsureCookieJarExists.php(65): Illuminate\\Pipeline\\Pipeline->Illuminate\\Pipeline\\{closure}()
#75 C:\\projects\\MbukuErp\\vendor\\laravel\\framework\\src\\Illuminate\\Pipeline\\Pipeline.php(183): App\\Http\\Middleware\\EnsureCookieJarExists->handle()
#76 C:\\projects\\MbukuErp\\app\\Http\\Middleware\\DiagnosticMiddleware.php(67): Illuminate\\Pipeline\\Pipeline->Illuminate\\Pipeline\\{closure}()
#77 C:\\projects\\MbukuErp\\vendor\\laravel\\framework\\src\\Illuminate\\Pipeline\\Pipeline.php(183): App\\Http\\Middleware\\DiagnosticMiddleware->handle()
#78 C:\\projects\\MbukuErp\\vendor\\laravel\\framework\\src\\Illuminate\\Pipeline\\Pipeline.php(119): Illuminate\\Pipeline\\Pipeline->Illuminate\\Pipeline\\{closure}()
#79 C:\\projects\\MbukuErp\\vendor\\laravel\\framework\\src\\Illuminate\\Foundation\\Http\\Kernel.php(175): Illuminate\\Pipeline\\Pipeline->then()
#80 C:\\projects\\MbukuErp\\vendor\\laravel\\framework\\src\\Illuminate\\Foundation\\Http\\Kernel.php(144): Illuminate\\Foundation\\Http\\Kernel->sendRequestThroughRouter()
#81 C:\\projects\\MbukuErp\\public\\index.php(54): Illuminate\\Foundation\\Http\\Kernel->handle()
#82 C:\\projects\\MbukuErp\\server.php(21): require_once('...')
#83 {main}
"} 
[2025-04-03 10:30:21] local.INFO: Unread Count: {"unreadCount":0} 
[2025-04-03 10:30:26] local.INFO: Unread Count: {"unreadCount":0} 
[2025-04-03 10:31:02] local.INFO: Unread Count: {"unreadCount":0} 
[2025-04-03 10:31:11] local.INFO: Unread Count: {"unreadCount":0} 
[2025-04-03 10:31:16] local.INFO: Unread Count: {"unreadCount":0} 
[2025-04-03 10:31:21] local.INFO: Unread Count: {"unreadCount":0} 
[2025-04-03 10:31:26] local.INFO: Unread Count: {"unreadCount":0} 
[2025-04-03 10:31:34] local.INFO: Unread Count: {"unreadCount":0} 
[2025-04-03 10:31:39] local.INFO: Unread Count: {"unreadCount":0} 
[2025-04-03 10:31:40] local.INFO: Unread Count: {"unreadCount":0} 
[2025-04-03 10:31:42] local.INFO: ExamManagementComponent rendering {"activeTab":"exams","isCreating":false,"isEditing":false,"showExamDetails":false,"examCount":0} 
[2025-04-03 10:31:44] local.INFO: Unread Count: {"unreadCount":0} 
[2025-04-03 10:31:46] local.INFO: ExamManagementComponent rendering {"activeTab":"exams","isCreating":false,"isEditing":false,"showExamDetails":false,"examCount":0} 
[2025-04-03 10:31:50] local.INFO: Unread Count: {"unreadCount":0} 
[2025-04-03 10:32:12] local.INFO: Unread Count: {"unreadCount":0} 
[2025-04-03 10:32:18] local.INFO: Unread Count: {"unreadCount":0} 
[2025-04-03 10:32:18] local.INFO: ExamManagementComponent rendering {"activeTab":"exams","isCreating":false,"isEditing":false,"showExamDetails":false,"examCount":0} 
[2025-04-03 10:32:22] local.INFO: Unread Count: {"unreadCount":0} 
[2025-04-03 10:32:24] local.INFO: ExamManagementComponent rendering {"activeTab":"exams","isCreating":false,"isEditing":false,"showExamDetails":false,"examCount":0} 
[2025-04-03 10:32:29] local.INFO: Unread Count: {"unreadCount":0} 
[2025-04-03 10:32:34] local.INFO: Unread Count: {"unreadCount":0} 
[2025-04-03 10:32:50] local.INFO: Unread Count: {"unreadCount":0} 
[2025-04-03 10:33:52] local.INFO: Unread Count: {"unreadCount":0} 
[2025-04-03 10:33:52] local.INFO: Unread Count: {"unreadCount":0} 
[2025-04-03 10:33:53] local.INFO: ExamManagementComponent rendering {"activeTab":"exams","isCreating":false,"isEditing":false,"showExamDetails":false,"examCount":0} 
[2025-04-03 10:33:55] local.INFO: Unread Count: {"unreadCount":0} 
[2025-04-03 10:33:56] local.INFO: ExamManagementComponent rendering {"activeTab":"exams","isCreating":false,"isEditing":false,"showExamDetails":false,"examCount":0} 
[2025-04-03 10:33:57] local.INFO: Unread Count: {"unreadCount":0} 
[2025-04-03 10:33:58] local.INFO: ExamManagementComponent rendering {"activeTab":"exams","isCreating":false,"isEditing":false,"showExamDetails":false,"examCount":0} 
[2025-04-03 10:34:00] local.INFO: Unread Count: {"unreadCount":0} 
[2025-04-03 10:34:07] local.INFO: Unread Count: {"unreadCount":0} 
[2025-04-03 10:34:07] local.INFO: ExamManagementComponent rendering {"activeTab":"exams","isCreating":false,"isEditing":false,"showExamDetails":false,"examCount":0} 
[2025-04-03 10:34:11] local.INFO: Unread Count: {"unreadCount":0} 
[2025-04-03 10:34:16] local.INFO: Unread Count: {"unreadCount":0} 
[2025-04-03 10:35:49] local.INFO: Unread Count: {"unreadCount":0} 
[2025-04-03 10:35:59] local.INFO: Unread Count: {"unreadCount":0} 
[2025-04-03 10:36:04] local.INFO: Unread Count: {"unreadCount":0} 
[2025-04-03 10:36:09] local.INFO: Unread Count: {"unreadCount":0} 
[2025-04-03 10:36:51] local.INFO: Unread Count: {"unreadCount":0} 
[2025-04-03 10:36:58] local.INFO: Unread Count: {"unreadCount":0} 
[2025-04-03 10:37:07] local.INFO: Unread Count: {"unreadCount":0} 
[2025-04-03 10:37:12] local.INFO: Unread Count: {"unreadCount":0} 
[2025-04-03 10:37:17] local.INFO: Unread Count: {"unreadCount":0} 
[2025-04-03 10:37:17] local.INFO: ExamManagementComponent rendering {"activeTab":"exams","isCreating":false,"isEditing":false,"showExamDetails":false,"examCount":0} 
[2025-04-03 10:37:25] local.INFO: Unread Count: {"unreadCount":0} 
[2025-04-03 10:37:34] local.INFO: Unread Count: {"unreadCount":0} 
[2025-04-03 10:37:35] local.INFO: ExamManagementComponent rendering {"activeTab":"exams","isCreating":false,"isEditing":false,"showExamDetails":false,"examCount":0} 
[2025-04-03 10:37:44] local.INFO: Unread Count: {"unreadCount":0} 
[2025-04-03 10:37:52] local.INFO: Unread Count: {"unreadCount":0} 
[2025-04-03 10:37:57] local.INFO: Unread Count: {"unreadCount":0} 
[2025-04-03 10:38:02] local.INFO: Unread Count: {"unreadCount":0} 
[2025-04-03 10:38:07] local.INFO: Unread Count: {"unreadCount":0} 
[2025-04-03 10:38:12] local.INFO: Unread Count: {"unreadCount":0} 
[2025-04-03 10:38:17] local.INFO: Unread Count: {"unreadCount":0} 
[2025-04-03 10:38:22] local.INFO: Unread Count: {"unreadCount":0} 
[2025-04-03 10:38:27] local.INFO: Unread Count: {"unreadCount":0} 
[2025-04-03 10:38:32] local.INFO: Unread Count: {"unreadCount":0} 
[2025-04-03 10:38:37] local.INFO: Unread Count: {"unreadCount":0} 
[2025-04-03 10:39:48] local.INFO: Unread Count: {"unreadCount":0} 
[2025-04-03 10:39:48] local.INFO: Unread Count: {"unreadCount":0} 
[2025-04-03 10:39:48] local.INFO: ExamManagementComponent rendering {"activeTab":"exams","isCreating":false,"isEditing":false,"showExamDetails":false,"examCount":0} 
[2025-04-03 10:39:50] local.INFO: Unread Count: {"unreadCount":0} 
[2025-04-03 10:39:51] local.INFO: Unread Count: {"unreadCount":0} 
[2025-04-03 10:39:52] local.INFO: ExamManagementComponent rendering {"activeTab":"exams","isCreating":false,"isEditing":false,"showExamDetails":false,"examCount":0} 
[2025-04-03 10:39:57] local.INFO: Unread Count: {"unreadCount":0} 
[2025-04-03 10:40:09] local.INFO: Unread Count: {"unreadCount":0} 
[2025-04-03 10:41:47] local.INFO: Unread Count: {"unreadCount":0} 
[2025-04-03 10:41:56] local.INFO: Unread Count: {"unreadCount":0} 
[2025-04-03 10:42:01] local.INFO: Unread Count: {"unreadCount":0} 
[2025-04-03 10:42:06] local.INFO: Unread Count: {"unreadCount":0} 
[2025-04-03 10:42:30] local.INFO: Unread Count: {"unreadCount":0} 
[2025-04-03 10:42:34] local.INFO: Unread Count: {"unreadCount":0} 
[2025-04-03 10:42:35] local.INFO: ExamManagementComponent rendering {"activeTab":"exams","isCreating":false,"isEditing":false,"showExamDetails":false,"examCount":0} 
[2025-04-03 10:42:41] local.INFO: Unread Count: {"unreadCount":0} 
[2025-04-03 10:42:57] local.INFO: Unread Count: {"unreadCount":0} 
[2025-04-03 10:43:06] local.INFO: Unread Count: {"unreadCount":0} 
[2025-04-03 10:43:06] local.INFO: Unread Count: {"unreadCount":0} 
[2025-04-03 10:43:10] local.INFO: Unread Count: {"unreadCount":0} 
[2025-04-03 10:43:15] local.INFO: ExamManagementComponent rendering {"activeTab":"exams","isCreating":false,"isEditing":false,"showExamDetails":false,"examCount":0} 
[2025-04-03 10:43:16] local.INFO: Unread Count: {"unreadCount":0} 
[2025-04-03 10:43:16] local.INFO: Unread Count: {"unreadCount":0} 
[2025-04-03 10:43:17] local.INFO: ExamManagementComponent rendering {"activeTab":"exams","isCreating":false,"isEditing":false,"showExamDetails":false,"examCount":0} 
[2025-04-03 10:43:39] local.INFO: Unread Count: {"unreadCount":0} 
[2025-04-03 10:44:02] local.INFO: Unread Count: {"unreadCount":0} 
[2025-04-03 10:44:36] local.INFO: Unread Count: {"unreadCount":0} 
[2025-04-03 10:44:45] local.INFO: Unread Count: {"unreadCount":0} 
[2025-04-03 10:44:50] local.INFO: Unread Count: {"unreadCount":0} 
[2025-04-03 10:44:55] local.INFO: Unread Count: {"unreadCount":0} 
[2025-04-03 10:45:00] local.INFO: Unread Count: {"unreadCount":0} 
[2025-04-03 10:45:33] local.INFO: Unread Count: {"unreadCount":0} 
[2025-04-03 10:45:41] local.INFO: Unread Count: {"unreadCount":0} 
[2025-04-03 10:45:46] local.INFO: Unread Count: {"unreadCount":0} 
[2025-04-03 10:45:51] local.INFO: Unread Count: {"unreadCount":0} 
[2025-04-03 10:45:52] local.INFO: Unread Count: {"unreadCount":0} 
[2025-04-03 10:45:55] local.INFO: ExamManagementComponent rendering {"activeTab":"exams","isCreating":false,"isEditing":false,"showExamDetails":false,"examCount":0} 
[2025-04-03 10:45:58] local.INFO: Unread Count: {"unreadCount":0} 
[2025-04-03 10:46:03] local.INFO: Unread Count: {"unreadCount":0} 
[2025-04-03 10:46:03] local.INFO: Unread Count: {"unreadCount":0} 
[2025-04-03 10:46:04] local.INFO: ExamManagementComponent rendering {"activeTab":"exams","isCreating":false,"isEditing":false,"showExamDetails":false,"examCount":0} 
[2025-04-03 10:46:05] local.INFO: Unread Count: {"unreadCount":0} 
[2025-04-03 10:46:06] local.INFO: ExamManagementComponent rendering {"activeTab":"exams","isCreating":false,"isEditing":false,"showExamDetails":false,"examCount":0} 
[2025-04-03 10:46:09] local.INFO: ExamManagementComponent rendering {"activeTab":"grading","isCreating":false,"isEditing":false,"showExamDetails":false,"examCount":0} 
[2025-04-03 10:46:11] local.INFO: Unread Count: {"unreadCount":0} 
[2025-04-03 10:46:15] local.INFO: ExamManagementComponent rendering {"activeTab":"grading","isCreating":false,"isEditing":false,"showExamDetails":false,"examCount":0} 
[2025-04-03 10:46:16] local.INFO: Unread Count: {"unreadCount":0} 
[2025-04-03 10:46:17] local.INFO: ExamManagementComponent rendering {"activeTab":"grading","isCreating":false,"isEditing":false,"showExamDetails":false,"examCount":0} 
[2025-04-03 10:46:19] local.INFO: ExamManagementComponent rendering {"activeTab":"grading","isCreating":false,"isEditing":false,"showExamDetails":false,"examCount":0} 
[2025-04-03 10:46:21] local.INFO: Unread Count: {"unreadCount":0} 
[2025-04-03 10:46:22] local.INFO: ExamManagementComponent rendering {"activeTab":"grading","isCreating":false,"isEditing":false,"showExamDetails":false,"examCount":0} 
[2025-04-03 10:46:23] local.INFO: ExamManagementComponent rendering {"activeTab":"grading","isCreating":false,"isEditing":false,"showExamDetails":false,"examCount":0} 
[2025-04-03 10:46:26] local.INFO: Unread Count: {"unreadCount":0} 
[2025-04-03 10:46:31] local.INFO: Unread Count: {"unreadCount":0} 
[2025-04-03 10:46:33] local.INFO: Unread Count: {"unreadCount":0} 
[2025-04-03 10:46:35] local.INFO: ExamManagementComponent rendering {"activeTab":"exams","isCreating":false,"isEditing":false,"showExamDetails":false,"examCount":0} 
[2025-04-03 10:46:47] local.INFO: Unread Count: {"unreadCount":0} 
[2025-04-03 10:46:50] local.INFO: Unread Count: {"unreadCount":0} 
[2025-04-03 10:46:51] local.INFO: Create method called, isCreating set to: true  
[2025-04-03 10:46:51] local.INFO: ExamManagementComponent rendering {"activeTab":"exams","isCreating":true,"isEditing":false,"showExamDetails":false,"examCount":0} 
[2025-04-03 10:46:54] local.INFO: Create method called, isCreating set to: true  
[2025-04-03 10:46:54] local.INFO: ExamManagementComponent rendering {"activeTab":"exams","isCreating":true,"isEditing":false,"showExamDetails":false,"examCount":0} 
[2025-04-03 10:46:55] local.INFO: Unread Count: {"unreadCount":0} 
[2025-04-03 10:46:56] local.INFO: Unread Count: {"unreadCount":0} 
[2025-04-03 10:46:56] local.INFO: Unread Count: {"unreadCount":0} 
[2025-04-03 10:46:57] local.INFO: ExamManagementComponent rendering {"activeTab":"exams","isCreating":false,"isEditing":false,"showExamDetails":false,"examCount":0} 
[2025-04-03 10:47:02] local.INFO: Unread Count: {"unreadCount":0} 
[2025-04-03 10:47:02] local.ERROR: syntax error, unexpected single-quoted string "isEditing", expecting "]" {"view":{"view":"C:\\projects\\MbukuErp\\resources\\views\\pages\\support_team\\exams\\set.blade.php","data":[]},"userId":1,"exception":"[object] (Spatie\\LaravelIgnition\\Exceptions\\ViewException(code: 0): syntax error, unexpected single-quoted string \"isEditing\", expecting \"]\" at C:\\projects\\MbukuErp\\app\\Livewire\\ExamManagementComponent.php:254)
[stacktrace]
#0 C:\\projects\\MbukuErp\\vendor\\composer\\ClassLoader.php(427): Composer\\Autoload\\{closure}()
#1 [internal function]: Composer\\Autoload\\ClassLoader->loadClass()
#2 C:\\projects\\MbukuErp\\vendor\\livewire\\livewire\\src\\Mechanisms\\ComponentRegistry.php(97): class_exists()
#3 C:\\projects\\MbukuErp\\vendor\\livewire\\livewire\\src\\Mechanisms\\ComponentRegistry.php(25): Livewire\\Mechanisms\\ComponentRegistry->getNameAndClass()
#4 C:\\projects\\MbukuErp\\vendor\\livewire\\livewire\\src\\LivewireManager.php(58): Livewire\\Mechanisms\\ComponentRegistry->new()
#5 C:\\projects\\MbukuErp\\vendor\\livewire\\livewire\\src\\Mechanisms\\HandleComponents\\HandleComponents.php(43): Livewire\\LivewireManager->new()
#6 C:\\projects\\MbukuErp\\vendor\\livewire\\livewire\\src\\LivewireManager.php(73): Livewire\\Mechanisms\\HandleComponents\\HandleComponents->mount()
#7 C:\\projects\\MbukuErp\\resources\\views\\pages\\support_team\\exams\\set.blade.php(5): Livewire\\LivewireManager->mount()
#8 C:\\projects\\MbukuErp\\vendor\\laravel\\framework\\src\\Illuminate\\Filesystem\\Filesystem.php(123): require('...')
#9 C:\\projects\\MbukuErp\\vendor\\laravel\\framework\\src\\Illuminate\\Filesystem\\Filesystem.php(124): Illuminate\\Filesystem\\Filesystem::Illuminate\\Filesystem\\{closure}()
#10 C:\\projects\\MbukuErp\\vendor\\laravel\\framework\\src\\Illuminate\\View\\Engines\\PhpEngine.php(58): Illuminate\\Filesystem\\Filesystem->getRequire()
#11 C:\\projects\\MbukuErp\\vendor\\livewire\\livewire\\src\\Mechanisms\\ExtendBlade\\ExtendedCompilerEngine.php(22): Illuminate\\View\\Engines\\PhpEngine->evaluatePath()
#12 C:\\projects\\MbukuErp\\vendor\\laravel\\framework\\src\\Illuminate\\View\\Engines\\CompilerEngine.php(72): Livewire\\Mechanisms\\ExtendBlade\\ExtendedCompilerEngine->evaluatePath()
#13 C:\\projects\\MbukuErp\\vendor\\livewire\\livewire\\src\\Mechanisms\\ExtendBlade\\ExtendedCompilerEngine.php(10): Illuminate\\View\\Engines\\CompilerEngine->get()
#14 C:\\projects\\MbukuErp\\vendor\\laravel\\framework\\src\\Illuminate\\View\\View.php(207): Livewire\\Mechanisms\\ExtendBlade\\ExtendedCompilerEngine->get()
#15 C:\\projects\\MbukuErp\\vendor\\laravel\\framework\\src\\Illuminate\\View\\View.php(190): Illuminate\\View\\View->getContents()
#16 C:\\projects\\MbukuErp\\vendor\\laravel\\framework\\src\\Illuminate\\View\\View.php(159): Illuminate\\View\\View->renderContents()
#17 C:\\projects\\MbukuErp\\vendor\\laravel\\framework\\src\\Illuminate\\Http\\Response.php(69): Illuminate\\View\\View->render()
#18 C:\\projects\\MbukuErp\\vendor\\laravel\\framework\\src\\Illuminate\\Http\\Response.php(35): Illuminate\\Http\\Response->setContent()
#19 C:\\projects\\MbukuErp\\vendor\\laravel\\framework\\src\\Illuminate\\Routing\\Router.php(918): Illuminate\\Http\\Response->__construct()
#20 C:\\projects\\MbukuErp\\vendor\\laravel\\framework\\src\\Illuminate\\Routing\\Router.php(885): Illuminate\\Routing\\Router::toResponse()
#21 C:\\projects\\MbukuErp\\vendor\\laravel\\framework\\src\\Illuminate\\Routing\\Router.php(805): Illuminate\\Routing\\Router->prepareResponse()
#22 C:\\projects\\MbukuErp\\vendor\\laravel\\framework\\src\\Illuminate\\Pipeline\\Pipeline.php(144): Illuminate\\Routing\\Router->Illuminate\\Routing\\{closure}()
#23 C:\\projects\\MbukuErp\\app\\Http\\Middleware\\Custom\\TeamSAT.php(21): Illuminate\\Pipeline\\Pipeline->Illuminate\\Pipeline\\{closure}()
#24 C:\\projects\\MbukuErp\\vendor\\laravel\\framework\\src\\Illuminate\\Pipeline\\Pipeline.php(183): App\\Http\\Middleware\\Custom\\TeamSAT->handle()
#25 C:\\projects\\MbukuErp\\app\\Http\\Middleware\\TrackUserActivity.php(33): Illuminate\\Pipeline\\Pipeline->Illuminate\\Pipeline\\{closure}()
#26 C:\\projects\\MbukuErp\\vendor\\laravel\\framework\\src\\Illuminate\\Pipeline\\Pipeline.php(183): App\\Http\\Middleware\\TrackUserActivity->handle()
#27 C:\\projects\\MbukuErp\\app\\Http\\Middleware\\FixCookieJarMiddleware.php(79): Illuminate\\Pipeline\\Pipeline->Illuminate\\Pipeline\\{closure}()
#28 C:\\projects\\MbukuErp\\vendor\\laravel\\framework\\src\\Illuminate\\Pipeline\\Pipeline.php(183): App\\Http\\Middleware\\FixCookieJarMiddleware->handle()
#29 C:\\projects\\MbukuErp\\app\\Http\\Middleware\\VerifyAndRefreshSession.php(105): Illuminate\\Pipeline\\Pipeline->Illuminate\\Pipeline\\{closure}()
#30 C:\\projects\\MbukuErp\\vendor\\laravel\\framework\\src\\Illuminate\\Pipeline\\Pipeline.php(183): App\\Http\\Middleware\\VerifyAndRefreshSession->handle()
#31 C:\\projects\\MbukuErp\\vendor\\laravel\\framework\\src\\Illuminate\\Routing\\Middleware\\SubstituteBindings.php(50): Illuminate\\Pipeline\\Pipeline->Illuminate\\Pipeline\\{closure}()
#32 C:\\projects\\MbukuErp\\vendor\\laravel\\framework\\src\\Illuminate\\Pipeline\\Pipeline.php(183): Illuminate\\Routing\\Middleware\\SubstituteBindings->handle()
#33 C:\\projects\\MbukuErp\\vendor\\laravel\\framework\\src\\Illuminate\\Foundation\\Http\\Middleware\\VerifyCsrfToken.php(78): Illuminate\\Pipeline\\Pipeline->Illuminate\\Pipeline\\{closure}()
#34 C:\\projects\\MbukuErp\\vendor\\laravel\\framework\\src\\Illuminate\\Pipeline\\Pipeline.php(183): Illuminate\\Foundation\\Http\\Middleware\\VerifyCsrfToken->handle()
#35 C:\\projects\\MbukuErp\\vendor\\laravel\\framework\\src\\Illuminate\\Session\\Middleware\\AuthenticateSession.php(60): Illuminate\\Pipeline\\Pipeline->Illuminate\\Pipeline\\{closure}()
#36 C:\\projects\\MbukuErp\\vendor\\laravel\\framework\\src\\Illuminate\\Pipeline\\Pipeline.php(183): Illuminate\\Session\\Middleware\\AuthenticateSession->handle()
#37 C:\\projects\\MbukuErp\\vendor\\laravel\\framework\\src\\Illuminate\\Auth\\Middleware\\Authenticate.php(57): Illuminate\\Pipeline\\Pipeline->Illuminate\\Pipeline\\{closure}()
#38 C:\\projects\\MbukuErp\\vendor\\laravel\\framework\\src\\Illuminate\\Pipeline\\Pipeline.php(183): Illuminate\\Auth\\Middleware\\Authenticate->handle()
#39 C:\\projects\\MbukuErp\\vendor\\laravel\\framework\\src\\Illuminate\\View\\Middleware\\ShareErrorsFromSession.php(49): Illuminate\\Pipeline\\Pipeline->Illuminate\\Pipeline\\{closure}()
#40 C:\\projects\\MbukuErp\\vendor\\laravel\\framework\\src\\Illuminate\\Pipeline\\Pipeline.php(183): Illuminate\\View\\Middleware\\ShareErrorsFromSession->handle()
#41 C:\\projects\\MbukuErp\\app\\Http\\Middleware\\SessionManager.php(37): Illuminate\\Pipeline\\Pipeline->Illuminate\\Pipeline\\{closure}()
#42 C:\\projects\\MbukuErp\\vendor\\laravel\\framework\\src\\Illuminate\\Pipeline\\Pipeline.php(183): App\\Http\\Middleware\\SessionManager->handle()
#43 C:\\projects\\MbukuErp\\vendor\\laravel\\framework\\src\\Illuminate\\Session\\Middleware\\StartSession.php(121): Illuminate\\Pipeline\\Pipeline->Illuminate\\Pipeline\\{closure}()
#44 C:\\projects\\MbukuErp\\vendor\\laravel\\framework\\src\\Illuminate\\Session\\Middleware\\StartSession.php(64): Illuminate\\Session\\Middleware\\StartSession->handleStatefulRequest()
#45 C:\\projects\\MbukuErp\\vendor\\laravel\\framework\\src\\Illuminate\\Pipeline\\Pipeline.php(183): Illuminate\\Session\\Middleware\\StartSession->handle()
#46 C:\\projects\\MbukuErp\\vendor\\laravel\\framework\\src\\Illuminate\\Cookie\\Middleware\\AddQueuedCookiesToResponse.php(37): Illuminate\\Pipeline\\Pipeline->Illuminate\\Pipeline\\{closure}()
#47 C:\\projects\\MbukuErp\\vendor\\laravel\\framework\\src\\Illuminate\\Pipeline\\Pipeline.php(183): Illuminate\\Cookie\\Middleware\\AddQueuedCookiesToResponse->handle()
#48 C:\\projects\\MbukuErp\\app\\Http\\Middleware\\EnsureAuthWorks.php(24): Illuminate\\Pipeline\\Pipeline->Illuminate\\Pipeline\\{closure}()
#49 C:\\projects\\MbukuErp\\vendor\\laravel\\framework\\src\\Illuminate\\Pipeline\\Pipeline.php(183): App\\Http\\Middleware\\EnsureAuthWorks->handle()
#50 C:\\projects\\MbukuErp\\vendor\\laravel\\framework\\src\\Illuminate\\Cookie\\Middleware\\EncryptCookies.php(67): Illuminate\\Pipeline\\Pipeline->Illuminate\\Pipeline\\{closure}()
#51 C:\\projects\\MbukuErp\\vendor\\laravel\\framework\\src\\Illuminate\\Pipeline\\Pipeline.php(183): Illuminate\\Cookie\\Middleware\\EncryptCookies->handle()
#52 C:\\projects\\MbukuErp\\app\\Http\\Middleware\\EnsureCookieJarExists.php(65): Illuminate\\Pipeline\\Pipeline->Illuminate\\Pipeline\\{closure}()
#53 C:\\projects\\MbukuErp\\vendor\\laravel\\framework\\src\\Illuminate\\Pipeline\\Pipeline.php(183): App\\Http\\Middleware\\EnsureCookieJarExists->handle()
#54 C:\\projects\\MbukuErp\\vendor\\laravel\\framework\\src\\Illuminate\\Pipeline\\Pipeline.php(119): Illuminate\\Pipeline\\Pipeline->Illuminate\\Pipeline\\{closure}()
#55 C:\\projects\\MbukuErp\\vendor\\laravel\\framework\\src\\Illuminate\\Routing\\Router.php(805): Illuminate\\Pipeline\\Pipeline->then()
#56 C:\\projects\\MbukuErp\\vendor\\laravel\\framework\\src\\Illuminate\\Routing\\Router.php(784): Illuminate\\Routing\\Router->runRouteWithinStack()
#57 C:\\projects\\MbukuErp\\vendor\\laravel\\framework\\src\\Illuminate\\Routing\\Router.php(748): Illuminate\\Routing\\Router->runRoute()
#58 C:\\projects\\MbukuErp\\vendor\\laravel\\framework\\src\\Illuminate\\Routing\\Router.php(737): Illuminate\\Routing\\Router->dispatchToRoute()
#59 C:\\projects\\MbukuErp\\vendor\\laravel\\framework\\src\\Illuminate\\Foundation\\Http\\Kernel.php(200): Illuminate\\Routing\\Router->dispatch()
#60 C:\\projects\\MbukuErp\\vendor\\laravel\\framework\\src\\Illuminate\\Pipeline\\Pipeline.php(144): Illuminate\\Foundation\\Http\\Kernel->Illuminate\\Foundation\\Http\\{closure}()
#61 C:\\projects\\MbukuErp\\vendor\\livewire\\livewire\\src\\Features\\SupportDisablingBackButtonCache\\DisableBackButtonCacheMiddleware.php(19): Illuminate\\Pipeline\\Pipeline->Illuminate\\Pipeline\\{closure}()
#62 C:\\projects\\MbukuErp\\vendor\\laravel\\framework\\src\\Illuminate\\Pipeline\\Pipeline.php(183): Livewire\\Features\\SupportDisablingBackButtonCache\\DisableBackButtonCacheMiddleware->handle()
#63 C:\\projects\\MbukuErp\\vendor\\laravel\\framework\\src\\Illuminate\\Foundation\\Http\\Middleware\\TransformsRequest.php(21): Illuminate\\Pipeline\\Pipeline->Illuminate\\Pipeline\\{closure}()
#64 C:\\projects\\MbukuErp\\vendor\\laravel\\framework\\src\\Illuminate\\Foundation\\Http\\Middleware\\ConvertEmptyStringsToNull.php(31): Illuminate\\Foundation\\Http\\Middleware\\TransformsRequest->handle()
#65 C:\\projects\\MbukuErp\\vendor\\laravel\\framework\\src\\Illuminate\\Pipeline\\Pipeline.php(183): Illuminate\\Foundation\\Http\\Middleware\\ConvertEmptyStringsToNull->handle()
#66 C:\\projects\\MbukuErp\\vendor\\laravel\\framework\\src\\Illuminate\\Foundation\\Http\\Middleware\\TransformsRequest.php(21): Illuminate\\Pipeline\\Pipeline->Illuminate\\Pipeline\\{closure}()
#67 C:\\projects\\MbukuErp\\vendor\\laravel\\framework\\src\\Illuminate\\Foundation\\Http\\Middleware\\TrimStrings.php(40): Illuminate\\Foundation\\Http\\Middleware\\TransformsRequest->handle()
#68 C:\\projects\\MbukuErp\\vendor\\laravel\\framework\\src\\Illuminate\\Pipeline\\Pipeline.php(183): Illuminate\\Foundation\\Http\\Middleware\\TrimStrings->handle()
#69 C:\\projects\\MbukuErp\\vendor\\laravel\\framework\\src\\Illuminate\\Foundation\\Http\\Middleware\\ValidatePostSize.php(27): Illuminate\\Pipeline\\Pipeline->Illuminate\\Pipeline\\{closure}()
#70 C:\\projects\\MbukuErp\\vendor\\laravel\\framework\\src\\Illuminate\\Pipeline\\Pipeline.php(183): Illuminate\\Foundation\\Http\\Middleware\\ValidatePostSize->handle()
#71 C:\\projects\\MbukuErp\\vendor\\laravel\\framework\\src\\Illuminate\\Foundation\\Http\\Middleware\\PreventRequestsDuringMaintenance.php(99): Illuminate\\Pipeline\\Pipeline->Illuminate\\Pipeline\\{closure}()
#72 C:\\projects\\MbukuErp\\vendor\\laravel\\framework\\src\\Illuminate\\Pipeline\\Pipeline.php(183): Illuminate\\Foundation\\Http\\Middleware\\PreventRequestsDuringMaintenance->handle()
#73 C:\\projects\\MbukuErp\\vendor\\laravel\\framework\\src\\Illuminate\\Http\\Middleware\\HandleCors.php(49): Illuminate\\Pipeline\\Pipeline->Illuminate\\Pipeline\\{closure}()
#74 C:\\projects\\MbukuErp\\vendor\\laravel\\framework\\src\\Illuminate\\Pipeline\\Pipeline.php(183): Illuminate\\Http\\Middleware\\HandleCors->handle()
#75 C:\\projects\\MbukuErp\\vendor\\laravel\\framework\\src\\Illuminate\\Http\\Middleware\\TrustProxies.php(39): Illuminate\\Pipeline\\Pipeline->Illuminate\\Pipeline\\{closure}()
#76 C:\\projects\\MbukuErp\\vendor\\laravel\\framework\\src\\Illuminate\\Pipeline\\Pipeline.php(183): Illuminate\\Http\\Middleware\\TrustProxies->handle()
#77 C:\\projects\\MbukuErp\\app\\Http\\Middleware\\EnsureCookieJarExists.php(65): Illuminate\\Pipeline\\Pipeline->Illuminate\\Pipeline\\{closure}()
#78 C:\\projects\\MbukuErp\\vendor\\laravel\\framework\\src\\Illuminate\\Pipeline\\Pipeline.php(183): App\\Http\\Middleware\\EnsureCookieJarExists->handle()
#79 C:\\projects\\MbukuErp\\app\\Http\\Middleware\\DiagnosticMiddleware.php(67): Illuminate\\Pipeline\\Pipeline->Illuminate\\Pipeline\\{closure}()
#80 C:\\projects\\MbukuErp\\vendor\\laravel\\framework\\src\\Illuminate\\Pipeline\\Pipeline.php(183): App\\Http\\Middleware\\DiagnosticMiddleware->handle()
#81 C:\\projects\\MbukuErp\\vendor\\laravel\\framework\\src\\Illuminate\\Pipeline\\Pipeline.php(119): Illuminate\\Pipeline\\Pipeline->Illuminate\\Pipeline\\{closure}()
#82 C:\\projects\\MbukuErp\\vendor\\laravel\\framework\\src\\Illuminate\\Foundation\\Http\\Kernel.php(175): Illuminate\\Pipeline\\Pipeline->then()
#83 C:\\projects\\MbukuErp\\vendor\\laravel\\framework\\src\\Illuminate\\Foundation\\Http\\Kernel.php(144): Illuminate\\Foundation\\Http\\Kernel->sendRequestThroughRouter()
#84 C:\\projects\\MbukuErp\\public\\index.php(54): Illuminate\\Foundation\\Http\\Kernel->handle()
#85 C:\\projects\\MbukuErp\\server.php(21): require_once('...')
#86 {main}

[previous exception] [object] (ParseError(code: 0): syntax error, unexpected single-quoted string \"isEditing\", expecting \"]\" at C:\\projects\\MbukuErp\\app\\Livewire\\ExamManagementComponent.php:254)
[stacktrace]
#0 C:\\projects\\MbukuErp\\vendor\\composer\\ClassLoader.php(427): Composer\\Autoload\\{closure}()
#1 [internal function]: Composer\\Autoload\\ClassLoader->loadClass()
#2 C:\\projects\\MbukuErp\\vendor\\livewire\\livewire\\src\\Mechanisms\\ComponentRegistry.php(97): class_exists()
#3 C:\\projects\\MbukuErp\\vendor\\livewire\\livewire\\src\\Mechanisms\\ComponentRegistry.php(25): Livewire\\Mechanisms\\ComponentRegistry->getNameAndClass()
#4 C:\\projects\\MbukuErp\\vendor\\livewire\\livewire\\src\\LivewireManager.php(58): Livewire\\Mechanisms\\ComponentRegistry->new()
#5 C:\\projects\\MbukuErp\\vendor\\livewire\\livewire\\src\\Mechanisms\\HandleComponents\\HandleComponents.php(43): Livewire\\LivewireManager->new()
#6 C:\\projects\\MbukuErp\\vendor\\livewire\\livewire\\src\\LivewireManager.php(73): Livewire\\Mechanisms\\HandleComponents\\HandleComponents->mount()
#7 C:\\projects\\MbukuErp\\storage\\framework\\views\\42465def8849060c943e8b85165d4a29.php(15): Livewire\\LivewireManager->mount()
#8 C:\\projects\\MbukuErp\\vendor\\laravel\\framework\\src\\Illuminate\\Filesystem\\Filesystem.php(123): require('...')
#9 C:\\projects\\MbukuErp\\vendor\\laravel\\framework\\src\\Illuminate\\Filesystem\\Filesystem.php(124): Illuminate\\Filesystem\\Filesystem::Illuminate\\Filesystem\\{closure}()
#10 C:\\projects\\MbukuErp\\vendor\\laravel\\framework\\src\\Illuminate\\View\\Engines\\PhpEngine.php(58): Illuminate\\Filesystem\\Filesystem->getRequire()
#11 C:\\projects\\MbukuErp\\vendor\\livewire\\livewire\\src\\Mechanisms\\ExtendBlade\\ExtendedCompilerEngine.php(22): Illuminate\\View\\Engines\\PhpEngine->evaluatePath()
#12 C:\\projects\\MbukuErp\\vendor\\laravel\\framework\\src\\Illuminate\\View\\Engines\\CompilerEngine.php(72): Livewire\\Mechanisms\\ExtendBlade\\ExtendedCompilerEngine->evaluatePath()
#13 C:\\projects\\MbukuErp\\vendor\\livewire\\livewire\\src\\Mechanisms\\ExtendBlade\\ExtendedCompilerEngine.php(10): Illuminate\\View\\Engines\\CompilerEngine->get()
#14 C:\\projects\\MbukuErp\\vendor\\laravel\\framework\\src\\Illuminate\\View\\View.php(207): Livewire\\Mechanisms\\ExtendBlade\\ExtendedCompilerEngine->get()
#15 C:\\projects\\MbukuErp\\vendor\\laravel\\framework\\src\\Illuminate\\View\\View.php(190): Illuminate\\View\\View->getContents()
#16 C:\\projects\\MbukuErp\\vendor\\laravel\\framework\\src\\Illuminate\\View\\View.php(159): Illuminate\\View\\View->renderContents()
#17 C:\\projects\\MbukuErp\\vendor\\laravel\\framework\\src\\Illuminate\\Http\\Response.php(69): Illuminate\\View\\View->render()
#18 C:\\projects\\MbukuErp\\vendor\\laravel\\framework\\src\\Illuminate\\Http\\Response.php(35): Illuminate\\Http\\Response->setContent()
#19 C:\\projects\\MbukuErp\\vendor\\laravel\\framework\\src\\Illuminate\\Routing\\Router.php(918): Illuminate\\Http\\Response->__construct()
#20 C:\\projects\\MbukuErp\\vendor\\laravel\\framework\\src\\Illuminate\\Routing\\Router.php(885): Illuminate\\Routing\\Router::toResponse()
#21 C:\\projects\\MbukuErp\\vendor\\laravel\\framework\\src\\Illuminate\\Routing\\Router.php(805): Illuminate\\Routing\\Router->prepareResponse()
#22 C:\\projects\\MbukuErp\\vendor\\laravel\\framework\\src\\Illuminate\\Pipeline\\Pipeline.php(144): Illuminate\\Routing\\Router->Illuminate\\Routing\\{closure}()
#23 C:\\projects\\MbukuErp\\app\\Http\\Middleware\\Custom\\TeamSAT.php(21): Illuminate\\Pipeline\\Pipeline->Illuminate\\Pipeline\\{closure}()
#24 C:\\projects\\MbukuErp\\vendor\\laravel\\framework\\src\\Illuminate\\Pipeline\\Pipeline.php(183): App\\Http\\Middleware\\Custom\\TeamSAT->handle()
#25 C:\\projects\\MbukuErp\\app\\Http\\Middleware\\TrackUserActivity.php(33): Illuminate\\Pipeline\\Pipeline->Illuminate\\Pipeline\\{closure}()
#26 C:\\projects\\MbukuErp\\vendor\\laravel\\framework\\src\\Illuminate\\Pipeline\\Pipeline.php(183): App\\Http\\Middleware\\TrackUserActivity->handle()
#27 C:\\projects\\MbukuErp\\app\\Http\\Middleware\\FixCookieJarMiddleware.php(79): Illuminate\\Pipeline\\Pipeline->Illuminate\\Pipeline\\{closure}()
#28 C:\\projects\\MbukuErp\\vendor\\laravel\\framework\\src\\Illuminate\\Pipeline\\Pipeline.php(183): App\\Http\\Middleware\\FixCookieJarMiddleware->handle()
#29 C:\\projects\\MbukuErp\\app\\Http\\Middleware\\VerifyAndRefreshSession.php(105): Illuminate\\Pipeline\\Pipeline->Illuminate\\Pipeline\\{closure}()
#30 C:\\projects\\MbukuErp\\vendor\\laravel\\framework\\src\\Illuminate\\Pipeline\\Pipeline.php(183): App\\Http\\Middleware\\VerifyAndRefreshSession->handle()
#31 C:\\projects\\MbukuErp\\vendor\\laravel\\framework\\src\\Illuminate\\Routing\\Middleware\\SubstituteBindings.php(50): Illuminate\\Pipeline\\Pipeline->Illuminate\\Pipeline\\{closure}()
#32 C:\\projects\\MbukuErp\\vendor\\laravel\\framework\\src\\Illuminate\\Pipeline\\Pipeline.php(183): Illuminate\\Routing\\Middleware\\SubstituteBindings->handle()
#33 C:\\projects\\MbukuErp\\vendor\\laravel\\framework\\src\\Illuminate\\Foundation\\Http\\Middleware\\VerifyCsrfToken.php(78): Illuminate\\Pipeline\\Pipeline->Illuminate\\Pipeline\\{closure}()
#34 C:\\projects\\MbukuErp\\vendor\\laravel\\framework\\src\\Illuminate\\Pipeline\\Pipeline.php(183): Illuminate\\Foundation\\Http\\Middleware\\VerifyCsrfToken->handle()
#35 C:\\projects\\MbukuErp\\vendor\\laravel\\framework\\src\\Illuminate\\Session\\Middleware\\AuthenticateSession.php(60): Illuminate\\Pipeline\\Pipeline->Illuminate\\Pipeline\\{closure}()
#36 C:\\projects\\MbukuErp\\vendor\\laravel\\framework\\src\\Illuminate\\Pipeline\\Pipeline.php(183): Illuminate\\Session\\Middleware\\AuthenticateSession->handle()
#37 C:\\projects\\MbukuErp\\vendor\\laravel\\framework\\src\\Illuminate\\Auth\\Middleware\\Authenticate.php(57): Illuminate\\Pipeline\\Pipeline->Illuminate\\Pipeline\\{closure}()
#38 C:\\projects\\MbukuErp\\vendor\\laravel\\framework\\src\\Illuminate\\Pipeline\\Pipeline.php(183): Illuminate\\Auth\\Middleware\\Authenticate->handle()
#39 C:\\projects\\MbukuErp\\vendor\\laravel\\framework\\src\\Illuminate\\View\\Middleware\\ShareErrorsFromSession.php(49): Illuminate\\Pipeline\\Pipeline->Illuminate\\Pipeline\\{closure}()
#40 C:\\projects\\MbukuErp\\vendor\\laravel\\framework\\src\\Illuminate\\Pipeline\\Pipeline.php(183): Illuminate\\View\\Middleware\\ShareErrorsFromSession->handle()
#41 C:\\projects\\MbukuErp\\app\\Http\\Middleware\\SessionManager.php(37): Illuminate\\Pipeline\\Pipeline->Illuminate\\Pipeline\\{closure}()
#42 C:\\projects\\MbukuErp\\vendor\\laravel\\framework\\src\\Illuminate\\Pipeline\\Pipeline.php(183): App\\Http\\Middleware\\SessionManager->handle()
#43 C:\\projects\\MbukuErp\\vendor\\laravel\\framework\\src\\Illuminate\\Session\\Middleware\\StartSession.php(121): Illuminate\\Pipeline\\Pipeline->Illuminate\\Pipeline\\{closure}()
#44 C:\\projects\\MbukuErp\\vendor\\laravel\\framework\\src\\Illuminate\\Session\\Middleware\\StartSession.php(64): Illuminate\\Session\\Middleware\\StartSession->handleStatefulRequest()
#45 C:\\projects\\MbukuErp\\vendor\\laravel\\framework\\src\\Illuminate\\Pipeline\\Pipeline.php(183): Illuminate\\Session\\Middleware\\StartSession->handle()
#46 C:\\projects\\MbukuErp\\vendor\\laravel\\framework\\src\\Illuminate\\Cookie\\Middleware\\AddQueuedCookiesToResponse.php(37): Illuminate\\Pipeline\\Pipeline->Illuminate\\Pipeline\\{closure}()
#47 C:\\projects\\MbukuErp\\vendor\\laravel\\framework\\src\\Illuminate\\Pipeline\\Pipeline.php(183): Illuminate\\Cookie\\Middleware\\AddQueuedCookiesToResponse->handle()
#48 C:\\projects\\MbukuErp\\app\\Http\\Middleware\\EnsureAuthWorks.php(24): Illuminate\\Pipeline\\Pipeline->Illuminate\\Pipeline\\{closure}()
#49 C:\\projects\\MbukuErp\\vendor\\laravel\\framework\\src\\Illuminate\\Pipeline\\Pipeline.php(183): App\\Http\\Middleware\\EnsureAuthWorks->handle()
#50 C:\\projects\\MbukuErp\\vendor\\laravel\\framework\\src\\Illuminate\\Cookie\\Middleware\\EncryptCookies.php(67): Illuminate\\Pipeline\\Pipeline->Illuminate\\Pipeline\\{closure}()
#51 C:\\projects\\MbukuErp\\vendor\\laravel\\framework\\src\\Illuminate\\Pipeline\\Pipeline.php(183): Illuminate\\Cookie\\Middleware\\EncryptCookies->handle()
#52 C:\\projects\\MbukuErp\\app\\Http\\Middleware\\EnsureCookieJarExists.php(65): Illuminate\\Pipeline\\Pipeline->Illuminate\\Pipeline\\{closure}()
#53 C:\\projects\\MbukuErp\\vendor\\laravel\\framework\\src\\Illuminate\\Pipeline\\Pipeline.php(183): App\\Http\\Middleware\\EnsureCookieJarExists->handle()
#54 C:\\projects\\MbukuErp\\vendor\\laravel\\framework\\src\\Illuminate\\Pipeline\\Pipeline.php(119): Illuminate\\Pipeline\\Pipeline->Illuminate\\Pipeline\\{closure}()
#55 C:\\projects\\MbukuErp\\vendor\\laravel\\framework\\src\\Illuminate\\Routing\\Router.php(805): Illuminate\\Pipeline\\Pipeline->then()
#56 C:\\projects\\MbukuErp\\vendor\\laravel\\framework\\src\\Illuminate\\Routing\\Router.php(784): Illuminate\\Routing\\Router->runRouteWithinStack()
#57 C:\\projects\\MbukuErp\\vendor\\laravel\\framework\\src\\Illuminate\\Routing\\Router.php(748): Illuminate\\Routing\\Router->runRoute()
#58 C:\\projects\\MbukuErp\\vendor\\laravel\\framework\\src\\Illuminate\\Routing\\Router.php(737): Illuminate\\Routing\\Router->dispatchToRoute()
#59 C:\\projects\\MbukuErp\\vendor\\laravel\\framework\\src\\Illuminate\\Foundation\\Http\\Kernel.php(200): Illuminate\\Routing\\Router->dispatch()
#60 C:\\projects\\MbukuErp\\vendor\\laravel\\framework\\src\\Illuminate\\Pipeline\\Pipeline.php(144): Illuminate\\Foundation\\Http\\Kernel->Illuminate\\Foundation\\Http\\{closure}()
#61 C:\\projects\\MbukuErp\\vendor\\livewire\\livewire\\src\\Features\\SupportDisablingBackButtonCache\\DisableBackButtonCacheMiddleware.php(19): Illuminate\\Pipeline\\Pipeline->Illuminate\\Pipeline\\{closure}()
#62 C:\\projects\\MbukuErp\\vendor\\laravel\\framework\\src\\Illuminate\\Pipeline\\Pipeline.php(183): Livewire\\Features\\SupportDisablingBackButtonCache\\DisableBackButtonCacheMiddleware->handle()
#63 C:\\projects\\MbukuErp\\vendor\\laravel\\framework\\src\\Illuminate\\Foundation\\Http\\Middleware\\TransformsRequest.php(21): Illuminate\\Pipeline\\Pipeline->Illuminate\\Pipeline\\{closure}()
#64 C:\\projects\\MbukuErp\\vendor\\laravel\\framework\\src\\Illuminate\\Foundation\\Http\\Middleware\\ConvertEmptyStringsToNull.php(31): Illuminate\\Foundation\\Http\\Middleware\\TransformsRequest->handle()
#65 C:\\projects\\MbukuErp\\vendor\\laravel\\framework\\src\\Illuminate\\Pipeline\\Pipeline.php(183): Illuminate\\Foundation\\Http\\Middleware\\ConvertEmptyStringsToNull->handle()
#66 C:\\projects\\MbukuErp\\vendor\\laravel\\framework\\src\\Illuminate\\Foundation\\Http\\Middleware\\TransformsRequest.php(21): Illuminate\\Pipeline\\Pipeline->Illuminate\\Pipeline\\{closure}()
#67 C:\\projects\\MbukuErp\\vendor\\laravel\\framework\\src\\Illuminate\\Foundation\\Http\\Middleware\\TrimStrings.php(40): Illuminate\\Foundation\\Http\\Middleware\\TransformsRequest->handle()
#68 C:\\projects\\MbukuErp\\vendor\\laravel\\framework\\src\\Illuminate\\Pipeline\\Pipeline.php(183): Illuminate\\Foundation\\Http\\Middleware\\TrimStrings->handle()
#69 C:\\projects\\MbukuErp\\vendor\\laravel\\framework\\src\\Illuminate\\Foundation\\Http\\Middleware\\ValidatePostSize.php(27): Illuminate\\Pipeline\\Pipeline->Illuminate\\Pipeline\\{closure}()
#70 C:\\projects\\MbukuErp\\vendor\\laravel\\framework\\src\\Illuminate\\Pipeline\\Pipeline.php(183): Illuminate\\Foundation\\Http\\Middleware\\ValidatePostSize->handle()
#71 C:\\projects\\MbukuErp\\vendor\\laravel\\framework\\src\\Illuminate\\Foundation\\Http\\Middleware\\PreventRequestsDuringMaintenance.php(99): Illuminate\\Pipeline\\Pipeline->Illuminate\\Pipeline\\{closure}()
#72 C:\\projects\\MbukuErp\\vendor\\laravel\\framework\\src\\Illuminate\\Pipeline\\Pipeline.php(183): Illuminate\\Foundation\\Http\\Middleware\\PreventRequestsDuringMaintenance->handle()
#73 C:\\projects\\MbukuErp\\vendor\\laravel\\framework\\src\\Illuminate\\Http\\Middleware\\HandleCors.php(49): Illuminate\\Pipeline\\Pipeline->Illuminate\\Pipeline\\{closure}()
#74 C:\\projects\\MbukuErp\\vendor\\laravel\\framework\\src\\Illuminate\\Pipeline\\Pipeline.php(183): Illuminate\\Http\\Middleware\\HandleCors->handle()
#75 C:\\projects\\MbukuErp\\vendor\\laravel\\framework\\src\\Illuminate\\Http\\Middleware\\TrustProxies.php(39): Illuminate\\Pipeline\\Pipeline->Illuminate\\Pipeline\\{closure}()
#76 C:\\projects\\MbukuErp\\vendor\\laravel\\framework\\src\\Illuminate\\Pipeline\\Pipeline.php(183): Illuminate\\Http\\Middleware\\TrustProxies->handle()
#77 C:\\projects\\MbukuErp\\app\\Http\\Middleware\\EnsureCookieJarExists.php(65): Illuminate\\Pipeline\\Pipeline->Illuminate\\Pipeline\\{closure}()
#78 C:\\projects\\MbukuErp\\vendor\\laravel\\framework\\src\\Illuminate\\Pipeline\\Pipeline.php(183): App\\Http\\Middleware\\EnsureCookieJarExists->handle()
#79 C:\\projects\\MbukuErp\\app\\Http\\Middleware\\DiagnosticMiddleware.php(67): Illuminate\\Pipeline\\Pipeline->Illuminate\\Pipeline\\{closure}()
#80 C:\\projects\\MbukuErp\\vendor\\laravel\\framework\\src\\Illuminate\\Pipeline\\Pipeline.php(183): App\\Http\\Middleware\\DiagnosticMiddleware->handle()
#81 C:\\projects\\MbukuErp\\vendor\\laravel\\framework\\src\\Illuminate\\Pipeline\\Pipeline.php(119): Illuminate\\Pipeline\\Pipeline->Illuminate\\Pipeline\\{closure}()
#82 C:\\projects\\MbukuErp\\vendor\\laravel\\framework\\src\\Illuminate\\Foundation\\Http\\Kernel.php(175): Illuminate\\Pipeline\\Pipeline->then()
#83 C:\\projects\\MbukuErp\\vendor\\laravel\\framework\\src\\Illuminate\\Foundation\\Http\\Kernel.php(144): Illuminate\\Foundation\\Http\\Kernel->sendRequestThroughRouter()
#84 C:\\projects\\MbukuErp\\public\\index.php(54): Illuminate\\Foundation\\Http\\Kernel->handle()
#85 C:\\projects\\MbukuErp\\server.php(21): require_once('...')
#86 {main}
"} 
[2025-04-03 10:47:24] local.INFO: Unread Count: {"unreadCount":0} 
[2025-04-03 10:47:34] local.INFO: Unread Count: {"unreadCount":0} 
[2025-04-03 10:47:39] local.INFO: Unread Count: {"unreadCount":0} 
[2025-04-03 10:47:44] local.INFO: Unread Count: {"unreadCount":0} 
[2025-04-03 10:47:45] local.INFO: Unread Count: {"unreadCount":0} 
[2025-04-03 10:47:52] local.INFO: Unread Count: {"unreadCount":0} 
[2025-04-03 10:47:57] local.INFO: Unread Count: {"unreadCount":0} 
[2025-04-03 10:48:02] local.INFO: Unread Count: {"unreadCount":0} 
[2025-04-03 10:48:07] local.INFO: Unread Count: {"unreadCount":0} 
[2025-04-03 10:48:12] local.INFO: Unread Count: {"unreadCount":0} 
[2025-04-03 10:48:13] local.INFO: Unread Count: {"unreadCount":0} 
[2025-04-03 10:48:23] local.INFO: Unread Count: {"unreadCount":0} 
[2025-04-03 10:48:28] local.INFO: Unread Count: {"unreadCount":0} 
[2025-04-03 10:48:33] local.INFO: Unread Count: {"unreadCount":0} 
[2025-04-03 10:48:58] local.INFO: Unread Count: {"unreadCount":0} 
[2025-04-03 10:48:58] local.INFO: Unread Count: {"unreadCount":0} 
[2025-04-03 10:50:58] local.INFO: Unread Count: {"unreadCount":0} 
[2025-04-03 10:50:58] local.INFO: Unread Count: {"unreadCount":0} 
[2025-04-03 10:52:33] local.INFO: Unread Count: {"unreadCount":0} 
[2025-04-03 10:52:33] local.INFO: Unread Count: {"unreadCount":0} 
[2025-04-03 10:52:33] local.INFO: ExamManagementComponent rendering  
[2025-04-03 10:52:37] local.INFO: Create method called, isCreating set to: true  
[2025-04-03 10:52:37] local.INFO: ExamManagementComponent rendering  
[2025-04-03 10:52:37] local.INFO: Unread Count: {"unreadCount":0} 
[2025-04-03 10:52:42] local.INFO: Unread Count: {"unreadCount":0} 
[2025-04-03 10:52:42] local.INFO: ExamManagementComponent rendering  
[2025-04-03 10:52:44] local.INFO: ExamManagementComponent rendering  
[2025-04-03 10:52:44] local.INFO: ExamManagementComponent rendering  
[2025-04-03 10:52:44] local.INFO: ExamManagementComponent rendering  
[2025-04-03 10:52:46] local.INFO: ExamManagementComponent rendering  
[2025-04-03 10:52:47] local.INFO: Unread Count: {"unreadCount":0} 
[2025-04-03 10:52:52] local.INFO: Unread Count: {"unreadCount":0} 
[2025-04-03 10:52:52] local.INFO: ExamManagementComponent rendering  
[2025-04-03 10:52:57] local.INFO: Unread Count: {"unreadCount":0} 
[2025-04-03 10:52:59] local.INFO: ExamManagementComponent rendering  
[2025-04-03 10:53:01] local.INFO: ExamManagementComponent rendering  
[2025-04-03 10:53:01] local.INFO: Unread Count: {"unreadCount":0} 
[2025-04-03 10:53:05] local.INFO: Create method called, isCreating set to: true  
[2025-04-03 10:53:05] local.INFO: ExamManagementComponent rendering  
[2025-04-03 10:53:06] local.INFO: Create method called, isCreating set to: true  
[2025-04-03 10:53:06] local.INFO: ExamManagementComponent rendering  
[2025-04-03 10:53:07] local.INFO: Unread Count: {"unreadCount":0} 
[2025-04-03 10:53:13] local.INFO: Unread Count: {"unreadCount":0} 
[2025-04-03 10:54:12] local.INFO: Unread Count: {"unreadCount":0} 
[2025-04-03 10:54:17] local.INFO: ExamManagementComponent rendering  
[2025-04-03 10:54:17] local.INFO: Unread Count: {"unreadCount":0} 
[2025-04-03 10:54:22] local.INFO: Unread Count: {"unreadCount":0} 
[2025-04-03 10:54:27] local.INFO: Unread Count: {"unreadCount":0} 
[2025-04-03 10:54:27] local.INFO: ExamManagementComponent rendering  
[2025-04-03 10:54:28] local.INFO: ExamManagementComponent rendering  
[2025-04-03 10:54:32] local.INFO: Unread Count: {"unreadCount":0} 
[2025-04-03 10:54:37] local.INFO: Unread Count: {"unreadCount":0} 
[2025-04-03 10:54:38] local.INFO: ExamManagementComponent rendering  
[2025-04-03 10:54:42] local.INFO: Unread Count: {"unreadCount":0} 
[2025-04-03 10:54:47] local.INFO: Unread Count: {"unreadCount":0} 
[2025-04-03 10:54:48] local.INFO: ExamManagementComponent rendering  
[2025-04-03 10:54:52] local.INFO: Unread Count: {"unreadCount":0} 
[2025-04-03 10:54:53] local.INFO: Unread Count: {"unreadCount":0} 
[2025-04-03 10:54:53] local.INFO: Unread Count: {"unreadCount":0} 
[2025-04-03 10:54:57] local.INFO: ExamManagementComponent rendering  
[2025-04-03 10:54:58] local.INFO: Unread Count: {"unreadCount":0} 
[2025-04-03 10:54:58] local.INFO: Unread Count: {"unreadCount":0} 
[2025-04-03 10:55:00] local.INFO: ExamManagementComponent rendering  
[2025-04-03 10:55:03] local.INFO: Create method called, isCreating set to: true  
[2025-04-03 10:55:03] local.INFO: ExamManagementComponent rendering  
[2025-04-03 10:55:05] local.INFO: Unread Count: {"unreadCount":0} 
[2025-04-03 10:55:10] local.INFO: Unread Count: {"unreadCount":0} 
[2025-04-03 10:55:15] local.INFO: Unread Count: {"unreadCount":0} 
[2025-04-03 10:55:25] local.INFO: Unread Count: {"unreadCount":0} 
[2025-04-03 10:55:52] local.INFO: Unread Count: {"unreadCount":0} 
[2025-04-03 10:56:00] local.INFO: Unread Count: {"unreadCount":0} 
[2025-04-03 10:56:05] local.INFO: Unread Count: {"unreadCount":0} 
[2025-04-03 10:56:10] local.INFO: Unread Count: {"unreadCount":0} 
[2025-04-03 10:56:14] local.INFO: Unread Count: {"unreadCount":0} 
[2025-04-03 10:56:22] local.INFO: Unread Count: {"unreadCount":0} 
[2025-04-03 10:56:25] local.INFO: Unread Count: {"unreadCount":0} 
[2025-04-03 10:56:36] local.INFO: Unread Count: {"unreadCount":0} 
[2025-04-03 10:56:41] local.INFO: Unread Count: {"unreadCount":0} 
[2025-04-03 10:56:46] local.INFO: Unread Count: {"unreadCount":0} 
[2025-04-03 10:56:46] local.INFO: ExamManagementComponent rendering  
[2025-04-03 10:56:49] local.INFO: Unread Count: {"unreadCount":0} 
[2025-04-03 10:56:51] local.INFO: Create method called, isCreating set to: true  
[2025-04-03 10:56:51] local.INFO: ExamManagementComponent rendering  
[2025-04-03 10:56:54] local.INFO: Unread Count: {"unreadCount":0} 
[2025-04-03 10:56:59] local.INFO: Unread Count: {"unreadCount":0} 
[2025-04-03 10:57:01] local.INFO: Unread Count: {"unreadCount":0} 
[2025-04-03 10:57:02] local.INFO: ExamManagementComponent rendering  
[2025-04-03 10:57:06] local.INFO: Create method called, isCreating set to: true  
[2025-04-03 10:57:06] local.INFO: ExamManagementComponent rendering  
[2025-04-03 10:57:07] local.INFO: Unread Count: {"unreadCount":0} 
[2025-04-03 10:57:12] local.INFO: Unread Count: {"unreadCount":0} 
[2025-04-03 10:57:17] local.INFO: Unread Count: {"unreadCount":0} 
[2025-04-03 10:57:22] local.INFO: Unread Count: {"unreadCount":0} 
[2025-04-03 10:57:27] local.INFO: Unread Count: {"unreadCount":0} 
[2025-04-03 10:57:32] local.INFO: Unread Count: {"unreadCount":0} 
[2025-04-03 10:57:37] local.INFO: Unread Count: {"unreadCount":0} 
[2025-04-03 10:58:17] local.INFO: Unread Count: {"unreadCount":0} 
[2025-04-03 10:58:22] local.INFO: Unread Count: {"unreadCount":0} 
[2025-04-03 10:58:27] local.INFO: Unread Count: {"unreadCount":0} 
[2025-04-03 10:58:28] local.INFO: ExamManagementComponent rendering  
[2025-04-03 10:58:31] local.ERROR: Unable to resolve dependency [Parameter #0 [ <required> $id ]] in class App\Livewire\ExamManagementComponent {"userId":1,"exception":"[object] (Illuminate\\Contracts\\Container\\BindingResolutionException(code: 0): Unable to resolve dependency [Parameter #0 [ <required> $id ]] in class App\\Livewire\\ExamManagementComponent at C:\\projects\\MbukuErp\\vendor\\laravel\\framework\\src\\Illuminate\\Container\\BoundMethod.php:188)
[stacktrace]
#0 C:\\projects\\MbukuErp\\vendor\\livewire\\livewire\\src\\ImplicitlyBoundMethod.php(21): Illuminate\\Container\\BoundMethod::addDependencyForCallParameter()
#1 C:\\projects\\MbukuErp\\vendor\\laravel\\framework\\src\\Illuminate\\Container\\BoundMethod.php(36): Livewire\\ImplicitlyBoundMethod::getMethodDependencies()
#2 C:\\projects\\MbukuErp\\vendor\\laravel\\framework\\src\\Illuminate\\Container\\Util.php(41): Illuminate\\Container\\BoundMethod::Illuminate\\Container\\{closure}()
#3 C:\\projects\\MbukuErp\\vendor\\laravel\\framework\\src\\Illuminate\\Container\\BoundMethod.php(93): Illuminate\\Container\\Util::unwrapIfClosure()
#4 C:\\projects\\MbukuErp\\vendor\\laravel\\framework\\src\\Illuminate\\Container\\BoundMethod.php(35): Illuminate\\Container\\BoundMethod::callBoundMethod()
#5 C:\\projects\\MbukuErp\\vendor\\livewire\\livewire\\src\\Wrapped.php(23): Illuminate\\Container\\BoundMethod::call()
#6 C:\\projects\\MbukuErp\\vendor\\livewire\\livewire\\src\\Mechanisms\\HandleComponents\\HandleComponents.php(474): Livewire\\Wrapped->__call()
#7 C:\\projects\\MbukuErp\\vendor\\livewire\\livewire\\src\\Mechanisms\\HandleComponents\\HandleComponents.php(101): Livewire\\Mechanisms\\HandleComponents\\HandleComponents->callMethods()
#8 C:\\projects\\MbukuErp\\vendor\\livewire\\livewire\\src\\LivewireManager.php(102): Livewire\\Mechanisms\\HandleComponents\\HandleComponents->update()
#9 C:\\projects\\MbukuErp\\vendor\\livewire\\livewire\\src\\Mechanisms\\HandleRequests\\HandleRequests.php(94): Livewire\\LivewireManager->update()
#10 C:\\projects\\MbukuErp\\vendor\\laravel\\framework\\src\\Illuminate\\Routing\\ControllerDispatcher.php(46): Livewire\\Mechanisms\\HandleRequests\\HandleRequests->handleUpdate()
#11 C:\\projects\\MbukuErp\\vendor\\laravel\\framework\\src\\Illuminate\\Routing\\Route.php(259): Illuminate\\Routing\\ControllerDispatcher->dispatch()
#12 C:\\projects\\MbukuErp\\vendor\\laravel\\framework\\src\\Illuminate\\Routing\\Route.php(205): Illuminate\\Routing\\Route->runController()
#13 C:\\projects\\MbukuErp\\vendor\\laravel\\framework\\src\\Illuminate\\Routing\\Router.php(806): Illuminate\\Routing\\Route->run()
#14 C:\\projects\\MbukuErp\\vendor\\laravel\\framework\\src\\Illuminate\\Pipeline\\Pipeline.php(144): Illuminate\\Routing\\Router->Illuminate\\Routing\\{closure}()
#15 C:\\projects\\MbukuErp\\app\\Http\\Middleware\\TrackUserActivity.php(33): Illuminate\\Pipeline\\Pipeline->Illuminate\\Pipeline\\{closure}()
#16 C:\\projects\\MbukuErp\\vendor\\laravel\\framework\\src\\Illuminate\\Pipeline\\Pipeline.php(183): App\\Http\\Middleware\\TrackUserActivity->handle()
#17 C:\\projects\\MbukuErp\\app\\Http\\Middleware\\FixCookieJarMiddleware.php(79): Illuminate\\Pipeline\\Pipeline->Illuminate\\Pipeline\\{closure}()
#18 C:\\projects\\MbukuErp\\vendor\\laravel\\framework\\src\\Illuminate\\Pipeline\\Pipeline.php(183): App\\Http\\Middleware\\FixCookieJarMiddleware->handle()
#19 C:\\projects\\MbukuErp\\app\\Http\\Middleware\\VerifyAndRefreshSession.php(105): Illuminate\\Pipeline\\Pipeline->Illuminate\\Pipeline\\{closure}()
#20 C:\\projects\\MbukuErp\\vendor\\laravel\\framework\\src\\Illuminate\\Pipeline\\Pipeline.php(183): App\\Http\\Middleware\\VerifyAndRefreshSession->handle()
#21 C:\\projects\\MbukuErp\\vendor\\laravel\\framework\\src\\Illuminate\\Routing\\Middleware\\SubstituteBindings.php(50): Illuminate\\Pipeline\\Pipeline->Illuminate\\Pipeline\\{closure}()
#22 C:\\projects\\MbukuErp\\vendor\\laravel\\framework\\src\\Illuminate\\Pipeline\\Pipeline.php(183): Illuminate\\Routing\\Middleware\\SubstituteBindings->handle()
#23 C:\\projects\\MbukuErp\\vendor\\laravel\\framework\\src\\Illuminate\\Foundation\\Http\\Middleware\\VerifyCsrfToken.php(78): Illuminate\\Pipeline\\Pipeline->Illuminate\\Pipeline\\{closure}()
#24 C:\\projects\\MbukuErp\\vendor\\laravel\\framework\\src\\Illuminate\\Pipeline\\Pipeline.php(183): Illuminate\\Foundation\\Http\\Middleware\\VerifyCsrfToken->handle()
#25 C:\\projects\\MbukuErp\\vendor\\laravel\\framework\\src\\Illuminate\\Session\\Middleware\\AuthenticateSession.php(60): Illuminate\\Pipeline\\Pipeline->Illuminate\\Pipeline\\{closure}()
#26 C:\\projects\\MbukuErp\\vendor\\laravel\\framework\\src\\Illuminate\\Pipeline\\Pipeline.php(183): Illuminate\\Session\\Middleware\\AuthenticateSession->handle()
#27 C:\\projects\\MbukuErp\\vendor\\laravel\\framework\\src\\Illuminate\\View\\Middleware\\ShareErrorsFromSession.php(49): Illuminate\\Pipeline\\Pipeline->Illuminate\\Pipeline\\{closure}()
#28 C:\\projects\\MbukuErp\\vendor\\laravel\\framework\\src\\Illuminate\\Pipeline\\Pipeline.php(183): Illuminate\\View\\Middleware\\ShareErrorsFromSession->handle()
#29 C:\\projects\\MbukuErp\\app\\Http\\Middleware\\SessionManager.php(37): Illuminate\\Pipeline\\Pipeline->Illuminate\\Pipeline\\{closure}()
#30 C:\\projects\\MbukuErp\\vendor\\laravel\\framework\\src\\Illuminate\\Pipeline\\Pipeline.php(183): App\\Http\\Middleware\\SessionManager->handle()
#31 C:\\projects\\MbukuErp\\vendor\\laravel\\framework\\src\\Illuminate\\Session\\Middleware\\StartSession.php(121): Illuminate\\Pipeline\\Pipeline->Illuminate\\Pipeline\\{closure}()
#32 C:\\projects\\MbukuErp\\vendor\\laravel\\framework\\src\\Illuminate\\Session\\Middleware\\StartSession.php(64): Illuminate\\Session\\Middleware\\StartSession->handleStatefulRequest()
#33 C:\\projects\\MbukuErp\\vendor\\laravel\\framework\\src\\Illuminate\\Pipeline\\Pipeline.php(183): Illuminate\\Session\\Middleware\\StartSession->handle()
#34 C:\\projects\\MbukuErp\\vendor\\laravel\\framework\\src\\Illuminate\\Cookie\\Middleware\\AddQueuedCookiesToResponse.php(37): Illuminate\\Pipeline\\Pipeline->Illuminate\\Pipeline\\{closure}()
#35 C:\\projects\\MbukuErp\\vendor\\laravel\\framework\\src\\Illuminate\\Pipeline\\Pipeline.php(183): Illuminate\\Cookie\\Middleware\\AddQueuedCookiesToResponse->handle()
#36 C:\\projects\\MbukuErp\\app\\Http\\Middleware\\EnsureAuthWorks.php(24): Illuminate\\Pipeline\\Pipeline->Illuminate\\Pipeline\\{closure}()
#37 C:\\projects\\MbukuErp\\vendor\\laravel\\framework\\src\\Illuminate\\Pipeline\\Pipeline.php(183): App\\Http\\Middleware\\EnsureAuthWorks->handle()
#38 C:\\projects\\MbukuErp\\vendor\\laravel\\framework\\src\\Illuminate\\Cookie\\Middleware\\EncryptCookies.php(67): Illuminate\\Pipeline\\Pipeline->Illuminate\\Pipeline\\{closure}()
#39 C:\\projects\\MbukuErp\\vendor\\laravel\\framework\\src\\Illuminate\\Pipeline\\Pipeline.php(183): Illuminate\\Cookie\\Middleware\\EncryptCookies->handle()
#40 C:\\projects\\MbukuErp\\app\\Http\\Middleware\\EnsureCookieJarExists.php(65): Illuminate\\Pipeline\\Pipeline->Illuminate\\Pipeline\\{closure}()
#41 C:\\projects\\MbukuErp\\vendor\\laravel\\framework\\src\\Illuminate\\Pipeline\\Pipeline.php(183): App\\Http\\Middleware\\EnsureCookieJarExists->handle()
#42 C:\\projects\\MbukuErp\\vendor\\laravel\\framework\\src\\Illuminate\\Pipeline\\Pipeline.php(119): Illuminate\\Pipeline\\Pipeline->Illuminate\\Pipeline\\{closure}()
#43 C:\\projects\\MbukuErp\\vendor\\laravel\\framework\\src\\Illuminate\\Routing\\Router.php(805): Illuminate\\Pipeline\\Pipeline->then()
#44 C:\\projects\\MbukuErp\\vendor\\laravel\\framework\\src\\Illuminate\\Routing\\Router.php(784): Illuminate\\Routing\\Router->runRouteWithinStack()
#45 C:\\projects\\MbukuErp\\vendor\\laravel\\framework\\src\\Illuminate\\Routing\\Router.php(748): Illuminate\\Routing\\Router->runRoute()
#46 C:\\projects\\MbukuErp\\vendor\\laravel\\framework\\src\\Illuminate\\Routing\\Router.php(737): Illuminate\\Routing\\Router->dispatchToRoute()
#47 C:\\projects\\MbukuErp\\vendor\\laravel\\framework\\src\\Illuminate\\Foundation\\Http\\Kernel.php(200): Illuminate\\Routing\\Router->dispatch()
#48 C:\\projects\\MbukuErp\\vendor\\laravel\\framework\\src\\Illuminate\\Pipeline\\Pipeline.php(144): Illuminate\\Foundation\\Http\\Kernel->Illuminate\\Foundation\\Http\\{closure}()
#49 C:\\projects\\MbukuErp\\vendor\\livewire\\livewire\\src\\Features\\SupportDisablingBackButtonCache\\DisableBackButtonCacheMiddleware.php(19): Illuminate\\Pipeline\\Pipeline->Illuminate\\Pipeline\\{closure}()
#50 C:\\projects\\MbukuErp\\vendor\\laravel\\framework\\src\\Illuminate\\Pipeline\\Pipeline.php(183): Livewire\\Features\\SupportDisablingBackButtonCache\\DisableBackButtonCacheMiddleware->handle()
#51 C:\\projects\\MbukuErp\\vendor\\laravel\\framework\\src\\Illuminate\\Foundation\\Http\\Middleware\\ConvertEmptyStringsToNull.php(27): Illuminate\\Pipeline\\Pipeline->Illuminate\\Pipeline\\{closure}()
#52 C:\\projects\\MbukuErp\\vendor\\laravel\\framework\\src\\Illuminate\\Pipeline\\Pipeline.php(183): Illuminate\\Foundation\\Http\\Middleware\\ConvertEmptyStringsToNull->handle()
#53 C:\\projects\\MbukuErp\\vendor\\laravel\\framework\\src\\Illuminate\\Foundation\\Http\\Middleware\\TrimStrings.php(36): Illuminate\\Pipeline\\Pipeline->Illuminate\\Pipeline\\{closure}()
#54 C:\\projects\\MbukuErp\\vendor\\laravel\\framework\\src\\Illuminate\\Pipeline\\Pipeline.php(183): Illuminate\\Foundation\\Http\\Middleware\\TrimStrings->handle()
#55 C:\\projects\\MbukuErp\\vendor\\laravel\\framework\\src\\Illuminate\\Foundation\\Http\\Middleware\\ValidatePostSize.php(27): Illuminate\\Pipeline\\Pipeline->Illuminate\\Pipeline\\{closure}()
#56 C:\\projects\\MbukuErp\\vendor\\laravel\\framework\\src\\Illuminate\\Pipeline\\Pipeline.php(183): Illuminate\\Foundation\\Http\\Middleware\\ValidatePostSize->handle()
#57 C:\\projects\\MbukuErp\\vendor\\laravel\\framework\\src\\Illuminate\\Foundation\\Http\\Middleware\\PreventRequestsDuringMaintenance.php(99): Illuminate\\Pipeline\\Pipeline->Illuminate\\Pipeline\\{closure}()
#58 C:\\projects\\MbukuErp\\vendor\\laravel\\framework\\src\\Illuminate\\Pipeline\\Pipeline.php(183): Illuminate\\Foundation\\Http\\Middleware\\PreventRequestsDuringMaintenance->handle()
#59 C:\\projects\\MbukuErp\\vendor\\laravel\\framework\\src\\Illuminate\\Http\\Middleware\\HandleCors.php(49): Illuminate\\Pipeline\\Pipeline->Illuminate\\Pipeline\\{closure}()
#60 C:\\projects\\MbukuErp\\vendor\\laravel\\framework\\src\\Illuminate\\Pipeline\\Pipeline.php(183): Illuminate\\Http\\Middleware\\HandleCors->handle()
#61 C:\\projects\\MbukuErp\\vendor\\laravel\\framework\\src\\Illuminate\\Http\\Middleware\\TrustProxies.php(39): Illuminate\\Pipeline\\Pipeline->Illuminate\\Pipeline\\{closure}()
#62 C:\\projects\\MbukuErp\\vendor\\laravel\\framework\\src\\Illuminate\\Pipeline\\Pipeline.php(183): Illuminate\\Http\\Middleware\\TrustProxies->handle()
#63 C:\\projects\\MbukuErp\\app\\Http\\Middleware\\EnsureCookieJarExists.php(65): Illuminate\\Pipeline\\Pipeline->Illuminate\\Pipeline\\{closure}()
#64 C:\\projects\\MbukuErp\\vendor\\laravel\\framework\\src\\Illuminate\\Pipeline\\Pipeline.php(183): App\\Http\\Middleware\\EnsureCookieJarExists->handle()
#65 C:\\projects\\MbukuErp\\app\\Http\\Middleware\\DiagnosticMiddleware.php(67): Illuminate\\Pipeline\\Pipeline->Illuminate\\Pipeline\\{closure}()
#66 C:\\projects\\MbukuErp\\vendor\\laravel\\framework\\src\\Illuminate\\Pipeline\\Pipeline.php(183): App\\Http\\Middleware\\DiagnosticMiddleware->handle()
#67 C:\\projects\\MbukuErp\\vendor\\laravel\\framework\\src\\Illuminate\\Pipeline\\Pipeline.php(119): Illuminate\\Pipeline\\Pipeline->Illuminate\\Pipeline\\{closure}()
#68 C:\\projects\\MbukuErp\\vendor\\laravel\\framework\\src\\Illuminate\\Foundation\\Http\\Kernel.php(175): Illuminate\\Pipeline\\Pipeline->then()
#69 C:\\projects\\MbukuErp\\vendor\\laravel\\framework\\src\\Illuminate\\Foundation\\Http\\Kernel.php(144): Illuminate\\Foundation\\Http\\Kernel->sendRequestThroughRouter()
#70 C:\\projects\\MbukuErp\\public\\index.php(54): Illuminate\\Foundation\\Http\\Kernel->handle()
#71 C:\\projects\\MbukuErp\\server.php(21): require_once('...')
#72 {main}
"} 
[2025-04-03 10:58:32] local.INFO: Unread Count: {"unreadCount":0} 
[2025-04-03 10:58:37] local.INFO: Unread Count: {"unreadCount":0} 
[2025-04-03 10:58:38] local.INFO: ExamManagementComponent rendering  
[2025-04-03 10:58:42] local.INFO: Unread Count: {"unreadCount":0} 
[2025-04-03 10:58:43] local.INFO: ExamManagementComponent rendering  
[2025-04-03 10:58:47] local.INFO: Unread Count: {"unreadCount":0} 
[2025-04-03 10:58:52] local.INFO: Unread Count: {"unreadCount":0} 
[2025-04-03 10:58:57] local.INFO: Unread Count: {"unreadCount":0} 
[2025-04-03 10:59:02] local.INFO: Unread Count: {"unreadCount":0} 
[2025-04-03 10:59:04] local.INFO: ExamManagementComponent rendering  
[2025-04-03 10:59:07] local.INFO: ExamManagementComponent rendering  
[2025-04-03 10:59:07] local.INFO: Unread Count: {"unreadCount":0} 
[2025-04-03 10:59:08] local.INFO: ExamManagementComponent rendering  
[2025-04-03 10:59:11] local.INFO: ExamManagementComponent rendering  
[2025-04-03 10:59:11] local.INFO: ExamManagementComponent rendering  
[2025-04-03 10:59:12] local.INFO: Unread Count: {"unreadCount":0} 
[2025-04-03 10:59:17] local.INFO: Unread Count: {"unreadCount":0} 
[2025-04-03 10:59:18] local.INFO: Unread Count: {"unreadCount":0} 
[2025-04-03 10:59:21] local.INFO: ExamManagementComponent rendering  
[2025-04-03 10:59:22] local.INFO: Unread Count: {"unreadCount":0} 
[2025-04-03 10:59:24] local.INFO: ExamManagementComponent rendering  
[2025-04-03 10:59:27] local.INFO: Create method called, isCreating set to: true  
[2025-04-03 10:59:27] local.INFO: ExamManagementComponent rendering  
[2025-04-03 10:59:29] local.INFO: Unread Count: {"unreadCount":0} 
[2025-04-03 10:59:44] local.INFO: Unread Count: {"unreadCount":0} 
[2025-04-03 10:59:44] local.INFO: Unread Count: {"unreadCount":0} 
[2025-04-03 10:59:44] local.INFO: ExamManagementComponent rendering  
[2025-04-03 10:59:49] local.INFO: Create method called, isCreating set to: true  
[2025-04-03 10:59:49] local.INFO: ExamManagementComponent rendering  
[2025-04-03 10:59:49] local.INFO: Unread Count: {"unreadCount":0} 
[2025-04-03 10:59:51] local.INFO: Unread Count: {"unreadCount":0} 
[2025-04-03 10:59:52] local.INFO: ExamManagementComponent rendering  
[2025-04-03 10:59:56] local.INFO: Unread Count: {"unreadCount":0} 
[2025-04-03 11:00:01] local.INFO: Unread Count: {"unreadCount":0} 
[2025-04-03 11:00:02] local.INFO: Create method called, isCreating set to: true  
[2025-04-03 11:00:02] local.INFO: ExamManagementComponent rendering  
[2025-04-03 11:00:02] local.INFO: Unread Count: {"unreadCount":0} 
[2025-04-03 11:00:03] local.INFO: ExamManagementComponent rendering  
[2025-04-03 11:00:05] local.INFO: Create method called, isCreating set to: true  
[2025-04-03 11:00:05] local.INFO: ExamManagementComponent rendering  
[2025-04-03 11:00:08] local.INFO: Unread Count: {"unreadCount":0} 
[2025-04-03 11:00:12] local.INFO: Unread Count: {"unreadCount":0} 
[2025-04-03 11:00:12] local.INFO: ExamManagementComponent rendering  
[2025-04-03 11:00:17] local.INFO: Unread Count: {"unreadCount":0} 
[2025-04-03 11:00:17] local.INFO: Create method called, isCreating set to: true  
[2025-04-03 11:00:17] local.INFO: ExamManagementComponent rendering  
[2025-04-03 11:00:22] local.INFO: ExamManagementComponent rendering  
[2025-04-03 11:00:22] local.INFO: Unread Count: {"unreadCount":0} 
[2025-04-03 11:00:27] local.INFO: Unread Count: {"unreadCount":0} 
[2025-04-03 11:00:27] local.INFO: ExamManagementComponent rendering  
[2025-04-03 11:00:30] local.INFO: ExamManagementComponent rendering  
[2025-04-03 11:00:32] local.INFO: ExamManagementComponent rendering  
[2025-04-03 11:00:32] local.INFO: Unread Count: {"unreadCount":0} 
[2025-04-03 11:00:33] local.INFO: ExamManagementComponent rendering  
[2025-04-03 11:00:33] local.INFO: ExamManagementComponent rendering  
[2025-04-03 11:00:37] local.INFO: Unread Count: {"unreadCount":0} 
[2025-04-03 11:00:49] local.INFO: Unread Count: {"unreadCount":0} 
[2025-04-03 11:00:56] local.INFO: Unread Count: {"unreadCount":0} 
[2025-04-03 11:01:07] local.INFO: Unread Count: {"unreadCount":0} 
[2025-04-03 11:01:12] local.INFO: Unread Count: {"unreadCount":0} 
[2025-04-03 11:01:17] local.INFO: Unread Count: {"unreadCount":0} 
[2025-04-03 11:01:20] local.INFO: Unread Count: {"unreadCount":0} 
[2025-04-03 11:01:23] local.INFO: Unread Count: {"unreadCount":0} 
[2025-04-03 11:01:31] local.INFO: Unread Count: {"unreadCount":0} 
[2025-04-03 11:01:36] local.INFO: Unread Count: {"unreadCount":0} 
[2025-04-03 11:01:37] local.INFO: Unread Count: {"unreadCount":0} 
[2025-04-03 11:01:43] local.ERROR: Undefined variable $showExamDetails {"view":{"view":"C:\\projects\\MbukuErp\\resources\\views\\livewire\\partials\\exam-management\\modals.blade.php","data":[]},"userId":1,"exception":"[object] (Spatie\\LaravelIgnition\\Exceptions\\ViewException(code: 0): Undefined variable $showExamDetails at C:\\projects\\MbukuErp\\resources\\views\\livewire\\partials\\exam-management\\modals.blade.php:2)
[stacktrace]
#0 C:\\projects\\MbukuErp\\vendor\\livewire\\livewire\\src\\Mechanisms\\ExtendBlade\\ExtendedCompilerEngine.php(37): include('...')
#1 C:\\projects\\MbukuErp\\vendor\\livewire\\livewire\\src\\Mechanisms\\ExtendBlade\\ExtendedCompilerEngine.php(38): App\\Livewire\\ExamManagementComponent->Livewire\\Mechanisms\\ExtendBlade\\{closure}()
#2 C:\\projects\\MbukuErp\\vendor\\laravel\\framework\\src\\Illuminate\\View\\Engines\\CompilerEngine.php(72): Livewire\\Mechanisms\\ExtendBlade\\ExtendedCompilerEngine->evaluatePath()
#3 C:\\projects\\MbukuErp\\vendor\\livewire\\livewire\\src\\Mechanisms\\ExtendBlade\\ExtendedCompilerEngine.php(16): Illuminate\\View\\Engines\\CompilerEngine->get()
#4 C:\\projects\\MbukuErp\\vendor\\laravel\\framework\\src\\Illuminate\\View\\View.php(207): Livewire\\Mechanisms\\ExtendBlade\\ExtendedCompilerEngine->get()
#5 C:\\projects\\MbukuErp\\vendor\\laravel\\framework\\src\\Illuminate\\View\\View.php(190): Illuminate\\View\\View->getContents()
#6 C:\\projects\\MbukuErp\\vendor\\laravel\\framework\\src\\Illuminate\\View\\View.php(159): Illuminate\\View\\View->renderContents()
#7 C:\\projects\\MbukuErp\\resources\\views\\livewire\\exam-management-component.blade.php(82): Illuminate\\View\\View->render()
#8 C:\\projects\\MbukuErp\\vendor\\livewire\\livewire\\src\\Mechanisms\\ExtendBlade\\ExtendedCompilerEngine.php(37): include('...')
#9 C:\\projects\\MbukuErp\\vendor\\livewire\\livewire\\src\\Mechanisms\\ExtendBlade\\ExtendedCompilerEngine.php(38): App\\Livewire\\ExamManagementComponent->Livewire\\Mechanisms\\ExtendBlade\\{closure}()
#10 C:\\projects\\MbukuErp\\vendor\\laravel\\framework\\src\\Illuminate\\View\\Engines\\CompilerEngine.php(72): Livewire\\Mechanisms\\ExtendBlade\\ExtendedCompilerEngine->evaluatePath()
#11 C:\\projects\\MbukuErp\\vendor\\livewire\\livewire\\src\\Mechanisms\\ExtendBlade\\ExtendedCompilerEngine.php(16): Illuminate\\View\\Engines\\CompilerEngine->get()
#12 C:\\projects\\MbukuErp\\vendor\\laravel\\framework\\src\\Illuminate\\View\\View.php(207): Livewire\\Mechanisms\\ExtendBlade\\ExtendedCompilerEngine->get()
#13 C:\\projects\\MbukuErp\\vendor\\laravel\\framework\\src\\Illuminate\\View\\View.php(190): Illuminate\\View\\View->getContents()
#14 C:\\projects\\MbukuErp\\vendor\\laravel\\framework\\src\\Illuminate\\View\\View.php(159): Illuminate\\View\\View->renderContents()
#15 C:\\projects\\MbukuErp\\vendor\\livewire\\livewire\\src\\Mechanisms\\HandleComponents\\HandleComponents.php(241): Illuminate\\View\\View->render()
#16 C:\\projects\\MbukuErp\\vendor\\livewire\\livewire\\src\\Mechanisms\\HandleComponents\\HandleComponents.php(285): Livewire\\Mechanisms\\HandleComponents\\HandleComponents->Livewire\\Mechanisms\\HandleComponents\\{closure}()
#17 C:\\projects\\MbukuErp\\vendor\\livewire\\livewire\\src\\Mechanisms\\HandleComponents\\HandleComponents.php(233): Livewire\\Mechanisms\\HandleComponents\\HandleComponents->trackInRenderStack()
#18 C:\\projects\\MbukuErp\\vendor\\livewire\\livewire\\src\\Mechanisms\\HandleComponents\\HandleComponents.php(104): Livewire\\Mechanisms\\HandleComponents\\HandleComponents->render()
#19 C:\\projects\\MbukuErp\\vendor\\livewire\\livewire\\src\\LivewireManager.php(102): Livewire\\Mechanisms\\HandleComponents\\HandleComponents->update()
#20 C:\\projects\\MbukuErp\\vendor\\livewire\\livewire\\src\\Mechanisms\\HandleRequests\\HandleRequests.php(94): Livewire\\LivewireManager->update()
#21 C:\\projects\\MbukuErp\\vendor\\laravel\\framework\\src\\Illuminate\\Routing\\ControllerDispatcher.php(46): Livewire\\Mechanisms\\HandleRequests\\HandleRequests->handleUpdate()
#22 C:\\projects\\MbukuErp\\vendor\\laravel\\framework\\src\\Illuminate\\Routing\\Route.php(259): Illuminate\\Routing\\ControllerDispatcher->dispatch()
#23 C:\\projects\\MbukuErp\\vendor\\laravel\\framework\\src\\Illuminate\\Routing\\Route.php(205): Illuminate\\Routing\\Route->runController()
#24 C:\\projects\\MbukuErp\\vendor\\laravel\\framework\\src\\Illuminate\\Routing\\Router.php(806): Illuminate\\Routing\\Route->run()
#25 C:\\projects\\MbukuErp\\vendor\\laravel\\framework\\src\\Illuminate\\Pipeline\\Pipeline.php(144): Illuminate\\Routing\\Router->Illuminate\\Routing\\{closure}()
#26 C:\\projects\\MbukuErp\\app\\Http\\Middleware\\TrackUserActivity.php(33): Illuminate\\Pipeline\\Pipeline->Illuminate\\Pipeline\\{closure}()
#27 C:\\projects\\MbukuErp\\vendor\\laravel\\framework\\src\\Illuminate\\Pipeline\\Pipeline.php(183): App\\Http\\Middleware\\TrackUserActivity->handle()
#28 C:\\projects\\MbukuErp\\app\\Http\\Middleware\\FixCookieJarMiddleware.php(79): Illuminate\\Pipeline\\Pipeline->Illuminate\\Pipeline\\{closure}()
#29 C:\\projects\\MbukuErp\\vendor\\laravel\\framework\\src\\Illuminate\\Pipeline\\Pipeline.php(183): App\\Http\\Middleware\\FixCookieJarMiddleware->handle()
#30 C:\\projects\\MbukuErp\\app\\Http\\Middleware\\VerifyAndRefreshSession.php(105): Illuminate\\Pipeline\\Pipeline->Illuminate\\Pipeline\\{closure}()
#31 C:\\projects\\MbukuErp\\vendor\\laravel\\framework\\src\\Illuminate\\Pipeline\\Pipeline.php(183): App\\Http\\Middleware\\VerifyAndRefreshSession->handle()
#32 C:\\projects\\MbukuErp\\vendor\\laravel\\framework\\src\\Illuminate\\Routing\\Middleware\\SubstituteBindings.php(50): Illuminate\\Pipeline\\Pipeline->Illuminate\\Pipeline\\{closure}()
#33 C:\\projects\\MbukuErp\\vendor\\laravel\\framework\\src\\Illuminate\\Pipeline\\Pipeline.php(183): Illuminate\\Routing\\Middleware\\SubstituteBindings->handle()
#34 C:\\projects\\MbukuErp\\vendor\\laravel\\framework\\src\\Illuminate\\Foundation\\Http\\Middleware\\VerifyCsrfToken.php(78): Illuminate\\Pipeline\\Pipeline->Illuminate\\Pipeline\\{closure}()
#35 C:\\projects\\MbukuErp\\vendor\\laravel\\framework\\src\\Illuminate\\Pipeline\\Pipeline.php(183): Illuminate\\Foundation\\Http\\Middleware\\VerifyCsrfToken->handle()
#36 C:\\projects\\MbukuErp\\vendor\\laravel\\framework\\src\\Illuminate\\Session\\Middleware\\AuthenticateSession.php(60): Illuminate\\Pipeline\\Pipeline->Illuminate\\Pipeline\\{closure}()
#37 C:\\projects\\MbukuErp\\vendor\\laravel\\framework\\src\\Illuminate\\Pipeline\\Pipeline.php(183): Illuminate\\Session\\Middleware\\AuthenticateSession->handle()
#38 C:\\projects\\MbukuErp\\vendor\\laravel\\framework\\src\\Illuminate\\View\\Middleware\\ShareErrorsFromSession.php(49): Illuminate\\Pipeline\\Pipeline->Illuminate\\Pipeline\\{closure}()
#39 C:\\projects\\MbukuErp\\vendor\\laravel\\framework\\src\\Illuminate\\Pipeline\\Pipeline.php(183): Illuminate\\View\\Middleware\\ShareErrorsFromSession->handle()
#40 C:\\projects\\MbukuErp\\app\\Http\\Middleware\\SessionManager.php(37): Illuminate\\Pipeline\\Pipeline->Illuminate\\Pipeline\\{closure}()
#41 C:\\projects\\MbukuErp\\vendor\\laravel\\framework\\src\\Illuminate\\Pipeline\\Pipeline.php(183): App\\Http\\Middleware\\SessionManager->handle()
#42 C:\\projects\\MbukuErp\\vendor\\laravel\\framework\\src\\Illuminate\\Session\\Middleware\\StartSession.php(121): Illuminate\\Pipeline\\Pipeline->Illuminate\\Pipeline\\{closure}()
#43 C:\\projects\\MbukuErp\\vendor\\laravel\\framework\\src\\Illuminate\\Session\\Middleware\\StartSession.php(64): Illuminate\\Session\\Middleware\\StartSession->handleStatefulRequest()
#44 C:\\projects\\MbukuErp\\vendor\\laravel\\framework\\src\\Illuminate\\Pipeline\\Pipeline.php(183): Illuminate\\Session\\Middleware\\StartSession->handle()
#45 C:\\projects\\MbukuErp\\vendor\\laravel\\framework\\src\\Illuminate\\Cookie\\Middleware\\AddQueuedCookiesToResponse.php(37): Illuminate\\Pipeline\\Pipeline->Illuminate\\Pipeline\\{closure}()
#46 C:\\projects\\MbukuErp\\vendor\\laravel\\framework\\src\\Illuminate\\Pipeline\\Pipeline.php(183): Illuminate\\Cookie\\Middleware\\AddQueuedCookiesToResponse->handle()
#47 C:\\projects\\MbukuErp\\app\\Http\\Middleware\\EnsureAuthWorks.php(24): Illuminate\\Pipeline\\Pipeline->Illuminate\\Pipeline\\{closure}()
#48 C:\\projects\\MbukuErp\\vendor\\laravel\\framework\\src\\Illuminate\\Pipeline\\Pipeline.php(183): App\\Http\\Middleware\\EnsureAuthWorks->handle()
#49 C:\\projects\\MbukuErp\\vendor\\laravel\\framework\\src\\Illuminate\\Cookie\\Middleware\\EncryptCookies.php(67): Illuminate\\Pipeline\\Pipeline->Illuminate\\Pipeline\\{closure}()
#50 C:\\projects\\MbukuErp\\vendor\\laravel\\framework\\src\\Illuminate\\Pipeline\\Pipeline.php(183): Illuminate\\Cookie\\Middleware\\EncryptCookies->handle()
#51 C:\\projects\\MbukuErp\\app\\Http\\Middleware\\EnsureCookieJarExists.php(65): Illuminate\\Pipeline\\Pipeline->Illuminate\\Pipeline\\{closure}()
#52 C:\\projects\\MbukuErp\\vendor\\laravel\\framework\\src\\Illuminate\\Pipeline\\Pipeline.php(183): App\\Http\\Middleware\\EnsureCookieJarExists->handle()
#53 C:\\projects\\MbukuErp\\vendor\\laravel\\framework\\src\\Illuminate\\Pipeline\\Pipeline.php(119): Illuminate\\Pipeline\\Pipeline->Illuminate\\Pipeline\\{closure}()
#54 C:\\projects\\MbukuErp\\vendor\\laravel\\framework\\src\\Illuminate\\Routing\\Router.php(805): Illuminate\\Pipeline\\Pipeline->then()
#55 C:\\projects\\MbukuErp\\vendor\\laravel\\framework\\src\\Illuminate\\Routing\\Router.php(784): Illuminate\\Routing\\Router->runRouteWithinStack()
#56 C:\\projects\\MbukuErp\\vendor\\laravel\\framework\\src\\Illuminate\\Routing\\Router.php(748): Illuminate\\Routing\\Router->runRoute()
#57 C:\\projects\\MbukuErp\\vendor\\laravel\\framework\\src\\Illuminate\\Routing\\Router.php(737): Illuminate\\Routing\\Router->dispatchToRoute()
#58 C:\\projects\\MbukuErp\\vendor\\laravel\\framework\\src\\Illuminate\\Foundation\\Http\\Kernel.php(200): Illuminate\\Routing\\Router->dispatch()
#59 C:\\projects\\MbukuErp\\vendor\\laravel\\framework\\src\\Illuminate\\Pipeline\\Pipeline.php(144): Illuminate\\Foundation\\Http\\Kernel->Illuminate\\Foundation\\Http\\{closure}()
#60 C:\\projects\\MbukuErp\\vendor\\livewire\\livewire\\src\\Features\\SupportDisablingBackButtonCache\\DisableBackButtonCacheMiddleware.php(19): Illuminate\\Pipeline\\Pipeline->Illuminate\\Pipeline\\{closure}()
#61 C:\\projects\\MbukuErp\\vendor\\laravel\\framework\\src\\Illuminate\\Pipeline\\Pipeline.php(183): Livewire\\Features\\SupportDisablingBackButtonCache\\DisableBackButtonCacheMiddleware->handle()
#62 C:\\projects\\MbukuErp\\vendor\\laravel\\framework\\src\\Illuminate\\Foundation\\Http\\Middleware\\ConvertEmptyStringsToNull.php(27): Illuminate\\Pipeline\\Pipeline->Illuminate\\Pipeline\\{closure}()
#63 C:\\projects\\MbukuErp\\vendor\\laravel\\framework\\src\\Illuminate\\Pipeline\\Pipeline.php(183): Illuminate\\Foundation\\Http\\Middleware\\ConvertEmptyStringsToNull->handle()
#64 C:\\projects\\MbukuErp\\vendor\\laravel\\framework\\src\\Illuminate\\Foundation\\Http\\Middleware\\TrimStrings.php(36): Illuminate\\Pipeline\\Pipeline->Illuminate\\Pipeline\\{closure}()
#65 C:\\projects\\MbukuErp\\vendor\\laravel\\framework\\src\\Illuminate\\Pipeline\\Pipeline.php(183): Illuminate\\Foundation\\Http\\Middleware\\TrimStrings->handle()
#66 C:\\projects\\MbukuErp\\vendor\\laravel\\framework\\src\\Illuminate\\Foundation\\Http\\Middleware\\ValidatePostSize.php(27): Illuminate\\Pipeline\\Pipeline->Illuminate\\Pipeline\\{closure}()
#67 C:\\projects\\MbukuErp\\vendor\\laravel\\framework\\src\\Illuminate\\Pipeline\\Pipeline.php(183): Illuminate\\Foundation\\Http\\Middleware\\ValidatePostSize->handle()
#68 C:\\projects\\MbukuErp\\vendor\\laravel\\framework\\src\\Illuminate\\Foundation\\Http\\Middleware\\PreventRequestsDuringMaintenance.php(99): Illuminate\\Pipeline\\Pipeline->Illuminate\\Pipeline\\{closure}()
#69 C:\\projects\\MbukuErp\\vendor\\laravel\\framework\\src\\Illuminate\\Pipeline\\Pipeline.php(183): Illuminate\\Foundation\\Http\\Middleware\\PreventRequestsDuringMaintenance->handle()
#70 C:\\projects\\MbukuErp\\vendor\\laravel\\framework\\src\\Illuminate\\Http\\Middleware\\HandleCors.php(49): Illuminate\\Pipeline\\Pipeline->Illuminate\\Pipeline\\{closure}()
#71 C:\\projects\\MbukuErp\\vendor\\laravel\\framework\\src\\Illuminate\\Pipeline\\Pipeline.php(183): Illuminate\\Http\\Middleware\\HandleCors->handle()
#72 C:\\projects\\MbukuErp\\vendor\\laravel\\framework\\src\\Illuminate\\Http\\Middleware\\TrustProxies.php(39): Illuminate\\Pipeline\\Pipeline->Illuminate\\Pipeline\\{closure}()
#73 C:\\projects\\MbukuErp\\vendor\\laravel\\framework\\src\\Illuminate\\Pipeline\\Pipeline.php(183): Illuminate\\Http\\Middleware\\TrustProxies->handle()
#74 C:\\projects\\MbukuErp\\app\\Http\\Middleware\\EnsureCookieJarExists.php(65): Illuminate\\Pipeline\\Pipeline->Illuminate\\Pipeline\\{closure}()
#75 C:\\projects\\MbukuErp\\vendor\\laravel\\framework\\src\\Illuminate\\Pipeline\\Pipeline.php(183): App\\Http\\Middleware\\EnsureCookieJarExists->handle()
#76 C:\\projects\\MbukuErp\\app\\Http\\Middleware\\DiagnosticMiddleware.php(67): Illuminate\\Pipeline\\Pipeline->Illuminate\\Pipeline\\{closure}()
#77 C:\\projects\\MbukuErp\\vendor\\laravel\\framework\\src\\Illuminate\\Pipeline\\Pipeline.php(183): App\\Http\\Middleware\\DiagnosticMiddleware->handle()
#78 C:\\projects\\MbukuErp\\vendor\\laravel\\framework\\src\\Illuminate\\Pipeline\\Pipeline.php(119): Illuminate\\Pipeline\\Pipeline->Illuminate\\Pipeline\\{closure}()
#79 C:\\projects\\MbukuErp\\vendor\\laravel\\framework\\src\\Illuminate\\Foundation\\Http\\Kernel.php(175): Illuminate\\Pipeline\\Pipeline->then()
#80 C:\\projects\\MbukuErp\\vendor\\laravel\\framework\\src\\Illuminate\\Foundation\\Http\\Kernel.php(144): Illuminate\\Foundation\\Http\\Kernel->sendRequestThroughRouter()
#81 C:\\projects\\MbukuErp\\public\\index.php(54): Illuminate\\Foundation\\Http\\Kernel->handle()
#82 C:\\projects\\MbukuErp\\server.php(21): require_once('...')
#83 {main}

[previous exception] [object] (ErrorException(code: 0): Undefined variable $showExamDetails at C:\\projects\\MbukuErp\\storage\\framework\\views\\06b75fc8fb02e458cc3d1dfd7dfad4fc.php:2)
[stacktrace]
#0 C:\\projects\\MbukuErp\\vendor\\laravel\\framework\\src\\Illuminate\\Foundation\\Bootstrap\\HandleExceptions.php(255): Illuminate\\Foundation\\Bootstrap\\HandleExceptions->handleError()
#1 C:\\projects\\MbukuErp\\storage\\framework\\views\\06b75fc8fb02e458cc3d1dfd7dfad4fc.php(2): Illuminate\\Foundation\\Bootstrap\\HandleExceptions->Illuminate\\Foundation\\Bootstrap\\{closure}()
#2 C:\\projects\\MbukuErp\\vendor\\livewire\\livewire\\src\\Mechanisms\\ExtendBlade\\ExtendedCompilerEngine.php(37): include('...')
#3 C:\\projects\\MbukuErp\\vendor\\livewire\\livewire\\src\\Mechanisms\\ExtendBlade\\ExtendedCompilerEngine.php(38): App\\Livewire\\ExamManagementComponent->Livewire\\Mechanisms\\ExtendBlade\\{closure}()
#4 C:\\projects\\MbukuErp\\vendor\\laravel\\framework\\src\\Illuminate\\View\\Engines\\CompilerEngine.php(72): Livewire\\Mechanisms\\ExtendBlade\\ExtendedCompilerEngine->evaluatePath()
#5 C:\\projects\\MbukuErp\\vendor\\livewire\\livewire\\src\\Mechanisms\\ExtendBlade\\ExtendedCompilerEngine.php(16): Illuminate\\View\\Engines\\CompilerEngine->get()
#6 C:\\projects\\MbukuErp\\vendor\\laravel\\framework\\src\\Illuminate\\View\\View.php(207): Livewire\\Mechanisms\\ExtendBlade\\ExtendedCompilerEngine->get()
#7 C:\\projects\\MbukuErp\\vendor\\laravel\\framework\\src\\Illuminate\\View\\View.php(190): Illuminate\\View\\View->getContents()
#8 C:\\projects\\MbukuErp\\vendor\\laravel\\framework\\src\\Illuminate\\View\\View.php(159): Illuminate\\View\\View->renderContents()
#9 C:\\projects\\MbukuErp\\storage\\framework\\views\\bb441ab46b1eedf1d6aca0353ef5be3d.php(82): Illuminate\\View\\View->render()
#10 C:\\projects\\MbukuErp\\vendor\\livewire\\livewire\\src\\Mechanisms\\ExtendBlade\\ExtendedCompilerEngine.php(37): include('...')
#11 C:\\projects\\MbukuErp\\vendor\\livewire\\livewire\\src\\Mechanisms\\ExtendBlade\\ExtendedCompilerEngine.php(38): App\\Livewire\\ExamManagementComponent->Livewire\\Mechanisms\\ExtendBlade\\{closure}()
#12 C:\\projects\\MbukuErp\\vendor\\laravel\\framework\\src\\Illuminate\\View\\Engines\\CompilerEngine.php(72): Livewire\\Mechanisms\\ExtendBlade\\ExtendedCompilerEngine->evaluatePath()
#13 C:\\projects\\MbukuErp\\vendor\\livewire\\livewire\\src\\Mechanisms\\ExtendBlade\\ExtendedCompilerEngine.php(16): Illuminate\\View\\Engines\\CompilerEngine->get()
#14 C:\\projects\\MbukuErp\\vendor\\laravel\\framework\\src\\Illuminate\\View\\View.php(207): Livewire\\Mechanisms\\ExtendBlade\\ExtendedCompilerEngine->get()
#15 C:\\projects\\MbukuErp\\vendor\\laravel\\framework\\src\\Illuminate\\View\\View.php(190): Illuminate\\View\\View->getContents()
#16 C:\\projects\\MbukuErp\\vendor\\laravel\\framework\\src\\Illuminate\\View\\View.php(159): Illuminate\\View\\View->renderContents()
#17 C:\\projects\\MbukuErp\\vendor\\livewire\\livewire\\src\\Mechanisms\\HandleComponents\\HandleComponents.php(241): Illuminate\\View\\View->render()
#18 C:\\projects\\MbukuErp\\vendor\\livewire\\livewire\\src\\Mechanisms\\HandleComponents\\HandleComponents.php(285): Livewire\\Mechanisms\\HandleComponents\\HandleComponents->Livewire\\Mechanisms\\HandleComponents\\{closure}()
#19 C:\\projects\\MbukuErp\\vendor\\livewire\\livewire\\src\\Mechanisms\\HandleComponents\\HandleComponents.php(233): Livewire\\Mechanisms\\HandleComponents\\HandleComponents->trackInRenderStack()
#20 C:\\projects\\MbukuErp\\vendor\\livewire\\livewire\\src\\Mechanisms\\HandleComponents\\HandleComponents.php(104): Livewire\\Mechanisms\\HandleComponents\\HandleComponents->render()
#21 C:\\projects\\MbukuErp\\vendor\\livewire\\livewire\\src\\LivewireManager.php(102): Livewire\\Mechanisms\\HandleComponents\\HandleComponents->update()
#22 C:\\projects\\MbukuErp\\vendor\\livewire\\livewire\\src\\Mechanisms\\HandleRequests\\HandleRequests.php(94): Livewire\\LivewireManager->update()
#23 C:\\projects\\MbukuErp\\vendor\\laravel\\framework\\src\\Illuminate\\Routing\\ControllerDispatcher.php(46): Livewire\\Mechanisms\\HandleRequests\\HandleRequests->handleUpdate()
#24 C:\\projects\\MbukuErp\\vendor\\laravel\\framework\\src\\Illuminate\\Routing\\Route.php(259): Illuminate\\Routing\\ControllerDispatcher->dispatch()
#25 C:\\projects\\MbukuErp\\vendor\\laravel\\framework\\src\\Illuminate\\Routing\\Route.php(205): Illuminate\\Routing\\Route->runController()
#26 C:\\projects\\MbukuErp\\vendor\\laravel\\framework\\src\\Illuminate\\Routing\\Router.php(806): Illuminate\\Routing\\Route->run()
#27 C:\\projects\\MbukuErp\\vendor\\laravel\\framework\\src\\Illuminate\\Pipeline\\Pipeline.php(144): Illuminate\\Routing\\Router->Illuminate\\Routing\\{closure}()
#28 C:\\projects\\MbukuErp\\app\\Http\\Middleware\\TrackUserActivity.php(33): Illuminate\\Pipeline\\Pipeline->Illuminate\\Pipeline\\{closure}()
#29 C:\\projects\\MbukuErp\\vendor\\laravel\\framework\\src\\Illuminate\\Pipeline\\Pipeline.php(183): App\\Http\\Middleware\\TrackUserActivity->handle()
#30 C:\\projects\\MbukuErp\\app\\Http\\Middleware\\FixCookieJarMiddleware.php(79): Illuminate\\Pipeline\\Pipeline->Illuminate\\Pipeline\\{closure}()
#31 C:\\projects\\MbukuErp\\vendor\\laravel\\framework\\src\\Illuminate\\Pipeline\\Pipeline.php(183): App\\Http\\Middleware\\FixCookieJarMiddleware->handle()
#32 C:\\projects\\MbukuErp\\app\\Http\\Middleware\\VerifyAndRefreshSession.php(105): Illuminate\\Pipeline\\Pipeline->Illuminate\\Pipeline\\{closure}()
#33 C:\\projects\\MbukuErp\\vendor\\laravel\\framework\\src\\Illuminate\\Pipeline\\Pipeline.php(183): App\\Http\\Middleware\\VerifyAndRefreshSession->handle()
#34 C:\\projects\\MbukuErp\\vendor\\laravel\\framework\\src\\Illuminate\\Routing\\Middleware\\SubstituteBindings.php(50): Illuminate\\Pipeline\\Pipeline->Illuminate\\Pipeline\\{closure}()
#35 C:\\projects\\MbukuErp\\vendor\\laravel\\framework\\src\\Illuminate\\Pipeline\\Pipeline.php(183): Illuminate\\Routing\\Middleware\\SubstituteBindings->handle()
#36 C:\\projects\\MbukuErp\\vendor\\laravel\\framework\\src\\Illuminate\\Foundation\\Http\\Middleware\\VerifyCsrfToken.php(78): Illuminate\\Pipeline\\Pipeline->Illuminate\\Pipeline\\{closure}()
#37 C:\\projects\\MbukuErp\\vendor\\laravel\\framework\\src\\Illuminate\\Pipeline\\Pipeline.php(183): Illuminate\\Foundation\\Http\\Middleware\\VerifyCsrfToken->handle()
#38 C:\\projects\\MbukuErp\\vendor\\laravel\\framework\\src\\Illuminate\\Session\\Middleware\\AuthenticateSession.php(60): Illuminate\\Pipeline\\Pipeline->Illuminate\\Pipeline\\{closure}()
#39 C:\\projects\\MbukuErp\\vendor\\laravel\\framework\\src\\Illuminate\\Pipeline\\Pipeline.php(183): Illuminate\\Session\\Middleware\\AuthenticateSession->handle()
#40 C:\\projects\\MbukuErp\\vendor\\laravel\\framework\\src\\Illuminate\\View\\Middleware\\ShareErrorsFromSession.php(49): Illuminate\\Pipeline\\Pipeline->Illuminate\\Pipeline\\{closure}()
#41 C:\\projects\\MbukuErp\\vendor\\laravel\\framework\\src\\Illuminate\\Pipeline\\Pipeline.php(183): Illuminate\\View\\Middleware\\ShareErrorsFromSession->handle()
#42 C:\\projects\\MbukuErp\\app\\Http\\Middleware\\SessionManager.php(37): Illuminate\\Pipeline\\Pipeline->Illuminate\\Pipeline\\{closure}()
#43 C:\\projects\\MbukuErp\\vendor\\laravel\\framework\\src\\Illuminate\\Pipeline\\Pipeline.php(183): App\\Http\\Middleware\\SessionManager->handle()
#44 C:\\projects\\MbukuErp\\vendor\\laravel\\framework\\src\\Illuminate\\Session\\Middleware\\StartSession.php(121): Illuminate\\Pipeline\\Pipeline->Illuminate\\Pipeline\\{closure}()
#45 C:\\projects\\MbukuErp\\vendor\\laravel\\framework\\src\\Illuminate\\Session\\Middleware\\StartSession.php(64): Illuminate\\Session\\Middleware\\StartSession->handleStatefulRequest()
#46 C:\\projects\\MbukuErp\\vendor\\laravel\\framework\\src\\Illuminate\\Pipeline\\Pipeline.php(183): Illuminate\\Session\\Middleware\\StartSession->handle()
#47 C:\\projects\\MbukuErp\\vendor\\laravel\\framework\\src\\Illuminate\\Cookie\\Middleware\\AddQueuedCookiesToResponse.php(37): Illuminate\\Pipeline\\Pipeline->Illuminate\\Pipeline\\{closure}()
#48 C:\\projects\\MbukuErp\\vendor\\laravel\\framework\\src\\Illuminate\\Pipeline\\Pipeline.php(183): Illuminate\\Cookie\\Middleware\\AddQueuedCookiesToResponse->handle()
#49 C:\\projects\\MbukuErp\\app\\Http\\Middleware\\EnsureAuthWorks.php(24): Illuminate\\Pipeline\\Pipeline->Illuminate\\Pipeline\\{closure}()
#50 C:\\projects\\MbukuErp\\vendor\\laravel\\framework\\src\\Illuminate\\Pipeline\\Pipeline.php(183): App\\Http\\Middleware\\EnsureAuthWorks->handle()
#51 C:\\projects\\MbukuErp\\vendor\\laravel\\framework\\src\\Illuminate\\Cookie\\Middleware\\EncryptCookies.php(67): Illuminate\\Pipeline\\Pipeline->Illuminate\\Pipeline\\{closure}()
#52 C:\\projects\\MbukuErp\\vendor\\laravel\\framework\\src\\Illuminate\\Pipeline\\Pipeline.php(183): Illuminate\\Cookie\\Middleware\\EncryptCookies->handle()
#53 C:\\projects\\MbukuErp\\app\\Http\\Middleware\\EnsureCookieJarExists.php(65): Illuminate\\Pipeline\\Pipeline->Illuminate\\Pipeline\\{closure}()
#54 C:\\projects\\MbukuErp\\vendor\\laravel\\framework\\src\\Illuminate\\Pipeline\\Pipeline.php(183): App\\Http\\Middleware\\EnsureCookieJarExists->handle()
#55 C:\\projects\\MbukuErp\\vendor\\laravel\\framework\\src\\Illuminate\\Pipeline\\Pipeline.php(119): Illuminate\\Pipeline\\Pipeline->Illuminate\\Pipeline\\{closure}()
#56 C:\\projects\\MbukuErp\\vendor\\laravel\\framework\\src\\Illuminate\\Routing\\Router.php(805): Illuminate\\Pipeline\\Pipeline->then()
#57 C:\\projects\\MbukuErp\\vendor\\laravel\\framework\\src\\Illuminate\\Routing\\Router.php(784): Illuminate\\Routing\\Router->runRouteWithinStack()
#58 C:\\projects\\MbukuErp\\vendor\\laravel\\framework\\src\\Illuminate\\Routing\\Router.php(748): Illuminate\\Routing\\Router->runRoute()
#59 C:\\projects\\MbukuErp\\vendor\\laravel\\framework\\src\\Illuminate\\Routing\\Router.php(737): Illuminate\\Routing\\Router->dispatchToRoute()
#60 C:\\projects\\MbukuErp\\vendor\\laravel\\framework\\src\\Illuminate\\Foundation\\Http\\Kernel.php(200): Illuminate\\Routing\\Router->dispatch()
#61 C:\\projects\\MbukuErp\\vendor\\laravel\\framework\\src\\Illuminate\\Pipeline\\Pipeline.php(144): Illuminate\\Foundation\\Http\\Kernel->Illuminate\\Foundation\\Http\\{closure}()
#62 C:\\projects\\MbukuErp\\vendor\\livewire\\livewire\\src\\Features\\SupportDisablingBackButtonCache\\DisableBackButtonCacheMiddleware.php(19): Illuminate\\Pipeline\\Pipeline->Illuminate\\Pipeline\\{closure}()
#63 C:\\projects\\MbukuErp\\vendor\\laravel\\framework\\src\\Illuminate\\Pipeline\\Pipeline.php(183): Livewire\\Features\\SupportDisablingBackButtonCache\\DisableBackButtonCacheMiddleware->handle()
#64 C:\\projects\\MbukuErp\\vendor\\laravel\\framework\\src\\Illuminate\\Foundation\\Http\\Middleware\\ConvertEmptyStringsToNull.php(27): Illuminate\\Pipeline\\Pipeline->Illuminate\\Pipeline\\{closure}()
#65 C:\\projects\\MbukuErp\\vendor\\laravel\\framework\\src\\Illuminate\\Pipeline\\Pipeline.php(183): Illuminate\\Foundation\\Http\\Middleware\\ConvertEmptyStringsToNull->handle()
#66 C:\\projects\\MbukuErp\\vendor\\laravel\\framework\\src\\Illuminate\\Foundation\\Http\\Middleware\\TrimStrings.php(36): Illuminate\\Pipeline\\Pipeline->Illuminate\\Pipeline\\{closure}()
#67 C:\\projects\\MbukuErp\\vendor\\laravel\\framework\\src\\Illuminate\\Pipeline\\Pipeline.php(183): Illuminate\\Foundation\\Http\\Middleware\\TrimStrings->handle()
#68 C:\\projects\\MbukuErp\\vendor\\laravel\\framework\\src\\Illuminate\\Foundation\\Http\\Middleware\\ValidatePostSize.php(27): Illuminate\\Pipeline\\Pipeline->Illuminate\\Pipeline\\{closure}()
#69 C:\\projects\\MbukuErp\\vendor\\laravel\\framework\\src\\Illuminate\\Pipeline\\Pipeline.php(183): Illuminate\\Foundation\\Http\\Middleware\\ValidatePostSize->handle()
#70 C:\\projects\\MbukuErp\\vendor\\laravel\\framework\\src\\Illuminate\\Foundation\\Http\\Middleware\\PreventRequestsDuringMaintenance.php(99): Illuminate\\Pipeline\\Pipeline->Illuminate\\Pipeline\\{closure}()
#71 C:\\projects\\MbukuErp\\vendor\\laravel\\framework\\src\\Illuminate\\Pipeline\\Pipeline.php(183): Illuminate\\Foundation\\Http\\Middleware\\PreventRequestsDuringMaintenance->handle()
#72 C:\\projects\\MbukuErp\\vendor\\laravel\\framework\\src\\Illuminate\\Http\\Middleware\\HandleCors.php(49): Illuminate\\Pipeline\\Pipeline->Illuminate\\Pipeline\\{closure}()
#73 C:\\projects\\MbukuErp\\vendor\\laravel\\framework\\src\\Illuminate\\Pipeline\\Pipeline.php(183): Illuminate\\Http\\Middleware\\HandleCors->handle()
#74 C:\\projects\\MbukuErp\\vendor\\laravel\\framework\\src\\Illuminate\\Http\\Middleware\\TrustProxies.php(39): Illuminate\\Pipeline\\Pipeline->Illuminate\\Pipeline\\{closure}()
#75 C:\\projects\\MbukuErp\\vendor\\laravel\\framework\\src\\Illuminate\\Pipeline\\Pipeline.php(183): Illuminate\\Http\\Middleware\\TrustProxies->handle()
#76 C:\\projects\\MbukuErp\\app\\Http\\Middleware\\EnsureCookieJarExists.php(65): Illuminate\\Pipeline\\Pipeline->Illuminate\\Pipeline\\{closure}()
#77 C:\\projects\\MbukuErp\\vendor\\laravel\\framework\\src\\Illuminate\\Pipeline\\Pipeline.php(183): App\\Http\\Middleware\\EnsureCookieJarExists->handle()
#78 C:\\projects\\MbukuErp\\app\\Http\\Middleware\\DiagnosticMiddleware.php(67): Illuminate\\Pipeline\\Pipeline->Illuminate\\Pipeline\\{closure}()
#79 C:\\projects\\MbukuErp\\vendor\\laravel\\framework\\src\\Illuminate\\Pipeline\\Pipeline.php(183): App\\Http\\Middleware\\DiagnosticMiddleware->handle()
#80 C:\\projects\\MbukuErp\\vendor\\laravel\\framework\\src\\Illuminate\\Pipeline\\Pipeline.php(119): Illuminate\\Pipeline\\Pipeline->Illuminate\\Pipeline\\{closure}()
#81 C:\\projects\\MbukuErp\\vendor\\laravel\\framework\\src\\Illuminate\\Foundation\\Http\\Kernel.php(175): Illuminate\\Pipeline\\Pipeline->then()
#82 C:\\projects\\MbukuErp\\vendor\\laravel\\framework\\src\\Illuminate\\Foundation\\Http\\Kernel.php(144): Illuminate\\Foundation\\Http\\Kernel->sendRequestThroughRouter()
#83 C:\\projects\\MbukuErp\\public\\index.php(54): Illuminate\\Foundation\\Http\\Kernel->handle()
#84 C:\\projects\\MbukuErp\\server.php(21): require_once('...')
#85 {main}
"} 
[2025-04-03 11:01:44] local.INFO: Unread Count: {"unreadCount":0} 
[2025-04-03 11:01:46] local.INFO: Unread Count: {"unreadCount":0} 
[2025-04-03 11:01:48] local.ERROR: Undefined variable $showExamDetails {"view":{"view":"C:\\projects\\MbukuErp\\resources\\views\\livewire\\partials\\exam-management\\modals.blade.php","data":[]},"userId":1,"exception":"[object] (Spatie\\LaravelIgnition\\Exceptions\\ViewException(code: 0): Undefined variable $showExamDetails at C:\\projects\\MbukuErp\\resources\\views\\livewire\\partials\\exam-management\\modals.blade.php:2)
[stacktrace]
#0 C:\\projects\\MbukuErp\\vendor\\livewire\\livewire\\src\\Mechanisms\\ExtendBlade\\ExtendedCompilerEngine.php(37): include('...')
#1 C:\\projects\\MbukuErp\\vendor\\livewire\\livewire\\src\\Mechanisms\\ExtendBlade\\ExtendedCompilerEngine.php(38): App\\Livewire\\ExamManagementComponent->Livewire\\Mechanisms\\ExtendBlade\\{closure}()
#2 C:\\projects\\MbukuErp\\vendor\\laravel\\framework\\src\\Illuminate\\View\\Engines\\CompilerEngine.php(72): Livewire\\Mechanisms\\ExtendBlade\\ExtendedCompilerEngine->evaluatePath()
#3 C:\\projects\\MbukuErp\\vendor\\livewire\\livewire\\src\\Mechanisms\\ExtendBlade\\ExtendedCompilerEngine.php(16): Illuminate\\View\\Engines\\CompilerEngine->get()
#4 C:\\projects\\MbukuErp\\vendor\\laravel\\framework\\src\\Illuminate\\View\\View.php(207): Livewire\\Mechanisms\\ExtendBlade\\ExtendedCompilerEngine->get()
#5 C:\\projects\\MbukuErp\\vendor\\laravel\\framework\\src\\Illuminate\\View\\View.php(190): Illuminate\\View\\View->getContents()
#6 C:\\projects\\MbukuErp\\vendor\\laravel\\framework\\src\\Illuminate\\View\\View.php(159): Illuminate\\View\\View->renderContents()
#7 C:\\projects\\MbukuErp\\resources\\views\\livewire\\exam-management-component.blade.php(82): Illuminate\\View\\View->render()
#8 C:\\projects\\MbukuErp\\vendor\\livewire\\livewire\\src\\Mechanisms\\ExtendBlade\\ExtendedCompilerEngine.php(37): include('...')
#9 C:\\projects\\MbukuErp\\vendor\\livewire\\livewire\\src\\Mechanisms\\ExtendBlade\\ExtendedCompilerEngine.php(38): App\\Livewire\\ExamManagementComponent->Livewire\\Mechanisms\\ExtendBlade\\{closure}()
#10 C:\\projects\\MbukuErp\\vendor\\laravel\\framework\\src\\Illuminate\\View\\Engines\\CompilerEngine.php(72): Livewire\\Mechanisms\\ExtendBlade\\ExtendedCompilerEngine->evaluatePath()
#11 C:\\projects\\MbukuErp\\vendor\\livewire\\livewire\\src\\Mechanisms\\ExtendBlade\\ExtendedCompilerEngine.php(16): Illuminate\\View\\Engines\\CompilerEngine->get()
#12 C:\\projects\\MbukuErp\\vendor\\laravel\\framework\\src\\Illuminate\\View\\View.php(207): Livewire\\Mechanisms\\ExtendBlade\\ExtendedCompilerEngine->get()
#13 C:\\projects\\MbukuErp\\vendor\\laravel\\framework\\src\\Illuminate\\View\\View.php(190): Illuminate\\View\\View->getContents()
#14 C:\\projects\\MbukuErp\\vendor\\laravel\\framework\\src\\Illuminate\\View\\View.php(159): Illuminate\\View\\View->renderContents()
#15 C:\\projects\\MbukuErp\\vendor\\livewire\\livewire\\src\\Mechanisms\\HandleComponents\\HandleComponents.php(241): Illuminate\\View\\View->render()
#16 C:\\projects\\MbukuErp\\vendor\\livewire\\livewire\\src\\Mechanisms\\HandleComponents\\HandleComponents.php(285): Livewire\\Mechanisms\\HandleComponents\\HandleComponents->Livewire\\Mechanisms\\HandleComponents\\{closure}()
#17 C:\\projects\\MbukuErp\\vendor\\livewire\\livewire\\src\\Mechanisms\\HandleComponents\\HandleComponents.php(233): Livewire\\Mechanisms\\HandleComponents\\HandleComponents->trackInRenderStack()
#18 C:\\projects\\MbukuErp\\vendor\\livewire\\livewire\\src\\Mechanisms\\HandleComponents\\HandleComponents.php(104): Livewire\\Mechanisms\\HandleComponents\\HandleComponents->render()
#19 C:\\projects\\MbukuErp\\vendor\\livewire\\livewire\\src\\LivewireManager.php(102): Livewire\\Mechanisms\\HandleComponents\\HandleComponents->update()
#20 C:\\projects\\MbukuErp\\vendor\\livewire\\livewire\\src\\Mechanisms\\HandleRequests\\HandleRequests.php(94): Livewire\\LivewireManager->update()
#21 C:\\projects\\MbukuErp\\vendor\\laravel\\framework\\src\\Illuminate\\Routing\\ControllerDispatcher.php(46): Livewire\\Mechanisms\\HandleRequests\\HandleRequests->handleUpdate()
#22 C:\\projects\\MbukuErp\\vendor\\laravel\\framework\\src\\Illuminate\\Routing\\Route.php(259): Illuminate\\Routing\\ControllerDispatcher->dispatch()
#23 C:\\projects\\MbukuErp\\vendor\\laravel\\framework\\src\\Illuminate\\Routing\\Route.php(205): Illuminate\\Routing\\Route->runController()
#24 C:\\projects\\MbukuErp\\vendor\\laravel\\framework\\src\\Illuminate\\Routing\\Router.php(806): Illuminate\\Routing\\Route->run()
#25 C:\\projects\\MbukuErp\\vendor\\laravel\\framework\\src\\Illuminate\\Pipeline\\Pipeline.php(144): Illuminate\\Routing\\Router->Illuminate\\Routing\\{closure}()
#26 C:\\projects\\MbukuErp\\app\\Http\\Middleware\\TrackUserActivity.php(33): Illuminate\\Pipeline\\Pipeline->Illuminate\\Pipeline\\{closure}()
#27 C:\\projects\\MbukuErp\\vendor\\laravel\\framework\\src\\Illuminate\\Pipeline\\Pipeline.php(183): App\\Http\\Middleware\\TrackUserActivity->handle()
#28 C:\\projects\\MbukuErp\\app\\Http\\Middleware\\FixCookieJarMiddleware.php(79): Illuminate\\Pipeline\\Pipeline->Illuminate\\Pipeline\\{closure}()
#29 C:\\projects\\MbukuErp\\vendor\\laravel\\framework\\src\\Illuminate\\Pipeline\\Pipeline.php(183): App\\Http\\Middleware\\FixCookieJarMiddleware->handle()
#30 C:\\projects\\MbukuErp\\app\\Http\\Middleware\\VerifyAndRefreshSession.php(105): Illuminate\\Pipeline\\Pipeline->Illuminate\\Pipeline\\{closure}()
#31 C:\\projects\\MbukuErp\\vendor\\laravel\\framework\\src\\Illuminate\\Pipeline\\Pipeline.php(183): App\\Http\\Middleware\\VerifyAndRefreshSession->handle()
#32 C:\\projects\\MbukuErp\\vendor\\laravel\\framework\\src\\Illuminate\\Routing\\Middleware\\SubstituteBindings.php(50): Illuminate\\Pipeline\\Pipeline->Illuminate\\Pipeline\\{closure}()
#33 C:\\projects\\MbukuErp\\vendor\\laravel\\framework\\src\\Illuminate\\Pipeline\\Pipeline.php(183): Illuminate\\Routing\\Middleware\\SubstituteBindings->handle()
#34 C:\\projects\\MbukuErp\\vendor\\laravel\\framework\\src\\Illuminate\\Foundation\\Http\\Middleware\\VerifyCsrfToken.php(78): Illuminate\\Pipeline\\Pipeline->Illuminate\\Pipeline\\{closure}()
#35 C:\\projects\\MbukuErp\\vendor\\laravel\\framework\\src\\Illuminate\\Pipeline\\Pipeline.php(183): Illuminate\\Foundation\\Http\\Middleware\\VerifyCsrfToken->handle()
#36 C:\\projects\\MbukuErp\\vendor\\laravel\\framework\\src\\Illuminate\\Session\\Middleware\\AuthenticateSession.php(60): Illuminate\\Pipeline\\Pipeline->Illuminate\\Pipeline\\{closure}()
#37 C:\\projects\\MbukuErp\\vendor\\laravel\\framework\\src\\Illuminate\\Pipeline\\Pipeline.php(183): Illuminate\\Session\\Middleware\\AuthenticateSession->handle()
#38 C:\\projects\\MbukuErp\\vendor\\laravel\\framework\\src\\Illuminate\\View\\Middleware\\ShareErrorsFromSession.php(49): Illuminate\\Pipeline\\Pipeline->Illuminate\\Pipeline\\{closure}()
#39 C:\\projects\\MbukuErp\\vendor\\laravel\\framework\\src\\Illuminate\\Pipeline\\Pipeline.php(183): Illuminate\\View\\Middleware\\ShareErrorsFromSession->handle()
#40 C:\\projects\\MbukuErp\\app\\Http\\Middleware\\SessionManager.php(37): Illuminate\\Pipeline\\Pipeline->Illuminate\\Pipeline\\{closure}()
#41 C:\\projects\\MbukuErp\\vendor\\laravel\\framework\\src\\Illuminate\\Pipeline\\Pipeline.php(183): App\\Http\\Middleware\\SessionManager->handle()
#42 C:\\projects\\MbukuErp\\vendor\\laravel\\framework\\src\\Illuminate\\Session\\Middleware\\StartSession.php(121): Illuminate\\Pipeline\\Pipeline->Illuminate\\Pipeline\\{closure}()
#43 C:\\projects\\MbukuErp\\vendor\\laravel\\framework\\src\\Illuminate\\Session\\Middleware\\StartSession.php(64): Illuminate\\Session\\Middleware\\StartSession->handleStatefulRequest()
#44 C:\\projects\\MbukuErp\\vendor\\laravel\\framework\\src\\Illuminate\\Pipeline\\Pipeline.php(183): Illuminate\\Session\\Middleware\\StartSession->handle()
#45 C:\\projects\\MbukuErp\\vendor\\laravel\\framework\\src\\Illuminate\\Cookie\\Middleware\\AddQueuedCookiesToResponse.php(37): Illuminate\\Pipeline\\Pipeline->Illuminate\\Pipeline\\{closure}()
#46 C:\\projects\\MbukuErp\\vendor\\laravel\\framework\\src\\Illuminate\\Pipeline\\Pipeline.php(183): Illuminate\\Cookie\\Middleware\\AddQueuedCookiesToResponse->handle()
#47 C:\\projects\\MbukuErp\\app\\Http\\Middleware\\EnsureAuthWorks.php(24): Illuminate\\Pipeline\\Pipeline->Illuminate\\Pipeline\\{closure}()
#48 C:\\projects\\MbukuErp\\vendor\\laravel\\framework\\src\\Illuminate\\Pipeline\\Pipeline.php(183): App\\Http\\Middleware\\EnsureAuthWorks->handle()
#49 C:\\projects\\MbukuErp\\vendor\\laravel\\framework\\src\\Illuminate\\Cookie\\Middleware\\EncryptCookies.php(67): Illuminate\\Pipeline\\Pipeline->Illuminate\\Pipeline\\{closure}()
#50 C:\\projects\\MbukuErp\\vendor\\laravel\\framework\\src\\Illuminate\\Pipeline\\Pipeline.php(183): Illuminate\\Cookie\\Middleware\\EncryptCookies->handle()
#51 C:\\projects\\MbukuErp\\app\\Http\\Middleware\\EnsureCookieJarExists.php(65): Illuminate\\Pipeline\\Pipeline->Illuminate\\Pipeline\\{closure}()
#52 C:\\projects\\MbukuErp\\vendor\\laravel\\framework\\src\\Illuminate\\Pipeline\\Pipeline.php(183): App\\Http\\Middleware\\EnsureCookieJarExists->handle()
#53 C:\\projects\\MbukuErp\\vendor\\laravel\\framework\\src\\Illuminate\\Pipeline\\Pipeline.php(119): Illuminate\\Pipeline\\Pipeline->Illuminate\\Pipeline\\{closure}()
#54 C:\\projects\\MbukuErp\\vendor\\laravel\\framework\\src\\Illuminate\\Routing\\Router.php(805): Illuminate\\Pipeline\\Pipeline->then()
#55 C:\\projects\\MbukuErp\\vendor\\laravel\\framework\\src\\Illuminate\\Routing\\Router.php(784): Illuminate\\Routing\\Router->runRouteWithinStack()
#56 C:\\projects\\MbukuErp\\vendor\\laravel\\framework\\src\\Illuminate\\Routing\\Router.php(748): Illuminate\\Routing\\Router->runRoute()
#57 C:\\projects\\MbukuErp\\vendor\\laravel\\framework\\src\\Illuminate\\Routing\\Router.php(737): Illuminate\\Routing\\Router->dispatchToRoute()
#58 C:\\projects\\MbukuErp\\vendor\\laravel\\framework\\src\\Illuminate\\Foundation\\Http\\Kernel.php(200): Illuminate\\Routing\\Router->dispatch()
#59 C:\\projects\\MbukuErp\\vendor\\laravel\\framework\\src\\Illuminate\\Pipeline\\Pipeline.php(144): Illuminate\\Foundation\\Http\\Kernel->Illuminate\\Foundation\\Http\\{closure}()
#60 C:\\projects\\MbukuErp\\vendor\\livewire\\livewire\\src\\Features\\SupportDisablingBackButtonCache\\DisableBackButtonCacheMiddleware.php(19): Illuminate\\Pipeline\\Pipeline->Illuminate\\Pipeline\\{closure}()
#61 C:\\projects\\MbukuErp\\vendor\\laravel\\framework\\src\\Illuminate\\Pipeline\\Pipeline.php(183): Livewire\\Features\\SupportDisablingBackButtonCache\\DisableBackButtonCacheMiddleware->handle()
#62 C:\\projects\\MbukuErp\\vendor\\laravel\\framework\\src\\Illuminate\\Foundation\\Http\\Middleware\\ConvertEmptyStringsToNull.php(27): Illuminate\\Pipeline\\Pipeline->Illuminate\\Pipeline\\{closure}()
#63 C:\\projects\\MbukuErp\\vendor\\laravel\\framework\\src\\Illuminate\\Pipeline\\Pipeline.php(183): Illuminate\\Foundation\\Http\\Middleware\\ConvertEmptyStringsToNull->handle()
#64 C:\\projects\\MbukuErp\\vendor\\laravel\\framework\\src\\Illuminate\\Foundation\\Http\\Middleware\\TrimStrings.php(36): Illuminate\\Pipeline\\Pipeline->Illuminate\\Pipeline\\{closure}()
#65 C:\\projects\\MbukuErp\\vendor\\laravel\\framework\\src\\Illuminate\\Pipeline\\Pipeline.php(183): Illuminate\\Foundation\\Http\\Middleware\\TrimStrings->handle()
#66 C:\\projects\\MbukuErp\\vendor\\laravel\\framework\\src\\Illuminate\\Foundation\\Http\\Middleware\\ValidatePostSize.php(27): Illuminate\\Pipeline\\Pipeline->Illuminate\\Pipeline\\{closure}()
#67 C:\\projects\\MbukuErp\\vendor\\laravel\\framework\\src\\Illuminate\\Pipeline\\Pipeline.php(183): Illuminate\\Foundation\\Http\\Middleware\\ValidatePostSize->handle()
#68 C:\\projects\\MbukuErp\\vendor\\laravel\\framework\\src\\Illuminate\\Foundation\\Http\\Middleware\\PreventRequestsDuringMaintenance.php(99): Illuminate\\Pipeline\\Pipeline->Illuminate\\Pipeline\\{closure}()
#69 C:\\projects\\MbukuErp\\vendor\\laravel\\framework\\src\\Illuminate\\Pipeline\\Pipeline.php(183): Illuminate\\Foundation\\Http\\Middleware\\PreventRequestsDuringMaintenance->handle()
#70 C:\\projects\\MbukuErp\\vendor\\laravel\\framework\\src\\Illuminate\\Http\\Middleware\\HandleCors.php(49): Illuminate\\Pipeline\\Pipeline->Illuminate\\Pipeline\\{closure}()
#71 C:\\projects\\MbukuErp\\vendor\\laravel\\framework\\src\\Illuminate\\Pipeline\\Pipeline.php(183): Illuminate\\Http\\Middleware\\HandleCors->handle()
#72 C:\\projects\\MbukuErp\\vendor\\laravel\\framework\\src\\Illuminate\\Http\\Middleware\\TrustProxies.php(39): Illuminate\\Pipeline\\Pipeline->Illuminate\\Pipeline\\{closure}()
#73 C:\\projects\\MbukuErp\\vendor\\laravel\\framework\\src\\Illuminate\\Pipeline\\Pipeline.php(183): Illuminate\\Http\\Middleware\\TrustProxies->handle()
#74 C:\\projects\\MbukuErp\\app\\Http\\Middleware\\EnsureCookieJarExists.php(65): Illuminate\\Pipeline\\Pipeline->Illuminate\\Pipeline\\{closure}()
#75 C:\\projects\\MbukuErp\\vendor\\laravel\\framework\\src\\Illuminate\\Pipeline\\Pipeline.php(183): App\\Http\\Middleware\\EnsureCookieJarExists->handle()
#76 C:\\projects\\MbukuErp\\app\\Http\\Middleware\\DiagnosticMiddleware.php(67): Illuminate\\Pipeline\\Pipeline->Illuminate\\Pipeline\\{closure}()
#77 C:\\projects\\MbukuErp\\vendor\\laravel\\framework\\src\\Illuminate\\Pipeline\\Pipeline.php(183): App\\Http\\Middleware\\DiagnosticMiddleware->handle()
#78 C:\\projects\\MbukuErp\\vendor\\laravel\\framework\\src\\Illuminate\\Pipeline\\Pipeline.php(119): Illuminate\\Pipeline\\Pipeline->Illuminate\\Pipeline\\{closure}()
#79 C:\\projects\\MbukuErp\\vendor\\laravel\\framework\\src\\Illuminate\\Foundation\\Http\\Kernel.php(175): Illuminate\\Pipeline\\Pipeline->then()
#80 C:\\projects\\MbukuErp\\vendor\\laravel\\framework\\src\\Illuminate\\Foundation\\Http\\Kernel.php(144): Illuminate\\Foundation\\Http\\Kernel->sendRequestThroughRouter()
#81 C:\\projects\\MbukuErp\\public\\index.php(54): Illuminate\\Foundation\\Http\\Kernel->handle()
#82 C:\\projects\\MbukuErp\\server.php(21): require_once('...')
#83 {main}

[previous exception] [object] (ErrorException(code: 0): Undefined variable $showExamDetails at C:\\projects\\MbukuErp\\storage\\framework\\views\\06b75fc8fb02e458cc3d1dfd7dfad4fc.php:2)
[stacktrace]
#0 C:\\projects\\MbukuErp\\vendor\\laravel\\framework\\src\\Illuminate\\Foundation\\Bootstrap\\HandleExceptions.php(255): Illuminate\\Foundation\\Bootstrap\\HandleExceptions->handleError()
#1 C:\\projects\\MbukuErp\\storage\\framework\\views\\06b75fc8fb02e458cc3d1dfd7dfad4fc.php(2): Illuminate\\Foundation\\Bootstrap\\HandleExceptions->Illuminate\\Foundation\\Bootstrap\\{closure}()
#2 C:\\projects\\MbukuErp\\vendor\\livewire\\livewire\\src\\Mechanisms\\ExtendBlade\\ExtendedCompilerEngine.php(37): include('...')
#3 C:\\projects\\MbukuErp\\vendor\\livewire\\livewire\\src\\Mechanisms\\ExtendBlade\\ExtendedCompilerEngine.php(38): App\\Livewire\\ExamManagementComponent->Livewire\\Mechanisms\\ExtendBlade\\{closure}()
#4 C:\\projects\\MbukuErp\\vendor\\laravel\\framework\\src\\Illuminate\\View\\Engines\\CompilerEngine.php(72): Livewire\\Mechanisms\\ExtendBlade\\ExtendedCompilerEngine->evaluatePath()
#5 C:\\projects\\MbukuErp\\vendor\\livewire\\livewire\\src\\Mechanisms\\ExtendBlade\\ExtendedCompilerEngine.php(16): Illuminate\\View\\Engines\\CompilerEngine->get()
#6 C:\\projects\\MbukuErp\\vendor\\laravel\\framework\\src\\Illuminate\\View\\View.php(207): Livewire\\Mechanisms\\ExtendBlade\\ExtendedCompilerEngine->get()
#7 C:\\projects\\MbukuErp\\vendor\\laravel\\framework\\src\\Illuminate\\View\\View.php(190): Illuminate\\View\\View->getContents()
#8 C:\\projects\\MbukuErp\\vendor\\laravel\\framework\\src\\Illuminate\\View\\View.php(159): Illuminate\\View\\View->renderContents()
#9 C:\\projects\\MbukuErp\\storage\\framework\\views\\bb441ab46b1eedf1d6aca0353ef5be3d.php(82): Illuminate\\View\\View->render()
#10 C:\\projects\\MbukuErp\\vendor\\livewire\\livewire\\src\\Mechanisms\\ExtendBlade\\ExtendedCompilerEngine.php(37): include('...')
#11 C:\\projects\\MbukuErp\\vendor\\livewire\\livewire\\src\\Mechanisms\\ExtendBlade\\ExtendedCompilerEngine.php(38): App\\Livewire\\ExamManagementComponent->Livewire\\Mechanisms\\ExtendBlade\\{closure}()
#12 C:\\projects\\MbukuErp\\vendor\\laravel\\framework\\src\\Illuminate\\View\\Engines\\CompilerEngine.php(72): Livewire\\Mechanisms\\ExtendBlade\\ExtendedCompilerEngine->evaluatePath()
#13 C:\\projects\\MbukuErp\\vendor\\livewire\\livewire\\src\\Mechanisms\\ExtendBlade\\ExtendedCompilerEngine.php(16): Illuminate\\View\\Engines\\CompilerEngine->get()
#14 C:\\projects\\MbukuErp\\vendor\\laravel\\framework\\src\\Illuminate\\View\\View.php(207): Livewire\\Mechanisms\\ExtendBlade\\ExtendedCompilerEngine->get()
#15 C:\\projects\\MbukuErp\\vendor\\laravel\\framework\\src\\Illuminate\\View\\View.php(190): Illuminate\\View\\View->getContents()
#16 C:\\projects\\MbukuErp\\vendor\\laravel\\framework\\src\\Illuminate\\View\\View.php(159): Illuminate\\View\\View->renderContents()
#17 C:\\projects\\MbukuErp\\vendor\\livewire\\livewire\\src\\Mechanisms\\HandleComponents\\HandleComponents.php(241): Illuminate\\View\\View->render()
#18 C:\\projects\\MbukuErp\\vendor\\livewire\\livewire\\src\\Mechanisms\\HandleComponents\\HandleComponents.php(285): Livewire\\Mechanisms\\HandleComponents\\HandleComponents->Livewire\\Mechanisms\\HandleComponents\\{closure}()
#19 C:\\projects\\MbukuErp\\vendor\\livewire\\livewire\\src\\Mechanisms\\HandleComponents\\HandleComponents.php(233): Livewire\\Mechanisms\\HandleComponents\\HandleComponents->trackInRenderStack()
#20 C:\\projects\\MbukuErp\\vendor\\livewire\\livewire\\src\\Mechanisms\\HandleComponents\\HandleComponents.php(104): Livewire\\Mechanisms\\HandleComponents\\HandleComponents->render()
#21 C:\\projects\\MbukuErp\\vendor\\livewire\\livewire\\src\\LivewireManager.php(102): Livewire\\Mechanisms\\HandleComponents\\HandleComponents->update()
#22 C:\\projects\\MbukuErp\\vendor\\livewire\\livewire\\src\\Mechanisms\\HandleRequests\\HandleRequests.php(94): Livewire\\LivewireManager->update()
#23 C:\\projects\\MbukuErp\\vendor\\laravel\\framework\\src\\Illuminate\\Routing\\ControllerDispatcher.php(46): Livewire\\Mechanisms\\HandleRequests\\HandleRequests->handleUpdate()
#24 C:\\projects\\MbukuErp\\vendor\\laravel\\framework\\src\\Illuminate\\Routing\\Route.php(259): Illuminate\\Routing\\ControllerDispatcher->dispatch()
#25 C:\\projects\\MbukuErp\\vendor\\laravel\\framework\\src\\Illuminate\\Routing\\Route.php(205): Illuminate\\Routing\\Route->runController()
#26 C:\\projects\\MbukuErp\\vendor\\laravel\\framework\\src\\Illuminate\\Routing\\Router.php(806): Illuminate\\Routing\\Route->run()
#27 C:\\projects\\MbukuErp\\vendor\\laravel\\framework\\src\\Illuminate\\Pipeline\\Pipeline.php(144): Illuminate\\Routing\\Router->Illuminate\\Routing\\{closure}()
#28 C:\\projects\\MbukuErp\\app\\Http\\Middleware\\TrackUserActivity.php(33): Illuminate\\Pipeline\\Pipeline->Illuminate\\Pipeline\\{closure}()
#29 C:\\projects\\MbukuErp\\vendor\\laravel\\framework\\src\\Illuminate\\Pipeline\\Pipeline.php(183): App\\Http\\Middleware\\TrackUserActivity->handle()
#30 C:\\projects\\MbukuErp\\app\\Http\\Middleware\\FixCookieJarMiddleware.php(79): Illuminate\\Pipeline\\Pipeline->Illuminate\\Pipeline\\{closure}()
#31 C:\\projects\\MbukuErp\\vendor\\laravel\\framework\\src\\Illuminate\\Pipeline\\Pipeline.php(183): App\\Http\\Middleware\\FixCookieJarMiddleware->handle()
#32 C:\\projects\\MbukuErp\\app\\Http\\Middleware\\VerifyAndRefreshSession.php(105): Illuminate\\Pipeline\\Pipeline->Illuminate\\Pipeline\\{closure}()
#33 C:\\projects\\MbukuErp\\vendor\\laravel\\framework\\src\\Illuminate\\Pipeline\\Pipeline.php(183): App\\Http\\Middleware\\VerifyAndRefreshSession->handle()
#34 C:\\projects\\MbukuErp\\vendor\\laravel\\framework\\src\\Illuminate\\Routing\\Middleware\\SubstituteBindings.php(50): Illuminate\\Pipeline\\Pipeline->Illuminate\\Pipeline\\{closure}()
#35 C:\\projects\\MbukuErp\\vendor\\laravel\\framework\\src\\Illuminate\\Pipeline\\Pipeline.php(183): Illuminate\\Routing\\Middleware\\SubstituteBindings->handle()
#36 C:\\projects\\MbukuErp\\vendor\\laravel\\framework\\src\\Illuminate\\Foundation\\Http\\Middleware\\VerifyCsrfToken.php(78): Illuminate\\Pipeline\\Pipeline->Illuminate\\Pipeline\\{closure}()
#37 C:\\projects\\MbukuErp\\vendor\\laravel\\framework\\src\\Illuminate\\Pipeline\\Pipeline.php(183): Illuminate\\Foundation\\Http\\Middleware\\VerifyCsrfToken->handle()
#38 C:\\projects\\MbukuErp\\vendor\\laravel\\framework\\src\\Illuminate\\Session\\Middleware\\AuthenticateSession.php(60): Illuminate\\Pipeline\\Pipeline->Illuminate\\Pipeline\\{closure}()
#39 C:\\projects\\MbukuErp\\vendor\\laravel\\framework\\src\\Illuminate\\Pipeline\\Pipeline.php(183): Illuminate\\Session\\Middleware\\AuthenticateSession->handle()
#40 C:\\projects\\MbukuErp\\vendor\\laravel\\framework\\src\\Illuminate\\View\\Middleware\\ShareErrorsFromSession.php(49): Illuminate\\Pipeline\\Pipeline->Illuminate\\Pipeline\\{closure}()
#41 C:\\projects\\MbukuErp\\vendor\\laravel\\framework\\src\\Illuminate\\Pipeline\\Pipeline.php(183): Illuminate\\View\\Middleware\\ShareErrorsFromSession->handle()
#42 C:\\projects\\MbukuErp\\app\\Http\\Middleware\\SessionManager.php(37): Illuminate\\Pipeline\\Pipeline->Illuminate\\Pipeline\\{closure}()
#43 C:\\projects\\MbukuErp\\vendor\\laravel\\framework\\src\\Illuminate\\Pipeline\\Pipeline.php(183): App\\Http\\Middleware\\SessionManager->handle()
#44 C:\\projects\\MbukuErp\\vendor\\laravel\\framework\\src\\Illuminate\\Session\\Middleware\\StartSession.php(121): Illuminate\\Pipeline\\Pipeline->Illuminate\\Pipeline\\{closure}()
#45 C:\\projects\\MbukuErp\\vendor\\laravel\\framework\\src\\Illuminate\\Session\\Middleware\\StartSession.php(64): Illuminate\\Session\\Middleware\\StartSession->handleStatefulRequest()
#46 C:\\projects\\MbukuErp\\vendor\\laravel\\framework\\src\\Illuminate\\Pipeline\\Pipeline.php(183): Illuminate\\Session\\Middleware\\StartSession->handle()
#47 C:\\projects\\MbukuErp\\vendor\\laravel\\framework\\src\\Illuminate\\Cookie\\Middleware\\AddQueuedCookiesToResponse.php(37): Illuminate\\Pipeline\\Pipeline->Illuminate\\Pipeline\\{closure}()
#48 C:\\projects\\MbukuErp\\vendor\\laravel\\framework\\src\\Illuminate\\Pipeline\\Pipeline.php(183): Illuminate\\Cookie\\Middleware\\AddQueuedCookiesToResponse->handle()
#49 C:\\projects\\MbukuErp\\app\\Http\\Middleware\\EnsureAuthWorks.php(24): Illuminate\\Pipeline\\Pipeline->Illuminate\\Pipeline\\{closure}()
#50 C:\\projects\\MbukuErp\\vendor\\laravel\\framework\\src\\Illuminate\\Pipeline\\Pipeline.php(183): App\\Http\\Middleware\\EnsureAuthWorks->handle()
#51 C:\\projects\\MbukuErp\\vendor\\laravel\\framework\\src\\Illuminate\\Cookie\\Middleware\\EncryptCookies.php(67): Illuminate\\Pipeline\\Pipeline->Illuminate\\Pipeline\\{closure}()
#52 C:\\projects\\MbukuErp\\vendor\\laravel\\framework\\src\\Illuminate\\Pipeline\\Pipeline.php(183): Illuminate\\Cookie\\Middleware\\EncryptCookies->handle()
#53 C:\\projects\\MbukuErp\\app\\Http\\Middleware\\EnsureCookieJarExists.php(65): Illuminate\\Pipeline\\Pipeline->Illuminate\\Pipeline\\{closure}()
#54 C:\\projects\\MbukuErp\\vendor\\laravel\\framework\\src\\Illuminate\\Pipeline\\Pipeline.php(183): App\\Http\\Middleware\\EnsureCookieJarExists->handle()
#55 C:\\projects\\MbukuErp\\vendor\\laravel\\framework\\src\\Illuminate\\Pipeline\\Pipeline.php(119): Illuminate\\Pipeline\\Pipeline->Illuminate\\Pipeline\\{closure}()
#56 C:\\projects\\MbukuErp\\vendor\\laravel\\framework\\src\\Illuminate\\Routing\\Router.php(805): Illuminate\\Pipeline\\Pipeline->then()
#57 C:\\projects\\MbukuErp\\vendor\\laravel\\framework\\src\\Illuminate\\Routing\\Router.php(784): Illuminate\\Routing\\Router->runRouteWithinStack()
#58 C:\\projects\\MbukuErp\\vendor\\laravel\\framework\\src\\Illuminate\\Routing\\Router.php(748): Illuminate\\Routing\\Router->runRoute()
#59 C:\\projects\\MbukuErp\\vendor\\laravel\\framework\\src\\Illuminate\\Routing\\Router.php(737): Illuminate\\Routing\\Router->dispatchToRoute()
#60 C:\\projects\\MbukuErp\\vendor\\laravel\\framework\\src\\Illuminate\\Foundation\\Http\\Kernel.php(200): Illuminate\\Routing\\Router->dispatch()
#61 C:\\projects\\MbukuErp\\vendor\\laravel\\framework\\src\\Illuminate\\Pipeline\\Pipeline.php(144): Illuminate\\Foundation\\Http\\Kernel->Illuminate\\Foundation\\Http\\{closure}()
#62 C:\\projects\\MbukuErp\\vendor\\livewire\\livewire\\src\\Features\\SupportDisablingBackButtonCache\\DisableBackButtonCacheMiddleware.php(19): Illuminate\\Pipeline\\Pipeline->Illuminate\\Pipeline\\{closure}()
#63 C:\\projects\\MbukuErp\\vendor\\laravel\\framework\\src\\Illuminate\\Pipeline\\Pipeline.php(183): Livewire\\Features\\SupportDisablingBackButtonCache\\DisableBackButtonCacheMiddleware->handle()
#64 C:\\projects\\MbukuErp\\vendor\\laravel\\framework\\src\\Illuminate\\Foundation\\Http\\Middleware\\ConvertEmptyStringsToNull.php(27): Illuminate\\Pipeline\\Pipeline->Illuminate\\Pipeline\\{closure}()
#65 C:\\projects\\MbukuErp\\vendor\\laravel\\framework\\src\\Illuminate\\Pipeline\\Pipeline.php(183): Illuminate\\Foundation\\Http\\Middleware\\ConvertEmptyStringsToNull->handle()
#66 C:\\projects\\MbukuErp\\vendor\\laravel\\framework\\src\\Illuminate\\Foundation\\Http\\Middleware\\TrimStrings.php(36): Illuminate\\Pipeline\\Pipeline->Illuminate\\Pipeline\\{closure}()
#67 C:\\projects\\MbukuErp\\vendor\\laravel\\framework\\src\\Illuminate\\Pipeline\\Pipeline.php(183): Illuminate\\Foundation\\Http\\Middleware\\TrimStrings->handle()
#68 C:\\projects\\MbukuErp\\vendor\\laravel\\framework\\src\\Illuminate\\Foundation\\Http\\Middleware\\ValidatePostSize.php(27): Illuminate\\Pipeline\\Pipeline->Illuminate\\Pipeline\\{closure}()
#69 C:\\projects\\MbukuErp\\vendor\\laravel\\framework\\src\\Illuminate\\Pipeline\\Pipeline.php(183): Illuminate\\Foundation\\Http\\Middleware\\ValidatePostSize->handle()
#70 C:\\projects\\MbukuErp\\vendor\\laravel\\framework\\src\\Illuminate\\Foundation\\Http\\Middleware\\PreventRequestsDuringMaintenance.php(99): Illuminate\\Pipeline\\Pipeline->Illuminate\\Pipeline\\{closure}()
#71 C:\\projects\\MbukuErp\\vendor\\laravel\\framework\\src\\Illuminate\\Pipeline\\Pipeline.php(183): Illuminate\\Foundation\\Http\\Middleware\\PreventRequestsDuringMaintenance->handle()
#72 C:\\projects\\MbukuErp\\vendor\\laravel\\framework\\src\\Illuminate\\Http\\Middleware\\HandleCors.php(49): Illuminate\\Pipeline\\Pipeline->Illuminate\\Pipeline\\{closure}()
#73 C:\\projects\\MbukuErp\\vendor\\laravel\\framework\\src\\Illuminate\\Pipeline\\Pipeline.php(183): Illuminate\\Http\\Middleware\\HandleCors->handle()
#74 C:\\projects\\MbukuErp\\vendor\\laravel\\framework\\src\\Illuminate\\Http\\Middleware\\TrustProxies.php(39): Illuminate\\Pipeline\\Pipeline->Illuminate\\Pipeline\\{closure}()
#75 C:\\projects\\MbukuErp\\vendor\\laravel\\framework\\src\\Illuminate\\Pipeline\\Pipeline.php(183): Illuminate\\Http\\Middleware\\TrustProxies->handle()
#76 C:\\projects\\MbukuErp\\app\\Http\\Middleware\\EnsureCookieJarExists.php(65): Illuminate\\Pipeline\\Pipeline->Illuminate\\Pipeline\\{closure}()
#77 C:\\projects\\MbukuErp\\vendor\\laravel\\framework\\src\\Illuminate\\Pipeline\\Pipeline.php(183): App\\Http\\Middleware\\EnsureCookieJarExists->handle()
#78 C:\\projects\\MbukuErp\\app\\Http\\Middleware\\DiagnosticMiddleware.php(67): Illuminate\\Pipeline\\Pipeline->Illuminate\\Pipeline\\{closure}()
#79 C:\\projects\\MbukuErp\\vendor\\laravel\\framework\\src\\Illuminate\\Pipeline\\Pipeline.php(183): App\\Http\\Middleware\\DiagnosticMiddleware->handle()
#80 C:\\projects\\MbukuErp\\vendor\\laravel\\framework\\src\\Illuminate\\Pipeline\\Pipeline.php(119): Illuminate\\Pipeline\\Pipeline->Illuminate\\Pipeline\\{closure}()
#81 C:\\projects\\MbukuErp\\vendor\\laravel\\framework\\src\\Illuminate\\Foundation\\Http\\Kernel.php(175): Illuminate\\Pipeline\\Pipeline->then()
#82 C:\\projects\\MbukuErp\\vendor\\laravel\\framework\\src\\Illuminate\\Foundation\\Http\\Kernel.php(144): Illuminate\\Foundation\\Http\\Kernel->sendRequestThroughRouter()
#83 C:\\projects\\MbukuErp\\public\\index.php(54): Illuminate\\Foundation\\Http\\Kernel->handle()
#84 C:\\projects\\MbukuErp\\server.php(21): require_once('...')
#85 {main}
"} 
[2025-04-03 11:02:02] local.INFO: Unread Count: {"unreadCount":0} 
[2025-04-03 11:02:12] local.INFO: Unread Count: {"unreadCount":0} 
[2025-04-03 11:02:17] local.INFO: Unread Count: {"unreadCount":0} 
[2025-04-03 11:02:59] local.INFO: Unread Count: {"unreadCount":0} 
[2025-04-03 11:06:37] local.INFO: Unread Count: {"unreadCount":0} 
[2025-04-03 11:06:47] local.INFO: Unread Count: {"unreadCount":0} 
[2025-04-03 11:06:52] local.INFO: Unread Count: {"unreadCount":0} 
[2025-04-03 11:06:57] local.INFO: Unread Count: {"unreadCount":0} 
[2025-04-03 11:07:42] local.INFO: Unread Count: {"unreadCount":0} 
[2025-04-03 11:07:42] local.INFO: Unread Count: {"unreadCount":0} 
[2025-04-03 11:07:48] local.INFO: Unread Count: {"unreadCount":0} 
[2025-04-03 11:07:57] local.INFO: Unread Count: {"unreadCount":0} 
[2025-04-03 11:08:02] local.INFO: Unread Count: {"unreadCount":0} 
[2025-04-03 11:08:07] local.INFO: Unread Count: {"unreadCount":0} 
[2025-04-03 11:08:07] local.INFO: Unread Count: {"unreadCount":0} 
[2025-04-03 11:08:14] local.INFO: Unread Count: {"unreadCount":0} 
[2025-04-03 11:08:15] local.INFO: Unread Count: {"unreadCount":0} 
[2025-04-03 11:08:18] local.INFO: Unread Count: {"unreadCount":0} 
[2025-04-03 11:08:25] local.INFO: Unread Count: {"unreadCount":0} 
[2025-04-03 11:08:30] local.INFO: Unread Count: {"unreadCount":0} 
[2025-04-03 11:08:35] local.INFO: Unread Count: {"unreadCount":0} 
[2025-04-03 11:08:38] local.ERROR: Undefined variable $showDeleteModal {"view":{"view":"C:\\projects\\MbukuErp\\resources\\views\\livewire\\partials\\exam-management\\modals.blade.php","data":[]},"userId":1,"exception":"[object] (Spatie\\LaravelIgnition\\Exceptions\\ViewException(code: 0): Undefined variable $showDeleteModal at C:\\projects\\MbukuErp\\resources\\views\\livewire\\partials\\exam-management\\modals.blade.php:60)
[stacktrace]
#0 C:\\projects\\MbukuErp\\vendor\\livewire\\livewire\\src\\Mechanisms\\ExtendBlade\\ExtendedCompilerEngine.php(37): include('...')
#1 C:\\projects\\MbukuErp\\vendor\\livewire\\livewire\\src\\Mechanisms\\ExtendBlade\\ExtendedCompilerEngine.php(38): App\\Livewire\\ExamManagementComponent->Livewire\\Mechanisms\\ExtendBlade\\{closure}()
#2 C:\\projects\\MbukuErp\\vendor\\laravel\\framework\\src\\Illuminate\\View\\Engines\\CompilerEngine.php(72): Livewire\\Mechanisms\\ExtendBlade\\ExtendedCompilerEngine->evaluatePath()
#3 C:\\projects\\MbukuErp\\vendor\\livewire\\livewire\\src\\Mechanisms\\ExtendBlade\\ExtendedCompilerEngine.php(16): Illuminate\\View\\Engines\\CompilerEngine->get()
#4 C:\\projects\\MbukuErp\\vendor\\laravel\\framework\\src\\Illuminate\\View\\View.php(207): Livewire\\Mechanisms\\ExtendBlade\\ExtendedCompilerEngine->get()
#5 C:\\projects\\MbukuErp\\vendor\\laravel\\framework\\src\\Illuminate\\View\\View.php(190): Illuminate\\View\\View->getContents()
#6 C:\\projects\\MbukuErp\\vendor\\laravel\\framework\\src\\Illuminate\\View\\View.php(159): Illuminate\\View\\View->renderContents()
#7 C:\\projects\\MbukuErp\\resources\\views\\livewire\\exam-management-component.blade.php(82): Illuminate\\View\\View->render()
#8 C:\\projects\\MbukuErp\\vendor\\livewire\\livewire\\src\\Mechanisms\\ExtendBlade\\ExtendedCompilerEngine.php(37): include('...')
#9 C:\\projects\\MbukuErp\\vendor\\livewire\\livewire\\src\\Mechanisms\\ExtendBlade\\ExtendedCompilerEngine.php(38): App\\Livewire\\ExamManagementComponent->Livewire\\Mechanisms\\ExtendBlade\\{closure}()
#10 C:\\projects\\MbukuErp\\vendor\\laravel\\framework\\src\\Illuminate\\View\\Engines\\CompilerEngine.php(72): Livewire\\Mechanisms\\ExtendBlade\\ExtendedCompilerEngine->evaluatePath()
#11 C:\\projects\\MbukuErp\\vendor\\livewire\\livewire\\src\\Mechanisms\\ExtendBlade\\ExtendedCompilerEngine.php(16): Illuminate\\View\\Engines\\CompilerEngine->get()
#12 C:\\projects\\MbukuErp\\vendor\\laravel\\framework\\src\\Illuminate\\View\\View.php(207): Livewire\\Mechanisms\\ExtendBlade\\ExtendedCompilerEngine->get()
#13 C:\\projects\\MbukuErp\\vendor\\laravel\\framework\\src\\Illuminate\\View\\View.php(190): Illuminate\\View\\View->getContents()
#14 C:\\projects\\MbukuErp\\vendor\\laravel\\framework\\src\\Illuminate\\View\\View.php(159): Illuminate\\View\\View->renderContents()
#15 C:\\projects\\MbukuErp\\vendor\\livewire\\livewire\\src\\Mechanisms\\HandleComponents\\HandleComponents.php(241): Illuminate\\View\\View->render()
#16 C:\\projects\\MbukuErp\\vendor\\livewire\\livewire\\src\\Mechanisms\\HandleComponents\\HandleComponents.php(285): Livewire\\Mechanisms\\HandleComponents\\HandleComponents->Livewire\\Mechanisms\\HandleComponents\\{closure}()
#17 C:\\projects\\MbukuErp\\vendor\\livewire\\livewire\\src\\Mechanisms\\HandleComponents\\HandleComponents.php(233): Livewire\\Mechanisms\\HandleComponents\\HandleComponents->trackInRenderStack()
#18 C:\\projects\\MbukuErp\\vendor\\livewire\\livewire\\src\\Mechanisms\\HandleComponents\\HandleComponents.php(104): Livewire\\Mechanisms\\HandleComponents\\HandleComponents->render()
#19 C:\\projects\\MbukuErp\\vendor\\livewire\\livewire\\src\\LivewireManager.php(102): Livewire\\Mechanisms\\HandleComponents\\HandleComponents->update()
#20 C:\\projects\\MbukuErp\\vendor\\livewire\\livewire\\src\\Mechanisms\\HandleRequests\\HandleRequests.php(94): Livewire\\LivewireManager->update()
#21 C:\\projects\\MbukuErp\\vendor\\laravel\\framework\\src\\Illuminate\\Routing\\ControllerDispatcher.php(46): Livewire\\Mechanisms\\HandleRequests\\HandleRequests->handleUpdate()
#22 C:\\projects\\MbukuErp\\vendor\\laravel\\framework\\src\\Illuminate\\Routing\\Route.php(259): Illuminate\\Routing\\ControllerDispatcher->dispatch()
#23 C:\\projects\\MbukuErp\\vendor\\laravel\\framework\\src\\Illuminate\\Routing\\Route.php(205): Illuminate\\Routing\\Route->runController()
#24 C:\\projects\\MbukuErp\\vendor\\laravel\\framework\\src\\Illuminate\\Routing\\Router.php(806): Illuminate\\Routing\\Route->run()
#25 C:\\projects\\MbukuErp\\vendor\\laravel\\framework\\src\\Illuminate\\Pipeline\\Pipeline.php(144): Illuminate\\Routing\\Router->Illuminate\\Routing\\{closure}()
#26 C:\\projects\\MbukuErp\\app\\Http\\Middleware\\TrackUserActivity.php(33): Illuminate\\Pipeline\\Pipeline->Illuminate\\Pipeline\\{closure}()
#27 C:\\projects\\MbukuErp\\vendor\\laravel\\framework\\src\\Illuminate\\Pipeline\\Pipeline.php(183): App\\Http\\Middleware\\TrackUserActivity->handle()
#28 C:\\projects\\MbukuErp\\app\\Http\\Middleware\\FixCookieJarMiddleware.php(79): Illuminate\\Pipeline\\Pipeline->Illuminate\\Pipeline\\{closure}()
#29 C:\\projects\\MbukuErp\\vendor\\laravel\\framework\\src\\Illuminate\\Pipeline\\Pipeline.php(183): App\\Http\\Middleware\\FixCookieJarMiddleware->handle()
#30 C:\\projects\\MbukuErp\\app\\Http\\Middleware\\VerifyAndRefreshSession.php(105): Illuminate\\Pipeline\\Pipeline->Illuminate\\Pipeline\\{closure}()
#31 C:\\projects\\MbukuErp\\vendor\\laravel\\framework\\src\\Illuminate\\Pipeline\\Pipeline.php(183): App\\Http\\Middleware\\VerifyAndRefreshSession->handle()
#32 C:\\projects\\MbukuErp\\vendor\\laravel\\framework\\src\\Illuminate\\Routing\\Middleware\\SubstituteBindings.php(50): Illuminate\\Pipeline\\Pipeline->Illuminate\\Pipeline\\{closure}()
#33 C:\\projects\\MbukuErp\\vendor\\laravel\\framework\\src\\Illuminate\\Pipeline\\Pipeline.php(183): Illuminate\\Routing\\Middleware\\SubstituteBindings->handle()
#34 C:\\projects\\MbukuErp\\vendor\\laravel\\framework\\src\\Illuminate\\Foundation\\Http\\Middleware\\VerifyCsrfToken.php(78): Illuminate\\Pipeline\\Pipeline->Illuminate\\Pipeline\\{closure}()
#35 C:\\projects\\MbukuErp\\vendor\\laravel\\framework\\src\\Illuminate\\Pipeline\\Pipeline.php(183): Illuminate\\Foundation\\Http\\Middleware\\VerifyCsrfToken->handle()
#36 C:\\projects\\MbukuErp\\vendor\\laravel\\framework\\src\\Illuminate\\Session\\Middleware\\AuthenticateSession.php(60): Illuminate\\Pipeline\\Pipeline->Illuminate\\Pipeline\\{closure}()
#37 C:\\projects\\MbukuErp\\vendor\\laravel\\framework\\src\\Illuminate\\Pipeline\\Pipeline.php(183): Illuminate\\Session\\Middleware\\AuthenticateSession->handle()
#38 C:\\projects\\MbukuErp\\vendor\\laravel\\framework\\src\\Illuminate\\View\\Middleware\\ShareErrorsFromSession.php(49): Illuminate\\Pipeline\\Pipeline->Illuminate\\Pipeline\\{closure}()
#39 C:\\projects\\MbukuErp\\vendor\\laravel\\framework\\src\\Illuminate\\Pipeline\\Pipeline.php(183): Illuminate\\View\\Middleware\\ShareErrorsFromSession->handle()
#40 C:\\projects\\MbukuErp\\app\\Http\\Middleware\\SessionManager.php(37): Illuminate\\Pipeline\\Pipeline->Illuminate\\Pipeline\\{closure}()
#41 C:\\projects\\MbukuErp\\vendor\\laravel\\framework\\src\\Illuminate\\Pipeline\\Pipeline.php(183): App\\Http\\Middleware\\SessionManager->handle()
#42 C:\\projects\\MbukuErp\\vendor\\laravel\\framework\\src\\Illuminate\\Session\\Middleware\\StartSession.php(121): Illuminate\\Pipeline\\Pipeline->Illuminate\\Pipeline\\{closure}()
#43 C:\\projects\\MbukuErp\\vendor\\laravel\\framework\\src\\Illuminate\\Session\\Middleware\\StartSession.php(64): Illuminate\\Session\\Middleware\\StartSession->handleStatefulRequest()
#44 C:\\projects\\MbukuErp\\vendor\\laravel\\framework\\src\\Illuminate\\Pipeline\\Pipeline.php(183): Illuminate\\Session\\Middleware\\StartSession->handle()
#45 C:\\projects\\MbukuErp\\vendor\\laravel\\framework\\src\\Illuminate\\Cookie\\Middleware\\AddQueuedCookiesToResponse.php(37): Illuminate\\Pipeline\\Pipeline->Illuminate\\Pipeline\\{closure}()
#46 C:\\projects\\MbukuErp\\vendor\\laravel\\framework\\src\\Illuminate\\Pipeline\\Pipeline.php(183): Illuminate\\Cookie\\Middleware\\AddQueuedCookiesToResponse->handle()
#47 C:\\projects\\MbukuErp\\app\\Http\\Middleware\\EnsureAuthWorks.php(24): Illuminate\\Pipeline\\Pipeline->Illuminate\\Pipeline\\{closure}()
#48 C:\\projects\\MbukuErp\\vendor\\laravel\\framework\\src\\Illuminate\\Pipeline\\Pipeline.php(183): App\\Http\\Middleware\\EnsureAuthWorks->handle()
#49 C:\\projects\\MbukuErp\\vendor\\laravel\\framework\\src\\Illuminate\\Cookie\\Middleware\\EncryptCookies.php(67): Illuminate\\Pipeline\\Pipeline->Illuminate\\Pipeline\\{closure}()
#50 C:\\projects\\MbukuErp\\vendor\\laravel\\framework\\src\\Illuminate\\Pipeline\\Pipeline.php(183): Illuminate\\Cookie\\Middleware\\EncryptCookies->handle()
#51 C:\\projects\\MbukuErp\\app\\Http\\Middleware\\EnsureCookieJarExists.php(65): Illuminate\\Pipeline\\Pipeline->Illuminate\\Pipeline\\{closure}()
#52 C:\\projects\\MbukuErp\\vendor\\laravel\\framework\\src\\Illuminate\\Pipeline\\Pipeline.php(183): App\\Http\\Middleware\\EnsureCookieJarExists->handle()
#53 C:\\projects\\MbukuErp\\vendor\\laravel\\framework\\src\\Illuminate\\Pipeline\\Pipeline.php(119): Illuminate\\Pipeline\\Pipeline->Illuminate\\Pipeline\\{closure}()
#54 C:\\projects\\MbukuErp\\vendor\\laravel\\framework\\src\\Illuminate\\Routing\\Router.php(805): Illuminate\\Pipeline\\Pipeline->then()
#55 C:\\projects\\MbukuErp\\vendor\\laravel\\framework\\src\\Illuminate\\Routing\\Router.php(784): Illuminate\\Routing\\Router->runRouteWithinStack()
#56 C:\\projects\\MbukuErp\\vendor\\laravel\\framework\\src\\Illuminate\\Routing\\Router.php(748): Illuminate\\Routing\\Router->runRoute()
#57 C:\\projects\\MbukuErp\\vendor\\laravel\\framework\\src\\Illuminate\\Routing\\Router.php(737): Illuminate\\Routing\\Router->dispatchToRoute()
#58 C:\\projects\\MbukuErp\\vendor\\laravel\\framework\\src\\Illuminate\\Foundation\\Http\\Kernel.php(200): Illuminate\\Routing\\Router->dispatch()
#59 C:\\projects\\MbukuErp\\vendor\\laravel\\framework\\src\\Illuminate\\Pipeline\\Pipeline.php(144): Illuminate\\Foundation\\Http\\Kernel->Illuminate\\Foundation\\Http\\{closure}()
#60 C:\\projects\\MbukuErp\\vendor\\livewire\\livewire\\src\\Features\\SupportDisablingBackButtonCache\\DisableBackButtonCacheMiddleware.php(19): Illuminate\\Pipeline\\Pipeline->Illuminate\\Pipeline\\{closure}()
#61 C:\\projects\\MbukuErp\\vendor\\laravel\\framework\\src\\Illuminate\\Pipeline\\Pipeline.php(183): Livewire\\Features\\SupportDisablingBackButtonCache\\DisableBackButtonCacheMiddleware->handle()
#62 C:\\projects\\MbukuErp\\vendor\\laravel\\framework\\src\\Illuminate\\Foundation\\Http\\Middleware\\ConvertEmptyStringsToNull.php(27): Illuminate\\Pipeline\\Pipeline->Illuminate\\Pipeline\\{closure}()
#63 C:\\projects\\MbukuErp\\vendor\\laravel\\framework\\src\\Illuminate\\Pipeline\\Pipeline.php(183): Illuminate\\Foundation\\Http\\Middleware\\ConvertEmptyStringsToNull->handle()
#64 C:\\projects\\MbukuErp\\vendor\\laravel\\framework\\src\\Illuminate\\Foundation\\Http\\Middleware\\TrimStrings.php(36): Illuminate\\Pipeline\\Pipeline->Illuminate\\Pipeline\\{closure}()
#65 C:\\projects\\MbukuErp\\vendor\\laravel\\framework\\src\\Illuminate\\Pipeline\\Pipeline.php(183): Illuminate\\Foundation\\Http\\Middleware\\TrimStrings->handle()
#66 C:\\projects\\MbukuErp\\vendor\\laravel\\framework\\src\\Illuminate\\Foundation\\Http\\Middleware\\ValidatePostSize.php(27): Illuminate\\Pipeline\\Pipeline->Illuminate\\Pipeline\\{closure}()
#67 C:\\projects\\MbukuErp\\vendor\\laravel\\framework\\src\\Illuminate\\Pipeline\\Pipeline.php(183): Illuminate\\Foundation\\Http\\Middleware\\ValidatePostSize->handle()
#68 C:\\projects\\MbukuErp\\vendor\\laravel\\framework\\src\\Illuminate\\Foundation\\Http\\Middleware\\PreventRequestsDuringMaintenance.php(99): Illuminate\\Pipeline\\Pipeline->Illuminate\\Pipeline\\{closure}()
#69 C:\\projects\\MbukuErp\\vendor\\laravel\\framework\\src\\Illuminate\\Pipeline\\Pipeline.php(183): Illuminate\\Foundation\\Http\\Middleware\\PreventRequestsDuringMaintenance->handle()
#70 C:\\projects\\MbukuErp\\vendor\\laravel\\framework\\src\\Illuminate\\Http\\Middleware\\HandleCors.php(49): Illuminate\\Pipeline\\Pipeline->Illuminate\\Pipeline\\{closure}()
#71 C:\\projects\\MbukuErp\\vendor\\laravel\\framework\\src\\Illuminate\\Pipeline\\Pipeline.php(183): Illuminate\\Http\\Middleware\\HandleCors->handle()
#72 C:\\projects\\MbukuErp\\vendor\\laravel\\framework\\src\\Illuminate\\Http\\Middleware\\TrustProxies.php(39): Illuminate\\Pipeline\\Pipeline->Illuminate\\Pipeline\\{closure}()
#73 C:\\projects\\MbukuErp\\vendor\\laravel\\framework\\src\\Illuminate\\Pipeline\\Pipeline.php(183): Illuminate\\Http\\Middleware\\TrustProxies->handle()
#74 C:\\projects\\MbukuErp\\app\\Http\\Middleware\\EnsureCookieJarExists.php(65): Illuminate\\Pipeline\\Pipeline->Illuminate\\Pipeline\\{closure}()
#75 C:\\projects\\MbukuErp\\vendor\\laravel\\framework\\src\\Illuminate\\Pipeline\\Pipeline.php(183): App\\Http\\Middleware\\EnsureCookieJarExists->handle()
#76 C:\\projects\\MbukuErp\\app\\Http\\Middleware\\DiagnosticMiddleware.php(67): Illuminate\\Pipeline\\Pipeline->Illuminate\\Pipeline\\{closure}()
#77 C:\\projects\\MbukuErp\\vendor\\laravel\\framework\\src\\Illuminate\\Pipeline\\Pipeline.php(183): App\\Http\\Middleware\\DiagnosticMiddleware->handle()
#78 C:\\projects\\MbukuErp\\vendor\\laravel\\framework\\src\\Illuminate\\Pipeline\\Pipeline.php(119): Illuminate\\Pipeline\\Pipeline->Illuminate\\Pipeline\\{closure}()
#79 C:\\projects\\MbukuErp\\vendor\\laravel\\framework\\src\\Illuminate\\Foundation\\Http\\Kernel.php(175): Illuminate\\Pipeline\\Pipeline->then()
#80 C:\\projects\\MbukuErp\\vendor\\laravel\\framework\\src\\Illuminate\\Foundation\\Http\\Kernel.php(144): Illuminate\\Foundation\\Http\\Kernel->sendRequestThroughRouter()
#81 C:\\projects\\MbukuErp\\public\\index.php(54): Illuminate\\Foundation\\Http\\Kernel->handle()
#82 C:\\projects\\MbukuErp\\server.php(21): require_once('...')
#83 {main}

[previous exception] [object] (ErrorException(code: 0): Undefined variable $showDeleteModal at C:\\projects\\MbukuErp\\storage\\framework\\views\\06b75fc8fb02e458cc3d1dfd7dfad4fc.php:61)
[stacktrace]
#0 C:\\projects\\MbukuErp\\vendor\\laravel\\framework\\src\\Illuminate\\Foundation\\Bootstrap\\HandleExceptions.php(255): Illuminate\\Foundation\\Bootstrap\\HandleExceptions->handleError()
#1 C:\\projects\\MbukuErp\\storage\\framework\\views\\06b75fc8fb02e458cc3d1dfd7dfad4fc.php(61): Illuminate\\Foundation\\Bootstrap\\HandleExceptions->Illuminate\\Foundation\\Bootstrap\\{closure}()
#2 C:\\projects\\MbukuErp\\vendor\\livewire\\livewire\\src\\Mechanisms\\ExtendBlade\\ExtendedCompilerEngine.php(37): include('...')
#3 C:\\projects\\MbukuErp\\vendor\\livewire\\livewire\\src\\Mechanisms\\ExtendBlade\\ExtendedCompilerEngine.php(38): App\\Livewire\\ExamManagementComponent->Livewire\\Mechanisms\\ExtendBlade\\{closure}()
#4 C:\\projects\\MbukuErp\\vendor\\laravel\\framework\\src\\Illuminate\\View\\Engines\\CompilerEngine.php(72): Livewire\\Mechanisms\\ExtendBlade\\ExtendedCompilerEngine->evaluatePath()
#5 C:\\projects\\MbukuErp\\vendor\\livewire\\livewire\\src\\Mechanisms\\ExtendBlade\\ExtendedCompilerEngine.php(16): Illuminate\\View\\Engines\\CompilerEngine->get()
#6 C:\\projects\\MbukuErp\\vendor\\laravel\\framework\\src\\Illuminate\\View\\View.php(207): Livewire\\Mechanisms\\ExtendBlade\\ExtendedCompilerEngine->get()
#7 C:\\projects\\MbukuErp\\vendor\\laravel\\framework\\src\\Illuminate\\View\\View.php(190): Illuminate\\View\\View->getContents()
#8 C:\\projects\\MbukuErp\\vendor\\laravel\\framework\\src\\Illuminate\\View\\View.php(159): Illuminate\\View\\View->renderContents()
#9 C:\\projects\\MbukuErp\\storage\\framework\\views\\bb441ab46b1eedf1d6aca0353ef5be3d.php(82): Illuminate\\View\\View->render()
#10 C:\\projects\\MbukuErp\\vendor\\livewire\\livewire\\src\\Mechanisms\\ExtendBlade\\ExtendedCompilerEngine.php(37): include('...')
#11 C:\\projects\\MbukuErp\\vendor\\livewire\\livewire\\src\\Mechanisms\\ExtendBlade\\ExtendedCompilerEngine.php(38): App\\Livewire\\ExamManagementComponent->Livewire\\Mechanisms\\ExtendBlade\\{closure}()
#12 C:\\projects\\MbukuErp\\vendor\\laravel\\framework\\src\\Illuminate\\View\\Engines\\CompilerEngine.php(72): Livewire\\Mechanisms\\ExtendBlade\\ExtendedCompilerEngine->evaluatePath()
#13 C:\\projects\\MbukuErp\\vendor\\livewire\\livewire\\src\\Mechanisms\\ExtendBlade\\ExtendedCompilerEngine.php(16): Illuminate\\View\\Engines\\CompilerEngine->get()
#14 C:\\projects\\MbukuErp\\vendor\\laravel\\framework\\src\\Illuminate\\View\\View.php(207): Livewire\\Mechanisms\\ExtendBlade\\ExtendedCompilerEngine->get()
#15 C:\\projects\\MbukuErp\\vendor\\laravel\\framework\\src\\Illuminate\\View\\View.php(190): Illuminate\\View\\View->getContents()
#16 C:\\projects\\MbukuErp\\vendor\\laravel\\framework\\src\\Illuminate\\View\\View.php(159): Illuminate\\View\\View->renderContents()
#17 C:\\projects\\MbukuErp\\vendor\\livewire\\livewire\\src\\Mechanisms\\HandleComponents\\HandleComponents.php(241): Illuminate\\View\\View->render()
#18 C:\\projects\\MbukuErp\\vendor\\livewire\\livewire\\src\\Mechanisms\\HandleComponents\\HandleComponents.php(285): Livewire\\Mechanisms\\HandleComponents\\HandleComponents->Livewire\\Mechanisms\\HandleComponents\\{closure}()
#19 C:\\projects\\MbukuErp\\vendor\\livewire\\livewire\\src\\Mechanisms\\HandleComponents\\HandleComponents.php(233): Livewire\\Mechanisms\\HandleComponents\\HandleComponents->trackInRenderStack()
#20 C:\\projects\\MbukuErp\\vendor\\livewire\\livewire\\src\\Mechanisms\\HandleComponents\\HandleComponents.php(104): Livewire\\Mechanisms\\HandleComponents\\HandleComponents->render()
#21 C:\\projects\\MbukuErp\\vendor\\livewire\\livewire\\src\\LivewireManager.php(102): Livewire\\Mechanisms\\HandleComponents\\HandleComponents->update()
#22 C:\\projects\\MbukuErp\\vendor\\livewire\\livewire\\src\\Mechanisms\\HandleRequests\\HandleRequests.php(94): Livewire\\LivewireManager->update()
#23 C:\\projects\\MbukuErp\\vendor\\laravel\\framework\\src\\Illuminate\\Routing\\ControllerDispatcher.php(46): Livewire\\Mechanisms\\HandleRequests\\HandleRequests->handleUpdate()
#24 C:\\projects\\MbukuErp\\vendor\\laravel\\framework\\src\\Illuminate\\Routing\\Route.php(259): Illuminate\\Routing\\ControllerDispatcher->dispatch()
#25 C:\\projects\\MbukuErp\\vendor\\laravel\\framework\\src\\Illuminate\\Routing\\Route.php(205): Illuminate\\Routing\\Route->runController()
#26 C:\\projects\\MbukuErp\\vendor\\laravel\\framework\\src\\Illuminate\\Routing\\Router.php(806): Illuminate\\Routing\\Route->run()
#27 C:\\projects\\MbukuErp\\vendor\\laravel\\framework\\src\\Illuminate\\Pipeline\\Pipeline.php(144): Illuminate\\Routing\\Router->Illuminate\\Routing\\{closure}()
#28 C:\\projects\\MbukuErp\\app\\Http\\Middleware\\TrackUserActivity.php(33): Illuminate\\Pipeline\\Pipeline->Illuminate\\Pipeline\\{closure}()
#29 C:\\projects\\MbukuErp\\vendor\\laravel\\framework\\src\\Illuminate\\Pipeline\\Pipeline.php(183): App\\Http\\Middleware\\TrackUserActivity->handle()
#30 C:\\projects\\MbukuErp\\app\\Http\\Middleware\\FixCookieJarMiddleware.php(79): Illuminate\\Pipeline\\Pipeline->Illuminate\\Pipeline\\{closure}()
#31 C:\\projects\\MbukuErp\\vendor\\laravel\\framework\\src\\Illuminate\\Pipeline\\Pipeline.php(183): App\\Http\\Middleware\\FixCookieJarMiddleware->handle()
#32 C:\\projects\\MbukuErp\\app\\Http\\Middleware\\VerifyAndRefreshSession.php(105): Illuminate\\Pipeline\\Pipeline->Illuminate\\Pipeline\\{closure}()
#33 C:\\projects\\MbukuErp\\vendor\\laravel\\framework\\src\\Illuminate\\Pipeline\\Pipeline.php(183): App\\Http\\Middleware\\VerifyAndRefreshSession->handle()
#34 C:\\projects\\MbukuErp\\vendor\\laravel\\framework\\src\\Illuminate\\Routing\\Middleware\\SubstituteBindings.php(50): Illuminate\\Pipeline\\Pipeline->Illuminate\\Pipeline\\{closure}()
#35 C:\\projects\\MbukuErp\\vendor\\laravel\\framework\\src\\Illuminate\\Pipeline\\Pipeline.php(183): Illuminate\\Routing\\Middleware\\SubstituteBindings->handle()
#36 C:\\projects\\MbukuErp\\vendor\\laravel\\framework\\src\\Illuminate\\Foundation\\Http\\Middleware\\VerifyCsrfToken.php(78): Illuminate\\Pipeline\\Pipeline->Illuminate\\Pipeline\\{closure}()
#37 C:\\projects\\MbukuErp\\vendor\\laravel\\framework\\src\\Illuminate\\Pipeline\\Pipeline.php(183): Illuminate\\Foundation\\Http\\Middleware\\VerifyCsrfToken->handle()
#38 C:\\projects\\MbukuErp\\vendor\\laravel\\framework\\src\\Illuminate\\Session\\Middleware\\AuthenticateSession.php(60): Illuminate\\Pipeline\\Pipeline->Illuminate\\Pipeline\\{closure}()
#39 C:\\projects\\MbukuErp\\vendor\\laravel\\framework\\src\\Illuminate\\Pipeline\\Pipeline.php(183): Illuminate\\Session\\Middleware\\AuthenticateSession->handle()
#40 C:\\projects\\MbukuErp\\vendor\\laravel\\framework\\src\\Illuminate\\View\\Middleware\\ShareErrorsFromSession.php(49): Illuminate\\Pipeline\\Pipeline->Illuminate\\Pipeline\\{closure}()
#41 C:\\projects\\MbukuErp\\vendor\\laravel\\framework\\src\\Illuminate\\Pipeline\\Pipeline.php(183): Illuminate\\View\\Middleware\\ShareErrorsFromSession->handle()
#42 C:\\projects\\MbukuErp\\app\\Http\\Middleware\\SessionManager.php(37): Illuminate\\Pipeline\\Pipeline->Illuminate\\Pipeline\\{closure}()
#43 C:\\projects\\MbukuErp\\vendor\\laravel\\framework\\src\\Illuminate\\Pipeline\\Pipeline.php(183): App\\Http\\Middleware\\SessionManager->handle()
#44 C:\\projects\\MbukuErp\\vendor\\laravel\\framework\\src\\Illuminate\\Session\\Middleware\\StartSession.php(121): Illuminate\\Pipeline\\Pipeline->Illuminate\\Pipeline\\{closure}()
#45 C:\\projects\\MbukuErp\\vendor\\laravel\\framework\\src\\Illuminate\\Session\\Middleware\\StartSession.php(64): Illuminate\\Session\\Middleware\\StartSession->handleStatefulRequest()
#46 C:\\projects\\MbukuErp\\vendor\\laravel\\framework\\src\\Illuminate\\Pipeline\\Pipeline.php(183): Illuminate\\Session\\Middleware\\StartSession->handle()
#47 C:\\projects\\MbukuErp\\vendor\\laravel\\framework\\src\\Illuminate\\Cookie\\Middleware\\AddQueuedCookiesToResponse.php(37): Illuminate\\Pipeline\\Pipeline->Illuminate\\Pipeline\\{closure}()
#48 C:\\projects\\MbukuErp\\vendor\\laravel\\framework\\src\\Illuminate\\Pipeline\\Pipeline.php(183): Illuminate\\Cookie\\Middleware\\AddQueuedCookiesToResponse->handle()
#49 C:\\projects\\MbukuErp\\app\\Http\\Middleware\\EnsureAuthWorks.php(24): Illuminate\\Pipeline\\Pipeline->Illuminate\\Pipeline\\{closure}()
#50 C:\\projects\\MbukuErp\\vendor\\laravel\\framework\\src\\Illuminate\\Pipeline\\Pipeline.php(183): App\\Http\\Middleware\\EnsureAuthWorks->handle()
#51 C:\\projects\\MbukuErp\\vendor\\laravel\\framework\\src\\Illuminate\\Cookie\\Middleware\\EncryptCookies.php(67): Illuminate\\Pipeline\\Pipeline->Illuminate\\Pipeline\\{closure}()
#52 C:\\projects\\MbukuErp\\vendor\\laravel\\framework\\src\\Illuminate\\Pipeline\\Pipeline.php(183): Illuminate\\Cookie\\Middleware\\EncryptCookies->handle()
#53 C:\\projects\\MbukuErp\\app\\Http\\Middleware\\EnsureCookieJarExists.php(65): Illuminate\\Pipeline\\Pipeline->Illuminate\\Pipeline\\{closure}()
#54 C:\\projects\\MbukuErp\\vendor\\laravel\\framework\\src\\Illuminate\\Pipeline\\Pipeline.php(183): App\\Http\\Middleware\\EnsureCookieJarExists->handle()
#55 C:\\projects\\MbukuErp\\vendor\\laravel\\framework\\src\\Illuminate\\Pipeline\\Pipeline.php(119): Illuminate\\Pipeline\\Pipeline->Illuminate\\Pipeline\\{closure}()
#56 C:\\projects\\MbukuErp\\vendor\\laravel\\framework\\src\\Illuminate\\Routing\\Router.php(805): Illuminate\\Pipeline\\Pipeline->then()
#57 C:\\projects\\MbukuErp\\vendor\\laravel\\framework\\src\\Illuminate\\Routing\\Router.php(784): Illuminate\\Routing\\Router->runRouteWithinStack()
#58 C:\\projects\\MbukuErp\\vendor\\laravel\\framework\\src\\Illuminate\\Routing\\Router.php(748): Illuminate\\Routing\\Router->runRoute()
#59 C:\\projects\\MbukuErp\\vendor\\laravel\\framework\\src\\Illuminate\\Routing\\Router.php(737): Illuminate\\Routing\\Router->dispatchToRoute()
#60 C:\\projects\\MbukuErp\\vendor\\laravel\\framework\\src\\Illuminate\\Foundation\\Http\\Kernel.php(200): Illuminate\\Routing\\Router->dispatch()
#61 C:\\projects\\MbukuErp\\vendor\\laravel\\framework\\src\\Illuminate\\Pipeline\\Pipeline.php(144): Illuminate\\Foundation\\Http\\Kernel->Illuminate\\Foundation\\Http\\{closure}()
#62 C:\\projects\\MbukuErp\\vendor\\livewire\\livewire\\src\\Features\\SupportDisablingBackButtonCache\\DisableBackButtonCacheMiddleware.php(19): Illuminate\\Pipeline\\Pipeline->Illuminate\\Pipeline\\{closure}()
#63 C:\\projects\\MbukuErp\\vendor\\laravel\\framework\\src\\Illuminate\\Pipeline\\Pipeline.php(183): Livewire\\Features\\SupportDisablingBackButtonCache\\DisableBackButtonCacheMiddleware->handle()
#64 C:\\projects\\MbukuErp\\vendor\\laravel\\framework\\src\\Illuminate\\Foundation\\Http\\Middleware\\ConvertEmptyStringsToNull.php(27): Illuminate\\Pipeline\\Pipeline->Illuminate\\Pipeline\\{closure}()
#65 C:\\projects\\MbukuErp\\vendor\\laravel\\framework\\src\\Illuminate\\Pipeline\\Pipeline.php(183): Illuminate\\Foundation\\Http\\Middleware\\ConvertEmptyStringsToNull->handle()
#66 C:\\projects\\MbukuErp\\vendor\\laravel\\framework\\src\\Illuminate\\Foundation\\Http\\Middleware\\TrimStrings.php(36): Illuminate\\Pipeline\\Pipeline->Illuminate\\Pipeline\\{closure}()
#67 C:\\projects\\MbukuErp\\vendor\\laravel\\framework\\src\\Illuminate\\Pipeline\\Pipeline.php(183): Illuminate\\Foundation\\Http\\Middleware\\TrimStrings->handle()
#68 C:\\projects\\MbukuErp\\vendor\\laravel\\framework\\src\\Illuminate\\Foundation\\Http\\Middleware\\ValidatePostSize.php(27): Illuminate\\Pipeline\\Pipeline->Illuminate\\Pipeline\\{closure}()
#69 C:\\projects\\MbukuErp\\vendor\\laravel\\framework\\src\\Illuminate\\Pipeline\\Pipeline.php(183): Illuminate\\Foundation\\Http\\Middleware\\ValidatePostSize->handle()
#70 C:\\projects\\MbukuErp\\vendor\\laravel\\framework\\src\\Illuminate\\Foundation\\Http\\Middleware\\PreventRequestsDuringMaintenance.php(99): Illuminate\\Pipeline\\Pipeline->Illuminate\\Pipeline\\{closure}()
#71 C:\\projects\\MbukuErp\\vendor\\laravel\\framework\\src\\Illuminate\\Pipeline\\Pipeline.php(183): Illuminate\\Foundation\\Http\\Middleware\\PreventRequestsDuringMaintenance->handle()
#72 C:\\projects\\MbukuErp\\vendor\\laravel\\framework\\src\\Illuminate\\Http\\Middleware\\HandleCors.php(49): Illuminate\\Pipeline\\Pipeline->Illuminate\\Pipeline\\{closure}()
#73 C:\\projects\\MbukuErp\\vendor\\laravel\\framework\\src\\Illuminate\\Pipeline\\Pipeline.php(183): Illuminate\\Http\\Middleware\\HandleCors->handle()
#74 C:\\projects\\MbukuErp\\vendor\\laravel\\framework\\src\\Illuminate\\Http\\Middleware\\TrustProxies.php(39): Illuminate\\Pipeline\\Pipeline->Illuminate\\Pipeline\\{closure}()
#75 C:\\projects\\MbukuErp\\vendor\\laravel\\framework\\src\\Illuminate\\Pipeline\\Pipeline.php(183): Illuminate\\Http\\Middleware\\TrustProxies->handle()
#76 C:\\projects\\MbukuErp\\app\\Http\\Middleware\\EnsureCookieJarExists.php(65): Illuminate\\Pipeline\\Pipeline->Illuminate\\Pipeline\\{closure}()
#77 C:\\projects\\MbukuErp\\vendor\\laravel\\framework\\src\\Illuminate\\Pipeline\\Pipeline.php(183): App\\Http\\Middleware\\EnsureCookieJarExists->handle()
#78 C:\\projects\\MbukuErp\\app\\Http\\Middleware\\DiagnosticMiddleware.php(67): Illuminate\\Pipeline\\Pipeline->Illuminate\\Pipeline\\{closure}()
#79 C:\\projects\\MbukuErp\\vendor\\laravel\\framework\\src\\Illuminate\\Pipeline\\Pipeline.php(183): App\\Http\\Middleware\\DiagnosticMiddleware->handle()
#80 C:\\projects\\MbukuErp\\vendor\\laravel\\framework\\src\\Illuminate\\Pipeline\\Pipeline.php(119): Illuminate\\Pipeline\\Pipeline->Illuminate\\Pipeline\\{closure}()
#81 C:\\projects\\MbukuErp\\vendor\\laravel\\framework\\src\\Illuminate\\Foundation\\Http\\Kernel.php(175): Illuminate\\Pipeline\\Pipeline->then()
#82 C:\\projects\\MbukuErp\\vendor\\laravel\\framework\\src\\Illuminate\\Foundation\\Http\\Kernel.php(144): Illuminate\\Foundation\\Http\\Kernel->sendRequestThroughRouter()
#83 C:\\projects\\MbukuErp\\public\\index.php(54): Illuminate\\Foundation\\Http\\Kernel->handle()
#84 C:\\projects\\MbukuErp\\server.php(21): require_once('...')
#85 {main}
"} 
[2025-04-03 11:08:38] local.INFO: Unread Count: {"unreadCount":0} 
[2025-04-03 11:08:44] local.INFO: Unread Count: {"unreadCount":0} 
[2025-04-03 11:08:49] local.INFO: Unread Count: {"unreadCount":0} 
[2025-04-03 11:10:44] local.INFO: Unread Count: {"unreadCount":0} 
[2025-04-03 11:10:54] local.INFO: Unread Count: {"unreadCount":0} 
[2025-04-03 11:10:54] local.INFO: Unread Count: {"unreadCount":0} 
[2025-04-03 11:10:57] local.INFO: Unread Count: {"unreadCount":0} 
[2025-04-03 11:11:04] local.INFO: Unread Count: {"unreadCount":0} 
[2025-04-03 11:11:10] local.INFO: Unread Count: {"unreadCount":0} 
[2025-04-03 11:11:11] local.INFO: Unread Count: {"unreadCount":0} 
[2025-04-03 11:11:17] local.INFO: Unread Count: {"unreadCount":0} 
[2025-04-03 11:11:20] local.INFO: Unread Count: {"unreadCount":0} 
[2025-04-03 11:11:27] local.INFO: Unread Count: {"unreadCount":0} 
[2025-04-03 11:11:32] local.INFO: Unread Count: {"unreadCount":0} 
[2025-04-03 11:11:34] local.INFO: Unread Count: {"unreadCount":0} 
[2025-04-03 11:11:41] local.INFO: Unread Count: {"unreadCount":0} 
[2025-04-03 11:11:46] local.INFO: Unread Count: {"unreadCount":0} 
[2025-04-03 11:11:48] local.INFO: Unread Count: {"unreadCount":0} 
[2025-04-03 11:11:56] local.INFO: Unread Count: {"unreadCount":0} 
[2025-04-03 11:11:58] local.INFO: Unread Count: {"unreadCount":0} 
[2025-04-03 11:12:04] local.INFO: Unread Count: {"unreadCount":0} 
[2025-04-03 11:12:12] local.INFO: Unread Count: {"unreadCount":0} 
[2025-04-03 11:12:17] local.INFO: Unread Count: {"unreadCount":0} 
[2025-04-03 11:12:22] local.INFO: Unread Count: {"unreadCount":0} 
[2025-04-03 11:12:29] local.INFO: Unread Count: {"unreadCount":0} 
[2025-04-03 11:12:37] local.INFO: Unread Count: {"unreadCount":0} 
[2025-04-03 11:12:42] local.INFO: Unread Count: {"unreadCount":0} 
[2025-04-03 11:12:47] local.INFO: Unread Count: {"unreadCount":0} 
[2025-04-03 11:12:58] local.INFO: Unread Count: {"unreadCount":0} 
[2025-04-03 11:12:58] local.INFO: Unread Count: {"unreadCount":0} 
[2025-04-03 11:13:03] local.INFO: Unread Count: {"unreadCount":0} 
[2025-04-03 11:13:05] local.INFO: Unread Count: {"unreadCount":0} 
[2025-04-03 11:13:10] local.INFO: Unread Count: {"unreadCount":0} 
[2025-04-03 11:13:15] local.INFO: Unread Count: {"unreadCount":0} 
[2025-04-03 11:13:20] local.INFO: Unread Count: {"unreadCount":0} 
[2025-04-03 11:13:25] local.INFO: Unread Count: {"unreadCount":0} 
[2025-04-03 11:13:30] local.INFO: Unread Count: {"unreadCount":0} 
[2025-04-03 11:13:35] local.INFO: Unread Count: {"unreadCount":0} 
[2025-04-03 11:13:45] local.INFO: Unread Count: {"unreadCount":0} 
[2025-04-03 11:13:50] local.INFO: Unread Count: {"unreadCount":0} 
[2025-04-03 11:14:18] local.INFO: Unread Count: {"unreadCount":0} 
[2025-04-03 11:14:28] local.INFO: Unread Count: {"unreadCount":0} 
[2025-04-03 11:14:31] local.INFO: Unread Count: {"unreadCount":0} 
[2025-04-03 11:14:35] local.INFO: Unread Count: {"unreadCount":0} 
[2025-04-03 11:14:42] local.INFO: Unread Count: {"unreadCount":0} 
[2025-04-03 11:14:42] local.INFO: Unread Count: {"unreadCount":0} 
[2025-04-03 11:14:45] local.INFO: Unread Count: {"unreadCount":0} 
[2025-04-03 11:14:53] local.INFO: Unread Count: {"unreadCount":0} 
[2025-04-03 11:14:58] local.INFO: Unread Count: {"unreadCount":0} 
[2025-04-03 11:15:03] local.INFO: Unread Count: {"unreadCount":0} 
[2025-04-03 11:15:08] local.INFO: Unread Count: {"unreadCount":0} 
[2025-04-03 11:15:13] local.INFO: Unread Count: {"unreadCount":0} 
[2025-04-03 11:15:21] local.INFO: Unread Count: {"unreadCount":0} 
[2025-04-03 11:15:26] local.INFO: Unread Count: {"unreadCount":0} 
[2025-04-03 11:15:30] local.INFO: Unread Count: {"unreadCount":0} 
[2025-04-03 11:15:33] local.INFO: Unread Count: {"unreadCount":0} 
[2025-04-03 11:15:40] local.INFO: Unread Count: {"unreadCount":0} 
[2025-04-03 11:15:45] local.INFO: Unread Count: {"unreadCount":0} 
[2025-04-03 11:15:49] local.INFO: Unread Count: {"unreadCount":0} 
[2025-04-03 11:15:53] local.INFO: Unread Count: {"unreadCount":0} 
[2025-04-03 11:16:01] local.INFO: Unread Count: {"unreadCount":0} 
[2025-04-03 11:16:06] local.INFO: Unread Count: {"unreadCount":0} 
[2025-04-03 11:16:10] local.INFO: Unread Count: {"unreadCount":0} 
[2025-04-03 11:16:14] local.INFO: Unread Count: {"unreadCount":0} 
[2025-04-03 11:16:22] local.INFO: Unread Count: {"unreadCount":0} 
[2025-04-03 11:16:25] local.INFO: Unread Count: {"unreadCount":0} 
[2025-04-03 11:16:29] local.INFO: Unread Count: {"unreadCount":0} 
[2025-04-03 11:16:37] local.INFO: Unread Count: {"unreadCount":0} 
[2025-04-03 11:16:42] local.INFO: Unread Count: {"unreadCount":0} 
[2025-04-03 11:16:47] local.INFO: Unread Count: {"unreadCount":0} 
[2025-04-03 11:16:56] local.INFO: Unread Count: {"unreadCount":0} 
[2025-04-03 11:16:56] local.INFO: Unread Count: {"unreadCount":0} 
[2025-04-03 11:17:00] local.INFO: Unread Count: {"unreadCount":0} 
[2025-04-03 11:17:05] local.INFO: Unread Count: {"unreadCount":0} 
[2025-04-03 11:17:10] local.INFO: Unread Count: {"unreadCount":0} 
[2025-04-03 11:17:15] local.INFO: Unread Count: {"unreadCount":0} 
[2025-04-03 11:17:20] local.INFO: Unread Count: {"unreadCount":0} 
[2025-04-03 11:17:25] local.INFO: Unread Count: {"unreadCount":0} 
[2025-04-03 11:17:30] local.INFO: Unread Count: {"unreadCount":0} 
[2025-04-03 11:17:35] local.INFO: Unread Count: {"unreadCount":0} 
[2025-04-03 11:17:40] local.INFO: Unread Count: {"unreadCount":0} 
[2025-04-03 11:17:57] local.INFO: Unread Count: {"unreadCount":0} 
[2025-04-03 11:18:02] local.INFO: Unread Count: {"unreadCount":0} 
[2025-04-03 11:21:15] local.ERROR: include(C:\projects\MbukuErp\vendor\composer/../../app/Livewire/ExamManagementComponent.php): Failed to open stream: No such file or directory {"view":{"view":"C:\\projects\\MbukuErp\\resources\\views\\pages\\support_team\\exams\\set.blade.php","data":[]},"userId":1,"exception":"[object] (Spatie\\LaravelIgnition\\Exceptions\\ViewException(code: 0): include(C:\\projects\\MbukuErp\\vendor\\composer/../../app/Livewire/ExamManagementComponent.php): Failed to open stream: No such file or directory at C:\\projects\\MbukuErp\\vendor\\composer\\ClassLoader.php:576)
[stacktrace]
#0 C:\\projects\\MbukuErp\\vendor\\laravel\\framework\\src\\Illuminate\\Foundation\\Bootstrap\\HandleExceptions.php(255): Illuminate\\Foundation\\Bootstrap\\HandleExceptions->handleError()
#1 C:\\projects\\MbukuErp\\vendor\\composer\\ClassLoader.php(576): Illuminate\\Foundation\\Bootstrap\\HandleExceptions->Illuminate\\Foundation\\Bootstrap\\{closure}()
#2 C:\\projects\\MbukuErp\\vendor\\composer\\ClassLoader.php(576): include('...')
#3 C:\\projects\\MbukuErp\\vendor\\composer\\ClassLoader.php(427): Composer\\Autoload\\{closure}()
#4 [internal function]: Composer\\Autoload\\ClassLoader->loadClass()
#5 C:\\projects\\MbukuErp\\vendor\\livewire\\livewire\\src\\Mechanisms\\ComponentRegistry.php(97): class_exists()
#6 C:\\projects\\MbukuErp\\vendor\\livewire\\livewire\\src\\Mechanisms\\ComponentRegistry.php(25): Livewire\\Mechanisms\\ComponentRegistry->getNameAndClass()
#7 C:\\projects\\MbukuErp\\vendor\\livewire\\livewire\\src\\LivewireManager.php(58): Livewire\\Mechanisms\\ComponentRegistry->new()
#8 C:\\projects\\MbukuErp\\vendor\\livewire\\livewire\\src\\Mechanisms\\HandleComponents\\HandleComponents.php(43): Livewire\\LivewireManager->new()
#9 C:\\projects\\MbukuErp\\vendor\\livewire\\livewire\\src\\LivewireManager.php(73): Livewire\\Mechanisms\\HandleComponents\\HandleComponents->mount()
#10 C:\\projects\\MbukuErp\\resources\\views\\pages\\support_team\\exams\\set.blade.php(5): Livewire\\LivewireManager->mount()
#11 C:\\projects\\MbukuErp\\vendor\\laravel\\framework\\src\\Illuminate\\Filesystem\\Filesystem.php(123): require('...')
#12 C:\\projects\\MbukuErp\\vendor\\laravel\\framework\\src\\Illuminate\\Filesystem\\Filesystem.php(124): Illuminate\\Filesystem\\Filesystem::Illuminate\\Filesystem\\{closure}()
#13 C:\\projects\\MbukuErp\\vendor\\laravel\\framework\\src\\Illuminate\\View\\Engines\\PhpEngine.php(58): Illuminate\\Filesystem\\Filesystem->getRequire()
#14 C:\\projects\\MbukuErp\\vendor\\livewire\\livewire\\src\\Mechanisms\\ExtendBlade\\ExtendedCompilerEngine.php(22): Illuminate\\View\\Engines\\PhpEngine->evaluatePath()
#15 C:\\projects\\MbukuErp\\vendor\\laravel\\framework\\src\\Illuminate\\View\\Engines\\CompilerEngine.php(72): Livewire\\Mechanisms\\ExtendBlade\\ExtendedCompilerEngine->evaluatePath()
#16 C:\\projects\\MbukuErp\\vendor\\livewire\\livewire\\src\\Mechanisms\\ExtendBlade\\ExtendedCompilerEngine.php(10): Illuminate\\View\\Engines\\CompilerEngine->get()
#17 C:\\projects\\MbukuErp\\vendor\\laravel\\framework\\src\\Illuminate\\View\\View.php(207): Livewire\\Mechanisms\\ExtendBlade\\ExtendedCompilerEngine->get()
#18 C:\\projects\\MbukuErp\\vendor\\laravel\\framework\\src\\Illuminate\\View\\View.php(190): Illuminate\\View\\View->getContents()
#19 C:\\projects\\MbukuErp\\vendor\\laravel\\framework\\src\\Illuminate\\View\\View.php(159): Illuminate\\View\\View->renderContents()
#20 C:\\projects\\MbukuErp\\vendor\\laravel\\framework\\src\\Illuminate\\Http\\Response.php(69): Illuminate\\View\\View->render()
#21 C:\\projects\\MbukuErp\\vendor\\laravel\\framework\\src\\Illuminate\\Http\\Response.php(35): Illuminate\\Http\\Response->setContent()
#22 C:\\projects\\MbukuErp\\vendor\\laravel\\framework\\src\\Illuminate\\Routing\\Router.php(918): Illuminate\\Http\\Response->__construct()
#23 C:\\projects\\MbukuErp\\vendor\\laravel\\framework\\src\\Illuminate\\Routing\\Router.php(885): Illuminate\\Routing\\Router::toResponse()
#24 C:\\projects\\MbukuErp\\vendor\\laravel\\framework\\src\\Illuminate\\Routing\\Router.php(805): Illuminate\\Routing\\Router->prepareResponse()
#25 C:\\projects\\MbukuErp\\vendor\\laravel\\framework\\src\\Illuminate\\Pipeline\\Pipeline.php(144): Illuminate\\Routing\\Router->Illuminate\\Routing\\{closure}()
#26 C:\\projects\\MbukuErp\\app\\Http\\Middleware\\Custom\\TeamSAT.php(21): Illuminate\\Pipeline\\Pipeline->Illuminate\\Pipeline\\{closure}()
#27 C:\\projects\\MbukuErp\\vendor\\laravel\\framework\\src\\Illuminate\\Pipeline\\Pipeline.php(183): App\\Http\\Middleware\\Custom\\TeamSAT->handle()
#28 C:\\projects\\MbukuErp\\app\\Http\\Middleware\\TrackUserActivity.php(33): Illuminate\\Pipeline\\Pipeline->Illuminate\\Pipeline\\{closure}()
#29 C:\\projects\\MbukuErp\\vendor\\laravel\\framework\\src\\Illuminate\\Pipeline\\Pipeline.php(183): App\\Http\\Middleware\\TrackUserActivity->handle()
#30 C:\\projects\\MbukuErp\\app\\Http\\Middleware\\FixCookieJarMiddleware.php(79): Illuminate\\Pipeline\\Pipeline->Illuminate\\Pipeline\\{closure}()
#31 C:\\projects\\MbukuErp\\vendor\\laravel\\framework\\src\\Illuminate\\Pipeline\\Pipeline.php(183): App\\Http\\Middleware\\FixCookieJarMiddleware->handle()
#32 C:\\projects\\MbukuErp\\app\\Http\\Middleware\\VerifyAndRefreshSession.php(105): Illuminate\\Pipeline\\Pipeline->Illuminate\\Pipeline\\{closure}()
#33 C:\\projects\\MbukuErp\\vendor\\laravel\\framework\\src\\Illuminate\\Pipeline\\Pipeline.php(183): App\\Http\\Middleware\\VerifyAndRefreshSession->handle()
#34 C:\\projects\\MbukuErp\\vendor\\laravel\\framework\\src\\Illuminate\\Routing\\Middleware\\SubstituteBindings.php(50): Illuminate\\Pipeline\\Pipeline->Illuminate\\Pipeline\\{closure}()
#35 C:\\projects\\MbukuErp\\vendor\\laravel\\framework\\src\\Illuminate\\Pipeline\\Pipeline.php(183): Illuminate\\Routing\\Middleware\\SubstituteBindings->handle()
#36 C:\\projects\\MbukuErp\\vendor\\laravel\\framework\\src\\Illuminate\\Foundation\\Http\\Middleware\\VerifyCsrfToken.php(78): Illuminate\\Pipeline\\Pipeline->Illuminate\\Pipeline\\{closure}()
#37 C:\\projects\\MbukuErp\\vendor\\laravel\\framework\\src\\Illuminate\\Pipeline\\Pipeline.php(183): Illuminate\\Foundation\\Http\\Middleware\\VerifyCsrfToken->handle()
#38 C:\\projects\\MbukuErp\\vendor\\laravel\\framework\\src\\Illuminate\\Session\\Middleware\\AuthenticateSession.php(60): Illuminate\\Pipeline\\Pipeline->Illuminate\\Pipeline\\{closure}()
#39 C:\\projects\\MbukuErp\\vendor\\laravel\\framework\\src\\Illuminate\\Pipeline\\Pipeline.php(183): Illuminate\\Session\\Middleware\\AuthenticateSession->handle()
#40 C:\\projects\\MbukuErp\\vendor\\laravel\\framework\\src\\Illuminate\\Auth\\Middleware\\Authenticate.php(57): Illuminate\\Pipeline\\Pipeline->Illuminate\\Pipeline\\{closure}()
#41 C:\\projects\\MbukuErp\\vendor\\laravel\\framework\\src\\Illuminate\\Pipeline\\Pipeline.php(183): Illuminate\\Auth\\Middleware\\Authenticate->handle()
#42 C:\\projects\\MbukuErp\\vendor\\laravel\\framework\\src\\Illuminate\\View\\Middleware\\ShareErrorsFromSession.php(49): Illuminate\\Pipeline\\Pipeline->Illuminate\\Pipeline\\{closure}()
#43 C:\\projects\\MbukuErp\\vendor\\laravel\\framework\\src\\Illuminate\\Pipeline\\Pipeline.php(183): Illuminate\\View\\Middleware\\ShareErrorsFromSession->handle()
#44 C:\\projects\\MbukuErp\\app\\Http\\Middleware\\SessionManager.php(37): Illuminate\\Pipeline\\Pipeline->Illuminate\\Pipeline\\{closure}()
#45 C:\\projects\\MbukuErp\\vendor\\laravel\\framework\\src\\Illuminate\\Pipeline\\Pipeline.php(183): App\\Http\\Middleware\\SessionManager->handle()
#46 C:\\projects\\MbukuErp\\vendor\\laravel\\framework\\src\\Illuminate\\Session\\Middleware\\StartSession.php(121): Illuminate\\Pipeline\\Pipeline->Illuminate\\Pipeline\\{closure}()
#47 C:\\projects\\MbukuErp\\vendor\\laravel\\framework\\src\\Illuminate\\Session\\Middleware\\StartSession.php(64): Illuminate\\Session\\Middleware\\StartSession->handleStatefulRequest()
#48 C:\\projects\\MbukuErp\\vendor\\laravel\\framework\\src\\Illuminate\\Pipeline\\Pipeline.php(183): Illuminate\\Session\\Middleware\\StartSession->handle()
#49 C:\\projects\\MbukuErp\\vendor\\laravel\\framework\\src\\Illuminate\\Cookie\\Middleware\\AddQueuedCookiesToResponse.php(37): Illuminate\\Pipeline\\Pipeline->Illuminate\\Pipeline\\{closure}()
#50 C:\\projects\\MbukuErp\\vendor\\laravel\\framework\\src\\Illuminate\\Pipeline\\Pipeline.php(183): Illuminate\\Cookie\\Middleware\\AddQueuedCookiesToResponse->handle()
#51 C:\\projects\\MbukuErp\\app\\Http\\Middleware\\EnsureAuthWorks.php(24): Illuminate\\Pipeline\\Pipeline->Illuminate\\Pipeline\\{closure}()
#52 C:\\projects\\MbukuErp\\vendor\\laravel\\framework\\src\\Illuminate\\Pipeline\\Pipeline.php(183): App\\Http\\Middleware\\EnsureAuthWorks->handle()
#53 C:\\projects\\MbukuErp\\vendor\\laravel\\framework\\src\\Illuminate\\Cookie\\Middleware\\EncryptCookies.php(67): Illuminate\\Pipeline\\Pipeline->Illuminate\\Pipeline\\{closure}()
#54 C:\\projects\\MbukuErp\\vendor\\laravel\\framework\\src\\Illuminate\\Pipeline\\Pipeline.php(183): Illuminate\\Cookie\\Middleware\\EncryptCookies->handle()
#55 C:\\projects\\MbukuErp\\app\\Http\\Middleware\\EnsureCookieJarExists.php(65): Illuminate\\Pipeline\\Pipeline->Illuminate\\Pipeline\\{closure}()
#56 C:\\projects\\MbukuErp\\vendor\\laravel\\framework\\src\\Illuminate\\Pipeline\\Pipeline.php(183): App\\Http\\Middleware\\EnsureCookieJarExists->handle()
#57 C:\\projects\\MbukuErp\\vendor\\laravel\\framework\\src\\Illuminate\\Pipeline\\Pipeline.php(119): Illuminate\\Pipeline\\Pipeline->Illuminate\\Pipeline\\{closure}()
#58 C:\\projects\\MbukuErp\\vendor\\laravel\\framework\\src\\Illuminate\\Routing\\Router.php(805): Illuminate\\Pipeline\\Pipeline->then()
#59 C:\\projects\\MbukuErp\\vendor\\laravel\\framework\\src\\Illuminate\\Routing\\Router.php(784): Illuminate\\Routing\\Router->runRouteWithinStack()
#60 C:\\projects\\MbukuErp\\vendor\\laravel\\framework\\src\\Illuminate\\Routing\\Router.php(748): Illuminate\\Routing\\Router->runRoute()
#61 C:\\projects\\MbukuErp\\vendor\\laravel\\framework\\src\\Illuminate\\Routing\\Router.php(737): Illuminate\\Routing\\Router->dispatchToRoute()
#62 C:\\projects\\MbukuErp\\vendor\\laravel\\framework\\src\\Illuminate\\Foundation\\Http\\Kernel.php(200): Illuminate\\Routing\\Router->dispatch()
#63 C:\\projects\\MbukuErp\\vendor\\laravel\\framework\\src\\Illuminate\\Pipeline\\Pipeline.php(144): Illuminate\\Foundation\\Http\\Kernel->Illuminate\\Foundation\\Http\\{closure}()
#64 C:\\projects\\MbukuErp\\vendor\\livewire\\livewire\\src\\Features\\SupportDisablingBackButtonCache\\DisableBackButtonCacheMiddleware.php(19): Illuminate\\Pipeline\\Pipeline->Illuminate\\Pipeline\\{closure}()
#65 C:\\projects\\MbukuErp\\vendor\\laravel\\framework\\src\\Illuminate\\Pipeline\\Pipeline.php(183): Livewire\\Features\\SupportDisablingBackButtonCache\\DisableBackButtonCacheMiddleware->handle()
#66 C:\\projects\\MbukuErp\\vendor\\laravel\\framework\\src\\Illuminate\\Foundation\\Http\\Middleware\\TransformsRequest.php(21): Illuminate\\Pipeline\\Pipeline->Illuminate\\Pipeline\\{closure}()
#67 C:\\projects\\MbukuErp\\vendor\\laravel\\framework\\src\\Illuminate\\Foundation\\Http\\Middleware\\ConvertEmptyStringsToNull.php(31): Illuminate\\Foundation\\Http\\Middleware\\TransformsRequest->handle()
#68 C:\\projects\\MbukuErp\\vendor\\laravel\\framework\\src\\Illuminate\\Pipeline\\Pipeline.php(183): Illuminate\\Foundation\\Http\\Middleware\\ConvertEmptyStringsToNull->handle()
#69 C:\\projects\\MbukuErp\\vendor\\laravel\\framework\\src\\Illuminate\\Foundation\\Http\\Middleware\\TransformsRequest.php(21): Illuminate\\Pipeline\\Pipeline->Illuminate\\Pipeline\\{closure}()
#70 C:\\projects\\MbukuErp\\vendor\\laravel\\framework\\src\\Illuminate\\Foundation\\Http\\Middleware\\TrimStrings.php(40): Illuminate\\Foundation\\Http\\Middleware\\TransformsRequest->handle()
#71 C:\\projects\\MbukuErp\\vendor\\laravel\\framework\\src\\Illuminate\\Pipeline\\Pipeline.php(183): Illuminate\\Foundation\\Http\\Middleware\\TrimStrings->handle()
#72 C:\\projects\\MbukuErp\\vendor\\laravel\\framework\\src\\Illuminate\\Foundation\\Http\\Middleware\\ValidatePostSize.php(27): Illuminate\\Pipeline\\Pipeline->Illuminate\\Pipeline\\{closure}()
#73 C:\\projects\\MbukuErp\\vendor\\laravel\\framework\\src\\Illuminate\\Pipeline\\Pipeline.php(183): Illuminate\\Foundation\\Http\\Middleware\\ValidatePostSize->handle()
#74 C:\\projects\\MbukuErp\\vendor\\laravel\\framework\\src\\Illuminate\\Foundation\\Http\\Middleware\\PreventRequestsDuringMaintenance.php(99): Illuminate\\Pipeline\\Pipeline->Illuminate\\Pipeline\\{closure}()
#75 C:\\projects\\MbukuErp\\vendor\\laravel\\framework\\src\\Illuminate\\Pipeline\\Pipeline.php(183): Illuminate\\Foundation\\Http\\Middleware\\PreventRequestsDuringMaintenance->handle()
#76 C:\\projects\\MbukuErp\\vendor\\laravel\\framework\\src\\Illuminate\\Http\\Middleware\\HandleCors.php(49): Illuminate\\Pipeline\\Pipeline->Illuminate\\Pipeline\\{closure}()
#77 C:\\projects\\MbukuErp\\vendor\\laravel\\framework\\src\\Illuminate\\Pipeline\\Pipeline.php(183): Illuminate\\Http\\Middleware\\HandleCors->handle()
#78 C:\\projects\\MbukuErp\\vendor\\laravel\\framework\\src\\Illuminate\\Http\\Middleware\\TrustProxies.php(39): Illuminate\\Pipeline\\Pipeline->Illuminate\\Pipeline\\{closure}()
#79 C:\\projects\\MbukuErp\\vendor\\laravel\\framework\\src\\Illuminate\\Pipeline\\Pipeline.php(183): Illuminate\\Http\\Middleware\\TrustProxies->handle()
#80 C:\\projects\\MbukuErp\\app\\Http\\Middleware\\EnsureCookieJarExists.php(65): Illuminate\\Pipeline\\Pipeline->Illuminate\\Pipeline\\{closure}()
#81 C:\\projects\\MbukuErp\\vendor\\laravel\\framework\\src\\Illuminate\\Pipeline\\Pipeline.php(183): App\\Http\\Middleware\\EnsureCookieJarExists->handle()
#82 C:\\projects\\MbukuErp\\app\\Http\\Middleware\\DiagnosticMiddleware.php(67): Illuminate\\Pipeline\\Pipeline->Illuminate\\Pipeline\\{closure}()
#83 C:\\projects\\MbukuErp\\vendor\\laravel\\framework\\src\\Illuminate\\Pipeline\\Pipeline.php(183): App\\Http\\Middleware\\DiagnosticMiddleware->handle()
#84 C:\\projects\\MbukuErp\\vendor\\laravel\\framework\\src\\Illuminate\\Pipeline\\Pipeline.php(119): Illuminate\\Pipeline\\Pipeline->Illuminate\\Pipeline\\{closure}()
#85 C:\\projects\\MbukuErp\\vendor\\laravel\\framework\\src\\Illuminate\\Foundation\\Http\\Kernel.php(175): Illuminate\\Pipeline\\Pipeline->then()
#86 C:\\projects\\MbukuErp\\vendor\\laravel\\framework\\src\\Illuminate\\Foundation\\Http\\Kernel.php(144): Illuminate\\Foundation\\Http\\Kernel->sendRequestThroughRouter()
#87 C:\\projects\\MbukuErp\\public\\index.php(54): Illuminate\\Foundation\\Http\\Kernel->handle()
#88 C:\\projects\\MbukuErp\\server.php(21): require_once('...')
#89 {main}

[previous exception] [object] (ErrorException(code: 0): include(C:\\projects\\MbukuErp\\vendor\\composer/../../app/Livewire/ExamManagementComponent.php): Failed to open stream: No such file or directory at C:\\projects\\MbukuErp\\vendor\\composer\\ClassLoader.php:576)
[stacktrace]
#0 C:\\projects\\MbukuErp\\vendor\\laravel\\framework\\src\\Illuminate\\Foundation\\Bootstrap\\HandleExceptions.php(255): Illuminate\\Foundation\\Bootstrap\\HandleExceptions->handleError()
#1 C:\\projects\\MbukuErp\\vendor\\composer\\ClassLoader.php(576): Illuminate\\Foundation\\Bootstrap\\HandleExceptions->Illuminate\\Foundation\\Bootstrap\\{closure}()
#2 C:\\projects\\MbukuErp\\vendor\\composer\\ClassLoader.php(576): include('...')
#3 C:\\projects\\MbukuErp\\vendor\\composer\\ClassLoader.php(427): Composer\\Autoload\\{closure}()
#4 [internal function]: Composer\\Autoload\\ClassLoader->loadClass()
#5 C:\\projects\\MbukuErp\\vendor\\livewire\\livewire\\src\\Mechanisms\\ComponentRegistry.php(97): class_exists()
#6 C:\\projects\\MbukuErp\\vendor\\livewire\\livewire\\src\\Mechanisms\\ComponentRegistry.php(25): Livewire\\Mechanisms\\ComponentRegistry->getNameAndClass()
#7 C:\\projects\\MbukuErp\\vendor\\livewire\\livewire\\src\\LivewireManager.php(58): Livewire\\Mechanisms\\ComponentRegistry->new()
#8 C:\\projects\\MbukuErp\\vendor\\livewire\\livewire\\src\\Mechanisms\\HandleComponents\\HandleComponents.php(43): Livewire\\LivewireManager->new()
#9 C:\\projects\\MbukuErp\\vendor\\livewire\\livewire\\src\\LivewireManager.php(73): Livewire\\Mechanisms\\HandleComponents\\HandleComponents->mount()
#10 C:\\projects\\MbukuErp\\storage\\framework\\views\\42465def8849060c943e8b85165d4a29.php(15): Livewire\\LivewireManager->mount()
#11 C:\\projects\\MbukuErp\\vendor\\laravel\\framework\\src\\Illuminate\\Filesystem\\Filesystem.php(123): require('...')
#12 C:\\projects\\MbukuErp\\vendor\\laravel\\framework\\src\\Illuminate\\Filesystem\\Filesystem.php(124): Illuminate\\Filesystem\\Filesystem::Illuminate\\Filesystem\\{closure}()
#13 C:\\projects\\MbukuErp\\vendor\\laravel\\framework\\src\\Illuminate\\View\\Engines\\PhpEngine.php(58): Illuminate\\Filesystem\\Filesystem->getRequire()
#14 C:\\projects\\MbukuErp\\vendor\\livewire\\livewire\\src\\Mechanisms\\ExtendBlade\\ExtendedCompilerEngine.php(22): Illuminate\\View\\Engines\\PhpEngine->evaluatePath()
#15 C:\\projects\\MbukuErp\\vendor\\laravel\\framework\\src\\Illuminate\\View\\Engines\\CompilerEngine.php(72): Livewire\\Mechanisms\\ExtendBlade\\ExtendedCompilerEngine->evaluatePath()
#16 C:\\projects\\MbukuErp\\vendor\\livewire\\livewire\\src\\Mechanisms\\ExtendBlade\\ExtendedCompilerEngine.php(10): Illuminate\\View\\Engines\\CompilerEngine->get()
#17 C:\\projects\\MbukuErp\\vendor\\laravel\\framework\\src\\Illuminate\\View\\View.php(207): Livewire\\Mechanisms\\ExtendBlade\\ExtendedCompilerEngine->get()
#18 C:\\projects\\MbukuErp\\vendor\\laravel\\framework\\src\\Illuminate\\View\\View.php(190): Illuminate\\View\\View->getContents()
#19 C:\\projects\\MbukuErp\\vendor\\laravel\\framework\\src\\Illuminate\\View\\View.php(159): Illuminate\\View\\View->renderContents()
#20 C:\\projects\\MbukuErp\\vendor\\laravel\\framework\\src\\Illuminate\\Http\\Response.php(69): Illuminate\\View\\View->render()
#21 C:\\projects\\MbukuErp\\vendor\\laravel\\framework\\src\\Illuminate\\Http\\Response.php(35): Illuminate\\Http\\Response->setContent()
#22 C:\\projects\\MbukuErp\\vendor\\laravel\\framework\\src\\Illuminate\\Routing\\Router.php(918): Illuminate\\Http\\Response->__construct()
#23 C:\\projects\\MbukuErp\\vendor\\laravel\\framework\\src\\Illuminate\\Routing\\Router.php(885): Illuminate\\Routing\\Router::toResponse()
#24 C:\\projects\\MbukuErp\\vendor\\laravel\\framework\\src\\Illuminate\\Routing\\Router.php(805): Illuminate\\Routing\\Router->prepareResponse()
#25 C:\\projects\\MbukuErp\\vendor\\laravel\\framework\\src\\Illuminate\\Pipeline\\Pipeline.php(144): Illuminate\\Routing\\Router->Illuminate\\Routing\\{closure}()
#26 C:\\projects\\MbukuErp\\app\\Http\\Middleware\\Custom\\TeamSAT.php(21): Illuminate\\Pipeline\\Pipeline->Illuminate\\Pipeline\\{closure}()
#27 C:\\projects\\MbukuErp\\vendor\\laravel\\framework\\src\\Illuminate\\Pipeline\\Pipeline.php(183): App\\Http\\Middleware\\Custom\\TeamSAT->handle()
#28 C:\\projects\\MbukuErp\\app\\Http\\Middleware\\TrackUserActivity.php(33): Illuminate\\Pipeline\\Pipeline->Illuminate\\Pipeline\\{closure}()
#29 C:\\projects\\MbukuErp\\vendor\\laravel\\framework\\src\\Illuminate\\Pipeline\\Pipeline.php(183): App\\Http\\Middleware\\TrackUserActivity->handle()
#30 C:\\projects\\MbukuErp\\app\\Http\\Middleware\\FixCookieJarMiddleware.php(79): Illuminate\\Pipeline\\Pipeline->Illuminate\\Pipeline\\{closure}()
#31 C:\\projects\\MbukuErp\\vendor\\laravel\\framework\\src\\Illuminate\\Pipeline\\Pipeline.php(183): App\\Http\\Middleware\\FixCookieJarMiddleware->handle()
#32 C:\\projects\\MbukuErp\\app\\Http\\Middleware\\VerifyAndRefreshSession.php(105): Illuminate\\Pipeline\\Pipeline->Illuminate\\Pipeline\\{closure}()
#33 C:\\projects\\MbukuErp\\vendor\\laravel\\framework\\src\\Illuminate\\Pipeline\\Pipeline.php(183): App\\Http\\Middleware\\VerifyAndRefreshSession->handle()
#34 C:\\projects\\MbukuErp\\vendor\\laravel\\framework\\src\\Illuminate\\Routing\\Middleware\\SubstituteBindings.php(50): Illuminate\\Pipeline\\Pipeline->Illuminate\\Pipeline\\{closure}()
#35 C:\\projects\\MbukuErp\\vendor\\laravel\\framework\\src\\Illuminate\\Pipeline\\Pipeline.php(183): Illuminate\\Routing\\Middleware\\SubstituteBindings->handle()
#36 C:\\projects\\MbukuErp\\vendor\\laravel\\framework\\src\\Illuminate\\Foundation\\Http\\Middleware\\VerifyCsrfToken.php(78): Illuminate\\Pipeline\\Pipeline->Illuminate\\Pipeline\\{closure}()
#37 C:\\projects\\MbukuErp\\vendor\\laravel\\framework\\src\\Illuminate\\Pipeline\\Pipeline.php(183): Illuminate\\Foundation\\Http\\Middleware\\VerifyCsrfToken->handle()
#38 C:\\projects\\MbukuErp\\vendor\\laravel\\framework\\src\\Illuminate\\Session\\Middleware\\AuthenticateSession.php(60): Illuminate\\Pipeline\\Pipeline->Illuminate\\Pipeline\\{closure}()
#39 C:\\projects\\MbukuErp\\vendor\\laravel\\framework\\src\\Illuminate\\Pipeline\\Pipeline.php(183): Illuminate\\Session\\Middleware\\AuthenticateSession->handle()
#40 C:\\projects\\MbukuErp\\vendor\\laravel\\framework\\src\\Illuminate\\Auth\\Middleware\\Authenticate.php(57): Illuminate\\Pipeline\\Pipeline->Illuminate\\Pipeline\\{closure}()
#41 C:\\projects\\MbukuErp\\vendor\\laravel\\framework\\src\\Illuminate\\Pipeline\\Pipeline.php(183): Illuminate\\Auth\\Middleware\\Authenticate->handle()
#42 C:\\projects\\MbukuErp\\vendor\\laravel\\framework\\src\\Illuminate\\View\\Middleware\\ShareErrorsFromSession.php(49): Illuminate\\Pipeline\\Pipeline->Illuminate\\Pipeline\\{closure}()
#43 C:\\projects\\MbukuErp\\vendor\\laravel\\framework\\src\\Illuminate\\Pipeline\\Pipeline.php(183): Illuminate\\View\\Middleware\\ShareErrorsFromSession->handle()
#44 C:\\projects\\MbukuErp\\app\\Http\\Middleware\\SessionManager.php(37): Illuminate\\Pipeline\\Pipeline->Illuminate\\Pipeline\\{closure}()
#45 C:\\projects\\MbukuErp\\vendor\\laravel\\framework\\src\\Illuminate\\Pipeline\\Pipeline.php(183): App\\Http\\Middleware\\SessionManager->handle()
#46 C:\\projects\\MbukuErp\\vendor\\laravel\\framework\\src\\Illuminate\\Session\\Middleware\\StartSession.php(121): Illuminate\\Pipeline\\Pipeline->Illuminate\\Pipeline\\{closure}()
#47 C:\\projects\\MbukuErp\\vendor\\laravel\\framework\\src\\Illuminate\\Session\\Middleware\\StartSession.php(64): Illuminate\\Session\\Middleware\\StartSession->handleStatefulRequest()
#48 C:\\projects\\MbukuErp\\vendor\\laravel\\framework\\src\\Illuminate\\Pipeline\\Pipeline.php(183): Illuminate\\Session\\Middleware\\StartSession->handle()
#49 C:\\projects\\MbukuErp\\vendor\\laravel\\framework\\src\\Illuminate\\Cookie\\Middleware\\AddQueuedCookiesToResponse.php(37): Illuminate\\Pipeline\\Pipeline->Illuminate\\Pipeline\\{closure}()
#50 C:\\projects\\MbukuErp\\vendor\\laravel\\framework\\src\\Illuminate\\Pipeline\\Pipeline.php(183): Illuminate\\Cookie\\Middleware\\AddQueuedCookiesToResponse->handle()
#51 C:\\projects\\MbukuErp\\app\\Http\\Middleware\\EnsureAuthWorks.php(24): Illuminate\\Pipeline\\Pipeline->Illuminate\\Pipeline\\{closure}()
#52 C:\\projects\\MbukuErp\\vendor\\laravel\\framework\\src\\Illuminate\\Pipeline\\Pipeline.php(183): App\\Http\\Middleware\\EnsureAuthWorks->handle()
#53 C:\\projects\\MbukuErp\\vendor\\laravel\\framework\\src\\Illuminate\\Cookie\\Middleware\\EncryptCookies.php(67): Illuminate\\Pipeline\\Pipeline->Illuminate\\Pipeline\\{closure}()
#54 C:\\projects\\MbukuErp\\vendor\\laravel\\framework\\src\\Illuminate\\Pipeline\\Pipeline.php(183): Illuminate\\Cookie\\Middleware\\EncryptCookies->handle()
#55 C:\\projects\\MbukuErp\\app\\Http\\Middleware\\EnsureCookieJarExists.php(65): Illuminate\\Pipeline\\Pipeline->Illuminate\\Pipeline\\{closure}()
#56 C:\\projects\\MbukuErp\\vendor\\laravel\\framework\\src\\Illuminate\\Pipeline\\Pipeline.php(183): App\\Http\\Middleware\\EnsureCookieJarExists->handle()
#57 C:\\projects\\MbukuErp\\vendor\\laravel\\framework\\src\\Illuminate\\Pipeline\\Pipeline.php(119): Illuminate\\Pipeline\\Pipeline->Illuminate\\Pipeline\\{closure}()
#58 C:\\projects\\MbukuErp\\vendor\\laravel\\framework\\src\\Illuminate\\Routing\\Router.php(805): Illuminate\\Pipeline\\Pipeline->then()
#59 C:\\projects\\MbukuErp\\vendor\\laravel\\framework\\src\\Illuminate\\Routing\\Router.php(784): Illuminate\\Routing\\Router->runRouteWithinStack()
#60 C:\\projects\\MbukuErp\\vendor\\laravel\\framework\\src\\Illuminate\\Routing\\Router.php(748): Illuminate\\Routing\\Router->runRoute()
#61 C:\\projects\\MbukuErp\\vendor\\laravel\\framework\\src\\Illuminate\\Routing\\Router.php(737): Illuminate\\Routing\\Router->dispatchToRoute()
#62 C:\\projects\\MbukuErp\\vendor\\laravel\\framework\\src\\Illuminate\\Foundation\\Http\\Kernel.php(200): Illuminate\\Routing\\Router->dispatch()
#63 C:\\projects\\MbukuErp\\vendor\\laravel\\framework\\src\\Illuminate\\Pipeline\\Pipeline.php(144): Illuminate\\Foundation\\Http\\Kernel->Illuminate\\Foundation\\Http\\{closure}()
#64 C:\\projects\\MbukuErp\\vendor\\livewire\\livewire\\src\\Features\\SupportDisablingBackButtonCache\\DisableBackButtonCacheMiddleware.php(19): Illuminate\\Pipeline\\Pipeline->Illuminate\\Pipeline\\{closure}()
#65 C:\\projects\\MbukuErp\\vendor\\laravel\\framework\\src\\Illuminate\\Pipeline\\Pipeline.php(183): Livewire\\Features\\SupportDisablingBackButtonCache\\DisableBackButtonCacheMiddleware->handle()
#66 C:\\projects\\MbukuErp\\vendor\\laravel\\framework\\src\\Illuminate\\Foundation\\Http\\Middleware\\TransformsRequest.php(21): Illuminate\\Pipeline\\Pipeline->Illuminate\\Pipeline\\{closure}()
#67 C:\\projects\\MbukuErp\\vendor\\laravel\\framework\\src\\Illuminate\\Foundation\\Http\\Middleware\\ConvertEmptyStringsToNull.php(31): Illuminate\\Foundation\\Http\\Middleware\\TransformsRequest->handle()
#68 C:\\projects\\MbukuErp\\vendor\\laravel\\framework\\src\\Illuminate\\Pipeline\\Pipeline.php(183): Illuminate\\Foundation\\Http\\Middleware\\ConvertEmptyStringsToNull->handle()
#69 C:\\projects\\MbukuErp\\vendor\\laravel\\framework\\src\\Illuminate\\Foundation\\Http\\Middleware\\TransformsRequest.php(21): Illuminate\\Pipeline\\Pipeline->Illuminate\\Pipeline\\{closure}()
#70 C:\\projects\\MbukuErp\\vendor\\laravel\\framework\\src\\Illuminate\\Foundation\\Http\\Middleware\\TrimStrings.php(40): Illuminate\\Foundation\\Http\\Middleware\\TransformsRequest->handle()
#71 C:\\projects\\MbukuErp\\vendor\\laravel\\framework\\src\\Illuminate\\Pipeline\\Pipeline.php(183): Illuminate\\Foundation\\Http\\Middleware\\TrimStrings->handle()
#72 C:\\projects\\MbukuErp\\vendor\\laravel\\framework\\src\\Illuminate\\Foundation\\Http\\Middleware\\ValidatePostSize.php(27): Illuminate\\Pipeline\\Pipeline->Illuminate\\Pipeline\\{closure}()
#73 C:\\projects\\MbukuErp\\vendor\\laravel\\framework\\src\\Illuminate\\Pipeline\\Pipeline.php(183): Illuminate\\Foundation\\Http\\Middleware\\ValidatePostSize->handle()
#74 C:\\projects\\MbukuErp\\vendor\\laravel\\framework\\src\\Illuminate\\Foundation\\Http\\Middleware\\PreventRequestsDuringMaintenance.php(99): Illuminate\\Pipeline\\Pipeline->Illuminate\\Pipeline\\{closure}()
#75 C:\\projects\\MbukuErp\\vendor\\laravel\\framework\\src\\Illuminate\\Pipeline\\Pipeline.php(183): Illuminate\\Foundation\\Http\\Middleware\\PreventRequestsDuringMaintenance->handle()
#76 C:\\projects\\MbukuErp\\vendor\\laravel\\framework\\src\\Illuminate\\Http\\Middleware\\HandleCors.php(49): Illuminate\\Pipeline\\Pipeline->Illuminate\\Pipeline\\{closure}()
#77 C:\\projects\\MbukuErp\\vendor\\laravel\\framework\\src\\Illuminate\\Pipeline\\Pipeline.php(183): Illuminate\\Http\\Middleware\\HandleCors->handle()
#78 C:\\projects\\MbukuErp\\vendor\\laravel\\framework\\src\\Illuminate\\Http\\Middleware\\TrustProxies.php(39): Illuminate\\Pipeline\\Pipeline->Illuminate\\Pipeline\\{closure}()
#79 C:\\projects\\MbukuErp\\vendor\\laravel\\framework\\src\\Illuminate\\Pipeline\\Pipeline.php(183): Illuminate\\Http\\Middleware\\TrustProxies->handle()
#80 C:\\projects\\MbukuErp\\app\\Http\\Middleware\\EnsureCookieJarExists.php(65): Illuminate\\Pipeline\\Pipeline->Illuminate\\Pipeline\\{closure}()
#81 C:\\projects\\MbukuErp\\vendor\\laravel\\framework\\src\\Illuminate\\Pipeline\\Pipeline.php(183): App\\Http\\Middleware\\EnsureCookieJarExists->handle()
#82 C:\\projects\\MbukuErp\\app\\Http\\Middleware\\DiagnosticMiddleware.php(67): Illuminate\\Pipeline\\Pipeline->Illuminate\\Pipeline\\{closure}()
#83 C:\\projects\\MbukuErp\\vendor\\laravel\\framework\\src\\Illuminate\\Pipeline\\Pipeline.php(183): App\\Http\\Middleware\\DiagnosticMiddleware->handle()
#84 C:\\projects\\MbukuErp\\vendor\\laravel\\framework\\src\\Illuminate\\Pipeline\\Pipeline.php(119): Illuminate\\Pipeline\\Pipeline->Illuminate\\Pipeline\\{closure}()
#85 C:\\projects\\MbukuErp\\vendor\\laravel\\framework\\src\\Illuminate\\Foundation\\Http\\Kernel.php(175): Illuminate\\Pipeline\\Pipeline->then()
#86 C:\\projects\\MbukuErp\\vendor\\laravel\\framework\\src\\Illuminate\\Foundation\\Http\\Kernel.php(144): Illuminate\\Foundation\\Http\\Kernel->sendRequestThroughRouter()
#87 C:\\projects\\MbukuErp\\public\\index.php(54): Illuminate\\Foundation\\Http\\Kernel->handle()
#88 C:\\projects\\MbukuErp\\server.php(21): require_once('...')
#89 {main}
"} 
[2025-04-03 11:21:20] local.ERROR: include(C:\projects\MbukuErp\vendor\composer/../../app/Livewire/ExamManagementComponent.php): Failed to open stream: No such file or directory {"view":{"view":"C:\\projects\\MbukuErp\\resources\\views\\pages\\support_team\\exams\\set.blade.php","data":[]},"userId":1,"exception":"[object] (Spatie\\LaravelIgnition\\Exceptions\\ViewException(code: 0): include(C:\\projects\\MbukuErp\\vendor\\composer/../../app/Livewire/ExamManagementComponent.php): Failed to open stream: No such file or directory at C:\\projects\\MbukuErp\\vendor\\composer\\ClassLoader.php:576)
[stacktrace]
#0 C:\\projects\\MbukuErp\\vendor\\laravel\\framework\\src\\Illuminate\\Foundation\\Bootstrap\\HandleExceptions.php(255): Illuminate\\Foundation\\Bootstrap\\HandleExceptions->handleError()
#1 C:\\projects\\MbukuErp\\vendor\\composer\\ClassLoader.php(576): Illuminate\\Foundation\\Bootstrap\\HandleExceptions->Illuminate\\Foundation\\Bootstrap\\{closure}()
#2 C:\\projects\\MbukuErp\\vendor\\composer\\ClassLoader.php(576): include('...')
#3 C:\\projects\\MbukuErp\\vendor\\composer\\ClassLoader.php(427): Composer\\Autoload\\{closure}()
#4 [internal function]: Composer\\Autoload\\ClassLoader->loadClass()
#5 C:\\projects\\MbukuErp\\vendor\\livewire\\livewire\\src\\Mechanisms\\ComponentRegistry.php(97): class_exists()
#6 C:\\projects\\MbukuErp\\vendor\\livewire\\livewire\\src\\Mechanisms\\ComponentRegistry.php(25): Livewire\\Mechanisms\\ComponentRegistry->getNameAndClass()
#7 C:\\projects\\MbukuErp\\vendor\\livewire\\livewire\\src\\LivewireManager.php(58): Livewire\\Mechanisms\\ComponentRegistry->new()
#8 C:\\projects\\MbukuErp\\vendor\\livewire\\livewire\\src\\Mechanisms\\HandleComponents\\HandleComponents.php(43): Livewire\\LivewireManager->new()
#9 C:\\projects\\MbukuErp\\vendor\\livewire\\livewire\\src\\LivewireManager.php(73): Livewire\\Mechanisms\\HandleComponents\\HandleComponents->mount()
#10 C:\\projects\\MbukuErp\\resources\\views\\pages\\support_team\\exams\\set.blade.php(5): Livewire\\LivewireManager->mount()
#11 C:\\projects\\MbukuErp\\vendor\\laravel\\framework\\src\\Illuminate\\Filesystem\\Filesystem.php(123): require('...')
#12 C:\\projects\\MbukuErp\\vendor\\laravel\\framework\\src\\Illuminate\\Filesystem\\Filesystem.php(124): Illuminate\\Filesystem\\Filesystem::Illuminate\\Filesystem\\{closure}()
#13 C:\\projects\\MbukuErp\\vendor\\laravel\\framework\\src\\Illuminate\\View\\Engines\\PhpEngine.php(58): Illuminate\\Filesystem\\Filesystem->getRequire()
#14 C:\\projects\\MbukuErp\\vendor\\livewire\\livewire\\src\\Mechanisms\\ExtendBlade\\ExtendedCompilerEngine.php(22): Illuminate\\View\\Engines\\PhpEngine->evaluatePath()
#15 C:\\projects\\MbukuErp\\vendor\\laravel\\framework\\src\\Illuminate\\View\\Engines\\CompilerEngine.php(72): Livewire\\Mechanisms\\ExtendBlade\\ExtendedCompilerEngine->evaluatePath()
#16 C:\\projects\\MbukuErp\\vendor\\livewire\\livewire\\src\\Mechanisms\\ExtendBlade\\ExtendedCompilerEngine.php(10): Illuminate\\View\\Engines\\CompilerEngine->get()
#17 C:\\projects\\MbukuErp\\vendor\\laravel\\framework\\src\\Illuminate\\View\\View.php(207): Livewire\\Mechanisms\\ExtendBlade\\ExtendedCompilerEngine->get()
#18 C:\\projects\\MbukuErp\\vendor\\laravel\\framework\\src\\Illuminate\\View\\View.php(190): Illuminate\\View\\View->getContents()
#19 C:\\projects\\MbukuErp\\vendor\\laravel\\framework\\src\\Illuminate\\View\\View.php(159): Illuminate\\View\\View->renderContents()
#20 C:\\projects\\MbukuErp\\vendor\\laravel\\framework\\src\\Illuminate\\Http\\Response.php(69): Illuminate\\View\\View->render()
#21 C:\\projects\\MbukuErp\\vendor\\laravel\\framework\\src\\Illuminate\\Http\\Response.php(35): Illuminate\\Http\\Response->setContent()
#22 C:\\projects\\MbukuErp\\vendor\\laravel\\framework\\src\\Illuminate\\Routing\\Router.php(918): Illuminate\\Http\\Response->__construct()
#23 C:\\projects\\MbukuErp\\vendor\\laravel\\framework\\src\\Illuminate\\Routing\\Router.php(885): Illuminate\\Routing\\Router::toResponse()
#24 C:\\projects\\MbukuErp\\vendor\\laravel\\framework\\src\\Illuminate\\Routing\\Router.php(805): Illuminate\\Routing\\Router->prepareResponse()
#25 C:\\projects\\MbukuErp\\vendor\\laravel\\framework\\src\\Illuminate\\Pipeline\\Pipeline.php(144): Illuminate\\Routing\\Router->Illuminate\\Routing\\{closure}()
#26 C:\\projects\\MbukuErp\\app\\Http\\Middleware\\Custom\\TeamSAT.php(21): Illuminate\\Pipeline\\Pipeline->Illuminate\\Pipeline\\{closure}()
#27 C:\\projects\\MbukuErp\\vendor\\laravel\\framework\\src\\Illuminate\\Pipeline\\Pipeline.php(183): App\\Http\\Middleware\\Custom\\TeamSAT->handle()
#28 C:\\projects\\MbukuErp\\app\\Http\\Middleware\\TrackUserActivity.php(33): Illuminate\\Pipeline\\Pipeline->Illuminate\\Pipeline\\{closure}()
#29 C:\\projects\\MbukuErp\\vendor\\laravel\\framework\\src\\Illuminate\\Pipeline\\Pipeline.php(183): App\\Http\\Middleware\\TrackUserActivity->handle()
#30 C:\\projects\\MbukuErp\\app\\Http\\Middleware\\FixCookieJarMiddleware.php(79): Illuminate\\Pipeline\\Pipeline->Illuminate\\Pipeline\\{closure}()
#31 C:\\projects\\MbukuErp\\vendor\\laravel\\framework\\src\\Illuminate\\Pipeline\\Pipeline.php(183): App\\Http\\Middleware\\FixCookieJarMiddleware->handle()
#32 C:\\projects\\MbukuErp\\app\\Http\\Middleware\\VerifyAndRefreshSession.php(105): Illuminate\\Pipeline\\Pipeline->Illuminate\\Pipeline\\{closure}()
#33 C:\\projects\\MbukuErp\\vendor\\laravel\\framework\\src\\Illuminate\\Pipeline\\Pipeline.php(183): App\\Http\\Middleware\\VerifyAndRefreshSession->handle()
#34 C:\\projects\\MbukuErp\\vendor\\laravel\\framework\\src\\Illuminate\\Routing\\Middleware\\SubstituteBindings.php(50): Illuminate\\Pipeline\\Pipeline->Illuminate\\Pipeline\\{closure}()
#35 C:\\projects\\MbukuErp\\vendor\\laravel\\framework\\src\\Illuminate\\Pipeline\\Pipeline.php(183): Illuminate\\Routing\\Middleware\\SubstituteBindings->handle()
#36 C:\\projects\\MbukuErp\\vendor\\laravel\\framework\\src\\Illuminate\\Foundation\\Http\\Middleware\\VerifyCsrfToken.php(78): Illuminate\\Pipeline\\Pipeline->Illuminate\\Pipeline\\{closure}()
#37 C:\\projects\\MbukuErp\\vendor\\laravel\\framework\\src\\Illuminate\\Pipeline\\Pipeline.php(183): Illuminate\\Foundation\\Http\\Middleware\\VerifyCsrfToken->handle()
#38 C:\\projects\\MbukuErp\\vendor\\laravel\\framework\\src\\Illuminate\\Session\\Middleware\\AuthenticateSession.php(60): Illuminate\\Pipeline\\Pipeline->Illuminate\\Pipeline\\{closure}()
#39 C:\\projects\\MbukuErp\\vendor\\laravel\\framework\\src\\Illuminate\\Pipeline\\Pipeline.php(183): Illuminate\\Session\\Middleware\\AuthenticateSession->handle()
#40 C:\\projects\\MbukuErp\\vendor\\laravel\\framework\\src\\Illuminate\\Auth\\Middleware\\Authenticate.php(57): Illuminate\\Pipeline\\Pipeline->Illuminate\\Pipeline\\{closure}()
#41 C:\\projects\\MbukuErp\\vendor\\laravel\\framework\\src\\Illuminate\\Pipeline\\Pipeline.php(183): Illuminate\\Auth\\Middleware\\Authenticate->handle()
#42 C:\\projects\\MbukuErp\\vendor\\laravel\\framework\\src\\Illuminate\\View\\Middleware\\ShareErrorsFromSession.php(49): Illuminate\\Pipeline\\Pipeline->Illuminate\\Pipeline\\{closure}()
#43 C:\\projects\\MbukuErp\\vendor\\laravel\\framework\\src\\Illuminate\\Pipeline\\Pipeline.php(183): Illuminate\\View\\Middleware\\ShareErrorsFromSession->handle()
#44 C:\\projects\\MbukuErp\\app\\Http\\Middleware\\SessionManager.php(37): Illuminate\\Pipeline\\Pipeline->Illuminate\\Pipeline\\{closure}()
#45 C:\\projects\\MbukuErp\\vendor\\laravel\\framework\\src\\Illuminate\\Pipeline\\Pipeline.php(183): App\\Http\\Middleware\\SessionManager->handle()
#46 C:\\projects\\MbukuErp\\vendor\\laravel\\framework\\src\\Illuminate\\Session\\Middleware\\StartSession.php(121): Illuminate\\Pipeline\\Pipeline->Illuminate\\Pipeline\\{closure}()
#47 C:\\projects\\MbukuErp\\vendor\\laravel\\framework\\src\\Illuminate\\Session\\Middleware\\StartSession.php(64): Illuminate\\Session\\Middleware\\StartSession->handleStatefulRequest()
#48 C:\\projects\\MbukuErp\\vendor\\laravel\\framework\\src\\Illuminate\\Pipeline\\Pipeline.php(183): Illuminate\\Session\\Middleware\\StartSession->handle()
#49 C:\\projects\\MbukuErp\\vendor\\laravel\\framework\\src\\Illuminate\\Cookie\\Middleware\\AddQueuedCookiesToResponse.php(37): Illuminate\\Pipeline\\Pipeline->Illuminate\\Pipeline\\{closure}()
#50 C:\\projects\\MbukuErp\\vendor\\laravel\\framework\\src\\Illuminate\\Pipeline\\Pipeline.php(183): Illuminate\\Cookie\\Middleware\\AddQueuedCookiesToResponse->handle()
#51 C:\\projects\\MbukuErp\\app\\Http\\Middleware\\EnsureAuthWorks.php(24): Illuminate\\Pipeline\\Pipeline->Illuminate\\Pipeline\\{closure}()
#52 C:\\projects\\MbukuErp\\vendor\\laravel\\framework\\src\\Illuminate\\Pipeline\\Pipeline.php(183): App\\Http\\Middleware\\EnsureAuthWorks->handle()
#53 C:\\projects\\MbukuErp\\vendor\\laravel\\framework\\src\\Illuminate\\Cookie\\Middleware\\EncryptCookies.php(67): Illuminate\\Pipeline\\Pipeline->Illuminate\\Pipeline\\{closure}()
#54 C:\\projects\\MbukuErp\\vendor\\laravel\\framework\\src\\Illuminate\\Pipeline\\Pipeline.php(183): Illuminate\\Cookie\\Middleware\\EncryptCookies->handle()
#55 C:\\projects\\MbukuErp\\app\\Http\\Middleware\\EnsureCookieJarExists.php(65): Illuminate\\Pipeline\\Pipeline->Illuminate\\Pipeline\\{closure}()
#56 C:\\projects\\MbukuErp\\vendor\\laravel\\framework\\src\\Illuminate\\Pipeline\\Pipeline.php(183): App\\Http\\Middleware\\EnsureCookieJarExists->handle()
#57 C:\\projects\\MbukuErp\\vendor\\laravel\\framework\\src\\Illuminate\\Pipeline\\Pipeline.php(119): Illuminate\\Pipeline\\Pipeline->Illuminate\\Pipeline\\{closure}()
#58 C:\\projects\\MbukuErp\\vendor\\laravel\\framework\\src\\Illuminate\\Routing\\Router.php(805): Illuminate\\Pipeline\\Pipeline->then()
#59 C:\\projects\\MbukuErp\\vendor\\laravel\\framework\\src\\Illuminate\\Routing\\Router.php(784): Illuminate\\Routing\\Router->runRouteWithinStack()
#60 C:\\projects\\MbukuErp\\vendor\\laravel\\framework\\src\\Illuminate\\Routing\\Router.php(748): Illuminate\\Routing\\Router->runRoute()
#61 C:\\projects\\MbukuErp\\vendor\\laravel\\framework\\src\\Illuminate\\Routing\\Router.php(737): Illuminate\\Routing\\Router->dispatchToRoute()
#62 C:\\projects\\MbukuErp\\vendor\\laravel\\framework\\src\\Illuminate\\Foundation\\Http\\Kernel.php(200): Illuminate\\Routing\\Router->dispatch()
#63 C:\\projects\\MbukuErp\\vendor\\laravel\\framework\\src\\Illuminate\\Pipeline\\Pipeline.php(144): Illuminate\\Foundation\\Http\\Kernel->Illuminate\\Foundation\\Http\\{closure}()
#64 C:\\projects\\MbukuErp\\vendor\\livewire\\livewire\\src\\Features\\SupportDisablingBackButtonCache\\DisableBackButtonCacheMiddleware.php(19): Illuminate\\Pipeline\\Pipeline->Illuminate\\Pipeline\\{closure}()
#65 C:\\projects\\MbukuErp\\vendor\\laravel\\framework\\src\\Illuminate\\Pipeline\\Pipeline.php(183): Livewire\\Features\\SupportDisablingBackButtonCache\\DisableBackButtonCacheMiddleware->handle()
#66 C:\\projects\\MbukuErp\\vendor\\laravel\\framework\\src\\Illuminate\\Foundation\\Http\\Middleware\\TransformsRequest.php(21): Illuminate\\Pipeline\\Pipeline->Illuminate\\Pipeline\\{closure}()
#67 C:\\projects\\MbukuErp\\vendor\\laravel\\framework\\src\\Illuminate\\Foundation\\Http\\Middleware\\ConvertEmptyStringsToNull.php(31): Illuminate\\Foundation\\Http\\Middleware\\TransformsRequest->handle()
#68 C:\\projects\\MbukuErp\\vendor\\laravel\\framework\\src\\Illuminate\\Pipeline\\Pipeline.php(183): Illuminate\\Foundation\\Http\\Middleware\\ConvertEmptyStringsToNull->handle()
#69 C:\\projects\\MbukuErp\\vendor\\laravel\\framework\\src\\Illuminate\\Foundation\\Http\\Middleware\\TransformsRequest.php(21): Illuminate\\Pipeline\\Pipeline->Illuminate\\Pipeline\\{closure}()
#70 C:\\projects\\MbukuErp\\vendor\\laravel\\framework\\src\\Illuminate\\Foundation\\Http\\Middleware\\TrimStrings.php(40): Illuminate\\Foundation\\Http\\Middleware\\TransformsRequest->handle()
#71 C:\\projects\\MbukuErp\\vendor\\laravel\\framework\\src\\Illuminate\\Pipeline\\Pipeline.php(183): Illuminate\\Foundation\\Http\\Middleware\\TrimStrings->handle()
#72 C:\\projects\\MbukuErp\\vendor\\laravel\\framework\\src\\Illuminate\\Foundation\\Http\\Middleware\\ValidatePostSize.php(27): Illuminate\\Pipeline\\Pipeline->Illuminate\\Pipeline\\{closure}()
#73 C:\\projects\\MbukuErp\\vendor\\laravel\\framework\\src\\Illuminate\\Pipeline\\Pipeline.php(183): Illuminate\\Foundation\\Http\\Middleware\\ValidatePostSize->handle()
#74 C:\\projects\\MbukuErp\\vendor\\laravel\\framework\\src\\Illuminate\\Foundation\\Http\\Middleware\\PreventRequestsDuringMaintenance.php(99): Illuminate\\Pipeline\\Pipeline->Illuminate\\Pipeline\\{closure}()
#75 C:\\projects\\MbukuErp\\vendor\\laravel\\framework\\src\\Illuminate\\Pipeline\\Pipeline.php(183): Illuminate\\Foundation\\Http\\Middleware\\PreventRequestsDuringMaintenance->handle()
#76 C:\\projects\\MbukuErp\\vendor\\laravel\\framework\\src\\Illuminate\\Http\\Middleware\\HandleCors.php(49): Illuminate\\Pipeline\\Pipeline->Illuminate\\Pipeline\\{closure}()
#77 C:\\projects\\MbukuErp\\vendor\\laravel\\framework\\src\\Illuminate\\Pipeline\\Pipeline.php(183): Illuminate\\Http\\Middleware\\HandleCors->handle()
#78 C:\\projects\\MbukuErp\\vendor\\laravel\\framework\\src\\Illuminate\\Http\\Middleware\\TrustProxies.php(39): Illuminate\\Pipeline\\Pipeline->Illuminate\\Pipeline\\{closure}()
#79 C:\\projects\\MbukuErp\\vendor\\laravel\\framework\\src\\Illuminate\\Pipeline\\Pipeline.php(183): Illuminate\\Http\\Middleware\\TrustProxies->handle()
#80 C:\\projects\\MbukuErp\\app\\Http\\Middleware\\EnsureCookieJarExists.php(65): Illuminate\\Pipeline\\Pipeline->Illuminate\\Pipeline\\{closure}()
#81 C:\\projects\\MbukuErp\\vendor\\laravel\\framework\\src\\Illuminate\\Pipeline\\Pipeline.php(183): App\\Http\\Middleware\\EnsureCookieJarExists->handle()
#82 C:\\projects\\MbukuErp\\app\\Http\\Middleware\\DiagnosticMiddleware.php(67): Illuminate\\Pipeline\\Pipeline->Illuminate\\Pipeline\\{closure}()
#83 C:\\projects\\MbukuErp\\vendor\\laravel\\framework\\src\\Illuminate\\Pipeline\\Pipeline.php(183): App\\Http\\Middleware\\DiagnosticMiddleware->handle()
#84 C:\\projects\\MbukuErp\\vendor\\laravel\\framework\\src\\Illuminate\\Pipeline\\Pipeline.php(119): Illuminate\\Pipeline\\Pipeline->Illuminate\\Pipeline\\{closure}()
#85 C:\\projects\\MbukuErp\\vendor\\laravel\\framework\\src\\Illuminate\\Foundation\\Http\\Kernel.php(175): Illuminate\\Pipeline\\Pipeline->then()
#86 C:\\projects\\MbukuErp\\vendor\\laravel\\framework\\src\\Illuminate\\Foundation\\Http\\Kernel.php(144): Illuminate\\Foundation\\Http\\Kernel->sendRequestThroughRouter()
#87 C:\\projects\\MbukuErp\\public\\index.php(54): Illuminate\\Foundation\\Http\\Kernel->handle()
#88 C:\\projects\\MbukuErp\\server.php(21): require_once('...')
#89 {main}

[previous exception] [object] (ErrorException(code: 0): include(C:\\projects\\MbukuErp\\vendor\\composer/../../app/Livewire/ExamManagementComponent.php): Failed to open stream: No such file or directory at C:\\projects\\MbukuErp\\vendor\\composer\\ClassLoader.php:576)
[stacktrace]
#0 C:\\projects\\MbukuErp\\vendor\\laravel\\framework\\src\\Illuminate\\Foundation\\Bootstrap\\HandleExceptions.php(255): Illuminate\\Foundation\\Bootstrap\\HandleExceptions->handleError()
#1 C:\\projects\\MbukuErp\\vendor\\composer\\ClassLoader.php(576): Illuminate\\Foundation\\Bootstrap\\HandleExceptions->Illuminate\\Foundation\\Bootstrap\\{closure}()
#2 C:\\projects\\MbukuErp\\vendor\\composer\\ClassLoader.php(576): include('...')
#3 C:\\projects\\MbukuErp\\vendor\\composer\\ClassLoader.php(427): Composer\\Autoload\\{closure}()
#4 [internal function]: Composer\\Autoload\\ClassLoader->loadClass()
#5 C:\\projects\\MbukuErp\\vendor\\livewire\\livewire\\src\\Mechanisms\\ComponentRegistry.php(97): class_exists()
#6 C:\\projects\\MbukuErp\\vendor\\livewire\\livewire\\src\\Mechanisms\\ComponentRegistry.php(25): Livewire\\Mechanisms\\ComponentRegistry->getNameAndClass()
#7 C:\\projects\\MbukuErp\\vendor\\livewire\\livewire\\src\\LivewireManager.php(58): Livewire\\Mechanisms\\ComponentRegistry->new()
#8 C:\\projects\\MbukuErp\\vendor\\livewire\\livewire\\src\\Mechanisms\\HandleComponents\\HandleComponents.php(43): Livewire\\LivewireManager->new()
#9 C:\\projects\\MbukuErp\\vendor\\livewire\\livewire\\src\\LivewireManager.php(73): Livewire\\Mechanisms\\HandleComponents\\HandleComponents->mount()
#10 C:\\projects\\MbukuErp\\storage\\framework\\views\\42465def8849060c943e8b85165d4a29.php(15): Livewire\\LivewireManager->mount()
#11 C:\\projects\\MbukuErp\\vendor\\laravel\\framework\\src\\Illuminate\\Filesystem\\Filesystem.php(123): require('...')
#12 C:\\projects\\MbukuErp\\vendor\\laravel\\framework\\src\\Illuminate\\Filesystem\\Filesystem.php(124): Illuminate\\Filesystem\\Filesystem::Illuminate\\Filesystem\\{closure}()
#13 C:\\projects\\MbukuErp\\vendor\\laravel\\framework\\src\\Illuminate\\View\\Engines\\PhpEngine.php(58): Illuminate\\Filesystem\\Filesystem->getRequire()
#14 C:\\projects\\MbukuErp\\vendor\\livewire\\livewire\\src\\Mechanisms\\ExtendBlade\\ExtendedCompilerEngine.php(22): Illuminate\\View\\Engines\\PhpEngine->evaluatePath()
#15 C:\\projects\\MbukuErp\\vendor\\laravel\\framework\\src\\Illuminate\\View\\Engines\\CompilerEngine.php(72): Livewire\\Mechanisms\\ExtendBlade\\ExtendedCompilerEngine->evaluatePath()
#16 C:\\projects\\MbukuErp\\vendor\\livewire\\livewire\\src\\Mechanisms\\ExtendBlade\\ExtendedCompilerEngine.php(10): Illuminate\\View\\Engines\\CompilerEngine->get()
#17 C:\\projects\\MbukuErp\\vendor\\laravel\\framework\\src\\Illuminate\\View\\View.php(207): Livewire\\Mechanisms\\ExtendBlade\\ExtendedCompilerEngine->get()
#18 C:\\projects\\MbukuErp\\vendor\\laravel\\framework\\src\\Illuminate\\View\\View.php(190): Illuminate\\View\\View->getContents()
#19 C:\\projects\\MbukuErp\\vendor\\laravel\\framework\\src\\Illuminate\\View\\View.php(159): Illuminate\\View\\View->renderContents()
#20 C:\\projects\\MbukuErp\\vendor\\laravel\\framework\\src\\Illuminate\\Http\\Response.php(69): Illuminate\\View\\View->render()
#21 C:\\projects\\MbukuErp\\vendor\\laravel\\framework\\src\\Illuminate\\Http\\Response.php(35): Illuminate\\Http\\Response->setContent()
#22 C:\\projects\\MbukuErp\\vendor\\laravel\\framework\\src\\Illuminate\\Routing\\Router.php(918): Illuminate\\Http\\Response->__construct()
#23 C:\\projects\\MbukuErp\\vendor\\laravel\\framework\\src\\Illuminate\\Routing\\Router.php(885): Illuminate\\Routing\\Router::toResponse()
#24 C:\\projects\\MbukuErp\\vendor\\laravel\\framework\\src\\Illuminate\\Routing\\Router.php(805): Illuminate\\Routing\\Router->prepareResponse()
#25 C:\\projects\\MbukuErp\\vendor\\laravel\\framework\\src\\Illuminate\\Pipeline\\Pipeline.php(144): Illuminate\\Routing\\Router->Illuminate\\Routing\\{closure}()
#26 C:\\projects\\MbukuErp\\app\\Http\\Middleware\\Custom\\TeamSAT.php(21): Illuminate\\Pipeline\\Pipeline->Illuminate\\Pipeline\\{closure}()
#27 C:\\projects\\MbukuErp\\vendor\\laravel\\framework\\src\\Illuminate\\Pipeline\\Pipeline.php(183): App\\Http\\Middleware\\Custom\\TeamSAT->handle()
#28 C:\\projects\\MbukuErp\\app\\Http\\Middleware\\TrackUserActivity.php(33): Illuminate\\Pipeline\\Pipeline->Illuminate\\Pipeline\\{closure}()
#29 C:\\projects\\MbukuErp\\vendor\\laravel\\framework\\src\\Illuminate\\Pipeline\\Pipeline.php(183): App\\Http\\Middleware\\TrackUserActivity->handle()
#30 C:\\projects\\MbukuErp\\app\\Http\\Middleware\\FixCookieJarMiddleware.php(79): Illuminate\\Pipeline\\Pipeline->Illuminate\\Pipeline\\{closure}()
#31 C:\\projects\\MbukuErp\\vendor\\laravel\\framework\\src\\Illuminate\\Pipeline\\Pipeline.php(183): App\\Http\\Middleware\\FixCookieJarMiddleware->handle()
#32 C:\\projects\\MbukuErp\\app\\Http\\Middleware\\VerifyAndRefreshSession.php(105): Illuminate\\Pipeline\\Pipeline->Illuminate\\Pipeline\\{closure}()
#33 C:\\projects\\MbukuErp\\vendor\\laravel\\framework\\src\\Illuminate\\Pipeline\\Pipeline.php(183): App\\Http\\Middleware\\VerifyAndRefreshSession->handle()
#34 C:\\projects\\MbukuErp\\vendor\\laravel\\framework\\src\\Illuminate\\Routing\\Middleware\\SubstituteBindings.php(50): Illuminate\\Pipeline\\Pipeline->Illuminate\\Pipeline\\{closure}()
#35 C:\\projects\\MbukuErp\\vendor\\laravel\\framework\\src\\Illuminate\\Pipeline\\Pipeline.php(183): Illuminate\\Routing\\Middleware\\SubstituteBindings->handle()
#36 C:\\projects\\MbukuErp\\vendor\\laravel\\framework\\src\\Illuminate\\Foundation\\Http\\Middleware\\VerifyCsrfToken.php(78): Illuminate\\Pipeline\\Pipeline->Illuminate\\Pipeline\\{closure}()
#37 C:\\projects\\MbukuErp\\vendor\\laravel\\framework\\src\\Illuminate\\Pipeline\\Pipeline.php(183): Illuminate\\Foundation\\Http\\Middleware\\VerifyCsrfToken->handle()
#38 C:\\projects\\MbukuErp\\vendor\\laravel\\framework\\src\\Illuminate\\Session\\Middleware\\AuthenticateSession.php(60): Illuminate\\Pipeline\\Pipeline->Illuminate\\Pipeline\\{closure}()
#39 C:\\projects\\MbukuErp\\vendor\\laravel\\framework\\src\\Illuminate\\Pipeline\\Pipeline.php(183): Illuminate\\Session\\Middleware\\AuthenticateSession->handle()
#40 C:\\projects\\MbukuErp\\vendor\\laravel\\framework\\src\\Illuminate\\Auth\\Middleware\\Authenticate.php(57): Illuminate\\Pipeline\\Pipeline->Illuminate\\Pipeline\\{closure}()
#41 C:\\projects\\MbukuErp\\vendor\\laravel\\framework\\src\\Illuminate\\Pipeline\\Pipeline.php(183): Illuminate\\Auth\\Middleware\\Authenticate->handle()
#42 C:\\projects\\MbukuErp\\vendor\\laravel\\framework\\src\\Illuminate\\View\\Middleware\\ShareErrorsFromSession.php(49): Illuminate\\Pipeline\\Pipeline->Illuminate\\Pipeline\\{closure}()
#43 C:\\projects\\MbukuErp\\vendor\\laravel\\framework\\src\\Illuminate\\Pipeline\\Pipeline.php(183): Illuminate\\View\\Middleware\\ShareErrorsFromSession->handle()
#44 C:\\projects\\MbukuErp\\app\\Http\\Middleware\\SessionManager.php(37): Illuminate\\Pipeline\\Pipeline->Illuminate\\Pipeline\\{closure}()
#45 C:\\projects\\MbukuErp\\vendor\\laravel\\framework\\src\\Illuminate\\Pipeline\\Pipeline.php(183): App\\Http\\Middleware\\SessionManager->handle()
#46 C:\\projects\\MbukuErp\\vendor\\laravel\\framework\\src\\Illuminate\\Session\\Middleware\\StartSession.php(121): Illuminate\\Pipeline\\Pipeline->Illuminate\\Pipeline\\{closure}()
#47 C:\\projects\\MbukuErp\\vendor\\laravel\\framework\\src\\Illuminate\\Session\\Middleware\\StartSession.php(64): Illuminate\\Session\\Middleware\\StartSession->handleStatefulRequest()
#48 C:\\projects\\MbukuErp\\vendor\\laravel\\framework\\src\\Illuminate\\Pipeline\\Pipeline.php(183): Illuminate\\Session\\Middleware\\StartSession->handle()
#49 C:\\projects\\MbukuErp\\vendor\\laravel\\framework\\src\\Illuminate\\Cookie\\Middleware\\AddQueuedCookiesToResponse.php(37): Illuminate\\Pipeline\\Pipeline->Illuminate\\Pipeline\\{closure}()
#50 C:\\projects\\MbukuErp\\vendor\\laravel\\framework\\src\\Illuminate\\Pipeline\\Pipeline.php(183): Illuminate\\Cookie\\Middleware\\AddQueuedCookiesToResponse->handle()
#51 C:\\projects\\MbukuErp\\app\\Http\\Middleware\\EnsureAuthWorks.php(24): Illuminate\\Pipeline\\Pipeline->Illuminate\\Pipeline\\{closure}()
#52 C:\\projects\\MbukuErp\\vendor\\laravel\\framework\\src\\Illuminate\\Pipeline\\Pipeline.php(183): App\\Http\\Middleware\\EnsureAuthWorks->handle()
#53 C:\\projects\\MbukuErp\\vendor\\laravel\\framework\\src\\Illuminate\\Cookie\\Middleware\\EncryptCookies.php(67): Illuminate\\Pipeline\\Pipeline->Illuminate\\Pipeline\\{closure}()
#54 C:\\projects\\MbukuErp\\vendor\\laravel\\framework\\src\\Illuminate\\Pipeline\\Pipeline.php(183): Illuminate\\Cookie\\Middleware\\EncryptCookies->handle()
#55 C:\\projects\\MbukuErp\\app\\Http\\Middleware\\EnsureCookieJarExists.php(65): Illuminate\\Pipeline\\Pipeline->Illuminate\\Pipeline\\{closure}()
#56 C:\\projects\\MbukuErp\\vendor\\laravel\\framework\\src\\Illuminate\\Pipeline\\Pipeline.php(183): App\\Http\\Middleware\\EnsureCookieJarExists->handle()
#57 C:\\projects\\MbukuErp\\vendor\\laravel\\framework\\src\\Illuminate\\Pipeline\\Pipeline.php(119): Illuminate\\Pipeline\\Pipeline->Illuminate\\Pipeline\\{closure}()
#58 C:\\projects\\MbukuErp\\vendor\\laravel\\framework\\src\\Illuminate\\Routing\\Router.php(805): Illuminate\\Pipeline\\Pipeline->then()
#59 C:\\projects\\MbukuErp\\vendor\\laravel\\framework\\src\\Illuminate\\Routing\\Router.php(784): Illuminate\\Routing\\Router->runRouteWithinStack()
#60 C:\\projects\\MbukuErp\\vendor\\laravel\\framework\\src\\Illuminate\\Routing\\Router.php(748): Illuminate\\Routing\\Router->runRoute()
#61 C:\\projects\\MbukuErp\\vendor\\laravel\\framework\\src\\Illuminate\\Routing\\Router.php(737): Illuminate\\Routing\\Router->dispatchToRoute()
#62 C:\\projects\\MbukuErp\\vendor\\laravel\\framework\\src\\Illuminate\\Foundation\\Http\\Kernel.php(200): Illuminate\\Routing\\Router->dispatch()
#63 C:\\projects\\MbukuErp\\vendor\\laravel\\framework\\src\\Illuminate\\Pipeline\\Pipeline.php(144): Illuminate\\Foundation\\Http\\Kernel->Illuminate\\Foundation\\Http\\{closure}()
#64 C:\\projects\\MbukuErp\\vendor\\livewire\\livewire\\src\\Features\\SupportDisablingBackButtonCache\\DisableBackButtonCacheMiddleware.php(19): Illuminate\\Pipeline\\Pipeline->Illuminate\\Pipeline\\{closure}()
#65 C:\\projects\\MbukuErp\\vendor\\laravel\\framework\\src\\Illuminate\\Pipeline\\Pipeline.php(183): Livewire\\Features\\SupportDisablingBackButtonCache\\DisableBackButtonCacheMiddleware->handle()
#66 C:\\projects\\MbukuErp\\vendor\\laravel\\framework\\src\\Illuminate\\Foundation\\Http\\Middleware\\TransformsRequest.php(21): Illuminate\\Pipeline\\Pipeline->Illuminate\\Pipeline\\{closure}()
#67 C:\\projects\\MbukuErp\\vendor\\laravel\\framework\\src\\Illuminate\\Foundation\\Http\\Middleware\\ConvertEmptyStringsToNull.php(31): Illuminate\\Foundation\\Http\\Middleware\\TransformsRequest->handle()
#68 C:\\projects\\MbukuErp\\vendor\\laravel\\framework\\src\\Illuminate\\Pipeline\\Pipeline.php(183): Illuminate\\Foundation\\Http\\Middleware\\ConvertEmptyStringsToNull->handle()
#69 C:\\projects\\MbukuErp\\vendor\\laravel\\framework\\src\\Illuminate\\Foundation\\Http\\Middleware\\TransformsRequest.php(21): Illuminate\\Pipeline\\Pipeline->Illuminate\\Pipeline\\{closure}()
#70 C:\\projects\\MbukuErp\\vendor\\laravel\\framework\\src\\Illuminate\\Foundation\\Http\\Middleware\\TrimStrings.php(40): Illuminate\\Foundation\\Http\\Middleware\\TransformsRequest->handle()
#71 C:\\projects\\MbukuErp\\vendor\\laravel\\framework\\src\\Illuminate\\Pipeline\\Pipeline.php(183): Illuminate\\Foundation\\Http\\Middleware\\TrimStrings->handle()
#72 C:\\projects\\MbukuErp\\vendor\\laravel\\framework\\src\\Illuminate\\Foundation\\Http\\Middleware\\ValidatePostSize.php(27): Illuminate\\Pipeline\\Pipeline->Illuminate\\Pipeline\\{closure}()
#73 C:\\projects\\MbukuErp\\vendor\\laravel\\framework\\src\\Illuminate\\Pipeline\\Pipeline.php(183): Illuminate\\Foundation\\Http\\Middleware\\ValidatePostSize->handle()
#74 C:\\projects\\MbukuErp\\vendor\\laravel\\framework\\src\\Illuminate\\Foundation\\Http\\Middleware\\PreventRequestsDuringMaintenance.php(99): Illuminate\\Pipeline\\Pipeline->Illuminate\\Pipeline\\{closure}()
#75 C:\\projects\\MbukuErp\\vendor\\laravel\\framework\\src\\Illuminate\\Pipeline\\Pipeline.php(183): Illuminate\\Foundation\\Http\\Middleware\\PreventRequestsDuringMaintenance->handle()
#76 C:\\projects\\MbukuErp\\vendor\\laravel\\framework\\src\\Illuminate\\Http\\Middleware\\HandleCors.php(49): Illuminate\\Pipeline\\Pipeline->Illuminate\\Pipeline\\{closure}()
#77 C:\\projects\\MbukuErp\\vendor\\laravel\\framework\\src\\Illuminate\\Pipeline\\Pipeline.php(183): Illuminate\\Http\\Middleware\\HandleCors->handle()
#78 C:\\projects\\MbukuErp\\vendor\\laravel\\framework\\src\\Illuminate\\Http\\Middleware\\TrustProxies.php(39): Illuminate\\Pipeline\\Pipeline->Illuminate\\Pipeline\\{closure}()
#79 C:\\projects\\MbukuErp\\vendor\\laravel\\framework\\src\\Illuminate\\Pipeline\\Pipeline.php(183): Illuminate\\Http\\Middleware\\TrustProxies->handle()
#80 C:\\projects\\MbukuErp\\app\\Http\\Middleware\\EnsureCookieJarExists.php(65): Illuminate\\Pipeline\\Pipeline->Illuminate\\Pipeline\\{closure}()
#81 C:\\projects\\MbukuErp\\vendor\\laravel\\framework\\src\\Illuminate\\Pipeline\\Pipeline.php(183): App\\Http\\Middleware\\EnsureCookieJarExists->handle()
#82 C:\\projects\\MbukuErp\\app\\Http\\Middleware\\DiagnosticMiddleware.php(67): Illuminate\\Pipeline\\Pipeline->Illuminate\\Pipeline\\{closure}()
#83 C:\\projects\\MbukuErp\\vendor\\laravel\\framework\\src\\Illuminate\\Pipeline\\Pipeline.php(183): App\\Http\\Middleware\\DiagnosticMiddleware->handle()
#84 C:\\projects\\MbukuErp\\vendor\\laravel\\framework\\src\\Illuminate\\Pipeline\\Pipeline.php(119): Illuminate\\Pipeline\\Pipeline->Illuminate\\Pipeline\\{closure}()
#85 C:\\projects\\MbukuErp\\vendor\\laravel\\framework\\src\\Illuminate\\Foundation\\Http\\Kernel.php(175): Illuminate\\Pipeline\\Pipeline->then()
#86 C:\\projects\\MbukuErp\\vendor\\laravel\\framework\\src\\Illuminate\\Foundation\\Http\\Kernel.php(144): Illuminate\\Foundation\\Http\\Kernel->sendRequestThroughRouter()
#87 C:\\projects\\MbukuErp\\public\\index.php(54): Illuminate\\Foundation\\Http\\Kernel->handle()
#88 C:\\projects\\MbukuErp\\server.php(21): require_once('...')
#89 {main}
"} 
[2025-04-03 11:23:06] local.ERROR: include(C:\projects\MbukuErp\vendor\composer/../../app/Livewire/ExamManagementComponent.php): Failed to open stream: No such file or directory {"view":{"view":"C:\\projects\\MbukuErp\\resources\\views\\pages\\support_team\\exams\\set.blade.php","data":[]},"userId":1,"exception":"[object] (Spatie\\LaravelIgnition\\Exceptions\\ViewException(code: 0): include(C:\\projects\\MbukuErp\\vendor\\composer/../../app/Livewire/ExamManagementComponent.php): Failed to open stream: No such file or directory at C:\\projects\\MbukuErp\\vendor\\composer\\ClassLoader.php:576)
[stacktrace]
#0 C:\\projects\\MbukuErp\\vendor\\laravel\\framework\\src\\Illuminate\\Foundation\\Bootstrap\\HandleExceptions.php(255): Illuminate\\Foundation\\Bootstrap\\HandleExceptions->handleError()
#1 C:\\projects\\MbukuErp\\vendor\\composer\\ClassLoader.php(576): Illuminate\\Foundation\\Bootstrap\\HandleExceptions->Illuminate\\Foundation\\Bootstrap\\{closure}()
#2 C:\\projects\\MbukuErp\\vendor\\composer\\ClassLoader.php(576): include('...')
#3 C:\\projects\\MbukuErp\\vendor\\composer\\ClassLoader.php(427): Composer\\Autoload\\{closure}()
#4 [internal function]: Composer\\Autoload\\ClassLoader->loadClass()
#5 C:\\projects\\MbukuErp\\vendor\\livewire\\livewire\\src\\Mechanisms\\ComponentRegistry.php(97): class_exists()
#6 C:\\projects\\MbukuErp\\vendor\\livewire\\livewire\\src\\Mechanisms\\ComponentRegistry.php(25): Livewire\\Mechanisms\\ComponentRegistry->getNameAndClass()
#7 C:\\projects\\MbukuErp\\vendor\\livewire\\livewire\\src\\LivewireManager.php(58): Livewire\\Mechanisms\\ComponentRegistry->new()
#8 C:\\projects\\MbukuErp\\vendor\\livewire\\livewire\\src\\Mechanisms\\HandleComponents\\HandleComponents.php(43): Livewire\\LivewireManager->new()
#9 C:\\projects\\MbukuErp\\vendor\\livewire\\livewire\\src\\LivewireManager.php(73): Livewire\\Mechanisms\\HandleComponents\\HandleComponents->mount()
#10 C:\\projects\\MbukuErp\\resources\\views\\pages\\support_team\\exams\\set.blade.php(5): Livewire\\LivewireManager->mount()
#11 C:\\projects\\MbukuErp\\vendor\\laravel\\framework\\src\\Illuminate\\Filesystem\\Filesystem.php(123): require('...')
#12 C:\\projects\\MbukuErp\\vendor\\laravel\\framework\\src\\Illuminate\\Filesystem\\Filesystem.php(124): Illuminate\\Filesystem\\Filesystem::Illuminate\\Filesystem\\{closure}()
#13 C:\\projects\\MbukuErp\\vendor\\laravel\\framework\\src\\Illuminate\\View\\Engines\\PhpEngine.php(58): Illuminate\\Filesystem\\Filesystem->getRequire()
#14 C:\\projects\\MbukuErp\\vendor\\livewire\\livewire\\src\\Mechanisms\\ExtendBlade\\ExtendedCompilerEngine.php(22): Illuminate\\View\\Engines\\PhpEngine->evaluatePath()
#15 C:\\projects\\MbukuErp\\vendor\\laravel\\framework\\src\\Illuminate\\View\\Engines\\CompilerEngine.php(72): Livewire\\Mechanisms\\ExtendBlade\\ExtendedCompilerEngine->evaluatePath()
#16 C:\\projects\\MbukuErp\\vendor\\livewire\\livewire\\src\\Mechanisms\\ExtendBlade\\ExtendedCompilerEngine.php(10): Illuminate\\View\\Engines\\CompilerEngine->get()
#17 C:\\projects\\MbukuErp\\vendor\\laravel\\framework\\src\\Illuminate\\View\\View.php(207): Livewire\\Mechanisms\\ExtendBlade\\ExtendedCompilerEngine->get()
#18 C:\\projects\\MbukuErp\\vendor\\laravel\\framework\\src\\Illuminate\\View\\View.php(190): Illuminate\\View\\View->getContents()
#19 C:\\projects\\MbukuErp\\vendor\\laravel\\framework\\src\\Illuminate\\View\\View.php(159): Illuminate\\View\\View->renderContents()
#20 C:\\projects\\MbukuErp\\vendor\\laravel\\framework\\src\\Illuminate\\Http\\Response.php(69): Illuminate\\View\\View->render()
#21 C:\\projects\\MbukuErp\\vendor\\laravel\\framework\\src\\Illuminate\\Http\\Response.php(35): Illuminate\\Http\\Response->setContent()
#22 C:\\projects\\MbukuErp\\vendor\\laravel\\framework\\src\\Illuminate\\Routing\\Router.php(918): Illuminate\\Http\\Response->__construct()
#23 C:\\projects\\MbukuErp\\vendor\\laravel\\framework\\src\\Illuminate\\Routing\\Router.php(885): Illuminate\\Routing\\Router::toResponse()
#24 C:\\projects\\MbukuErp\\vendor\\laravel\\framework\\src\\Illuminate\\Routing\\Router.php(805): Illuminate\\Routing\\Router->prepareResponse()
#25 C:\\projects\\MbukuErp\\vendor\\laravel\\framework\\src\\Illuminate\\Pipeline\\Pipeline.php(144): Illuminate\\Routing\\Router->Illuminate\\Routing\\{closure}()
#26 C:\\projects\\MbukuErp\\app\\Http\\Middleware\\Custom\\TeamSAT.php(21): Illuminate\\Pipeline\\Pipeline->Illuminate\\Pipeline\\{closure}()
#27 C:\\projects\\MbukuErp\\vendor\\laravel\\framework\\src\\Illuminate\\Pipeline\\Pipeline.php(183): App\\Http\\Middleware\\Custom\\TeamSAT->handle()
#28 C:\\projects\\MbukuErp\\app\\Http\\Middleware\\TrackUserActivity.php(33): Illuminate\\Pipeline\\Pipeline->Illuminate\\Pipeline\\{closure}()
#29 C:\\projects\\MbukuErp\\vendor\\laravel\\framework\\src\\Illuminate\\Pipeline\\Pipeline.php(183): App\\Http\\Middleware\\TrackUserActivity->handle()
#30 C:\\projects\\MbukuErp\\app\\Http\\Middleware\\FixCookieJarMiddleware.php(79): Illuminate\\Pipeline\\Pipeline->Illuminate\\Pipeline\\{closure}()
#31 C:\\projects\\MbukuErp\\vendor\\laravel\\framework\\src\\Illuminate\\Pipeline\\Pipeline.php(183): App\\Http\\Middleware\\FixCookieJarMiddleware->handle()
#32 C:\\projects\\MbukuErp\\app\\Http\\Middleware\\VerifyAndRefreshSession.php(105): Illuminate\\Pipeline\\Pipeline->Illuminate\\Pipeline\\{closure}()
#33 C:\\projects\\MbukuErp\\vendor\\laravel\\framework\\src\\Illuminate\\Pipeline\\Pipeline.php(183): App\\Http\\Middleware\\VerifyAndRefreshSession->handle()
#34 C:\\projects\\MbukuErp\\vendor\\laravel\\framework\\src\\Illuminate\\Routing\\Middleware\\SubstituteBindings.php(50): Illuminate\\Pipeline\\Pipeline->Illuminate\\Pipeline\\{closure}()
#35 C:\\projects\\MbukuErp\\vendor\\laravel\\framework\\src\\Illuminate\\Pipeline\\Pipeline.php(183): Illuminate\\Routing\\Middleware\\SubstituteBindings->handle()
#36 C:\\projects\\MbukuErp\\vendor\\laravel\\framework\\src\\Illuminate\\Foundation\\Http\\Middleware\\VerifyCsrfToken.php(78): Illuminate\\Pipeline\\Pipeline->Illuminate\\Pipeline\\{closure}()
#37 C:\\projects\\MbukuErp\\vendor\\laravel\\framework\\src\\Illuminate\\Pipeline\\Pipeline.php(183): Illuminate\\Foundation\\Http\\Middleware\\VerifyCsrfToken->handle()
#38 C:\\projects\\MbukuErp\\vendor\\laravel\\framework\\src\\Illuminate\\Session\\Middleware\\AuthenticateSession.php(60): Illuminate\\Pipeline\\Pipeline->Illuminate\\Pipeline\\{closure}()
#39 C:\\projects\\MbukuErp\\vendor\\laravel\\framework\\src\\Illuminate\\Pipeline\\Pipeline.php(183): Illuminate\\Session\\Middleware\\AuthenticateSession->handle()
#40 C:\\projects\\MbukuErp\\vendor\\laravel\\framework\\src\\Illuminate\\Auth\\Middleware\\Authenticate.php(57): Illuminate\\Pipeline\\Pipeline->Illuminate\\Pipeline\\{closure}()
#41 C:\\projects\\MbukuErp\\vendor\\laravel\\framework\\src\\Illuminate\\Pipeline\\Pipeline.php(183): Illuminate\\Auth\\Middleware\\Authenticate->handle()
#42 C:\\projects\\MbukuErp\\vendor\\laravel\\framework\\src\\Illuminate\\View\\Middleware\\ShareErrorsFromSession.php(49): Illuminate\\Pipeline\\Pipeline->Illuminate\\Pipeline\\{closure}()
#43 C:\\projects\\MbukuErp\\vendor\\laravel\\framework\\src\\Illuminate\\Pipeline\\Pipeline.php(183): Illuminate\\View\\Middleware\\ShareErrorsFromSession->handle()
#44 C:\\projects\\MbukuErp\\app\\Http\\Middleware\\SessionManager.php(37): Illuminate\\Pipeline\\Pipeline->Illuminate\\Pipeline\\{closure}()
#45 C:\\projects\\MbukuErp\\vendor\\laravel\\framework\\src\\Illuminate\\Pipeline\\Pipeline.php(183): App\\Http\\Middleware\\SessionManager->handle()
#46 C:\\projects\\MbukuErp\\vendor\\laravel\\framework\\src\\Illuminate\\Session\\Middleware\\StartSession.php(121): Illuminate\\Pipeline\\Pipeline->Illuminate\\Pipeline\\{closure}()
#47 C:\\projects\\MbukuErp\\vendor\\laravel\\framework\\src\\Illuminate\\Session\\Middleware\\StartSession.php(64): Illuminate\\Session\\Middleware\\StartSession->handleStatefulRequest()
#48 C:\\projects\\MbukuErp\\vendor\\laravel\\framework\\src\\Illuminate\\Pipeline\\Pipeline.php(183): Illuminate\\Session\\Middleware\\StartSession->handle()
#49 C:\\projects\\MbukuErp\\vendor\\laravel\\framework\\src\\Illuminate\\Cookie\\Middleware\\AddQueuedCookiesToResponse.php(37): Illuminate\\Pipeline\\Pipeline->Illuminate\\Pipeline\\{closure}()
#50 C:\\projects\\MbukuErp\\vendor\\laravel\\framework\\src\\Illuminate\\Pipeline\\Pipeline.php(183): Illuminate\\Cookie\\Middleware\\AddQueuedCookiesToResponse->handle()
#51 C:\\projects\\MbukuErp\\app\\Http\\Middleware\\EnsureAuthWorks.php(24): Illuminate\\Pipeline\\Pipeline->Illuminate\\Pipeline\\{closure}()
#52 C:\\projects\\MbukuErp\\vendor\\laravel\\framework\\src\\Illuminate\\Pipeline\\Pipeline.php(183): App\\Http\\Middleware\\EnsureAuthWorks->handle()
#53 C:\\projects\\MbukuErp\\vendor\\laravel\\framework\\src\\Illuminate\\Cookie\\Middleware\\EncryptCookies.php(67): Illuminate\\Pipeline\\Pipeline->Illuminate\\Pipeline\\{closure}()
#54 C:\\projects\\MbukuErp\\vendor\\laravel\\framework\\src\\Illuminate\\Pipeline\\Pipeline.php(183): Illuminate\\Cookie\\Middleware\\EncryptCookies->handle()
#55 C:\\projects\\MbukuErp\\app\\Http\\Middleware\\EnsureCookieJarExists.php(65): Illuminate\\Pipeline\\Pipeline->Illuminate\\Pipeline\\{closure}()
#56 C:\\projects\\MbukuErp\\vendor\\laravel\\framework\\src\\Illuminate\\Pipeline\\Pipeline.php(183): App\\Http\\Middleware\\EnsureCookieJarExists->handle()
#57 C:\\projects\\MbukuErp\\vendor\\laravel\\framework\\src\\Illuminate\\Pipeline\\Pipeline.php(119): Illuminate\\Pipeline\\Pipeline->Illuminate\\Pipeline\\{closure}()
#58 C:\\projects\\MbukuErp\\vendor\\laravel\\framework\\src\\Illuminate\\Routing\\Router.php(805): Illuminate\\Pipeline\\Pipeline->then()
#59 C:\\projects\\MbukuErp\\vendor\\laravel\\framework\\src\\Illuminate\\Routing\\Router.php(784): Illuminate\\Routing\\Router->runRouteWithinStack()
#60 C:\\projects\\MbukuErp\\vendor\\laravel\\framework\\src\\Illuminate\\Routing\\Router.php(748): Illuminate\\Routing\\Router->runRoute()
#61 C:\\projects\\MbukuErp\\vendor\\laravel\\framework\\src\\Illuminate\\Routing\\Router.php(737): Illuminate\\Routing\\Router->dispatchToRoute()
#62 C:\\projects\\MbukuErp\\vendor\\laravel\\framework\\src\\Illuminate\\Foundation\\Http\\Kernel.php(200): Illuminate\\Routing\\Router->dispatch()
#63 C:\\projects\\MbukuErp\\vendor\\laravel\\framework\\src\\Illuminate\\Pipeline\\Pipeline.php(144): Illuminate\\Foundation\\Http\\Kernel->Illuminate\\Foundation\\Http\\{closure}()
#64 C:\\projects\\MbukuErp\\vendor\\livewire\\livewire\\src\\Features\\SupportDisablingBackButtonCache\\DisableBackButtonCacheMiddleware.php(19): Illuminate\\Pipeline\\Pipeline->Illuminate\\Pipeline\\{closure}()
#65 C:\\projects\\MbukuErp\\vendor\\laravel\\framework\\src\\Illuminate\\Pipeline\\Pipeline.php(183): Livewire\\Features\\SupportDisablingBackButtonCache\\DisableBackButtonCacheMiddleware->handle()
#66 C:\\projects\\MbukuErp\\vendor\\laravel\\framework\\src\\Illuminate\\Foundation\\Http\\Middleware\\TransformsRequest.php(21): Illuminate\\Pipeline\\Pipeline->Illuminate\\Pipeline\\{closure}()
#67 C:\\projects\\MbukuErp\\vendor\\laravel\\framework\\src\\Illuminate\\Foundation\\Http\\Middleware\\ConvertEmptyStringsToNull.php(31): Illuminate\\Foundation\\Http\\Middleware\\TransformsRequest->handle()
#68 C:\\projects\\MbukuErp\\vendor\\laravel\\framework\\src\\Illuminate\\Pipeline\\Pipeline.php(183): Illuminate\\Foundation\\Http\\Middleware\\ConvertEmptyStringsToNull->handle()
#69 C:\\projects\\MbukuErp\\vendor\\laravel\\framework\\src\\Illuminate\\Foundation\\Http\\Middleware\\TransformsRequest.php(21): Illuminate\\Pipeline\\Pipeline->Illuminate\\Pipeline\\{closure}()
#70 C:\\projects\\MbukuErp\\vendor\\laravel\\framework\\src\\Illuminate\\Foundation\\Http\\Middleware\\TrimStrings.php(40): Illuminate\\Foundation\\Http\\Middleware\\TransformsRequest->handle()
#71 C:\\projects\\MbukuErp\\vendor\\laravel\\framework\\src\\Illuminate\\Pipeline\\Pipeline.php(183): Illuminate\\Foundation\\Http\\Middleware\\TrimStrings->handle()
#72 C:\\projects\\MbukuErp\\vendor\\laravel\\framework\\src\\Illuminate\\Foundation\\Http\\Middleware\\ValidatePostSize.php(27): Illuminate\\Pipeline\\Pipeline->Illuminate\\Pipeline\\{closure}()
#73 C:\\projects\\MbukuErp\\vendor\\laravel\\framework\\src\\Illuminate\\Pipeline\\Pipeline.php(183): Illuminate\\Foundation\\Http\\Middleware\\ValidatePostSize->handle()
#74 C:\\projects\\MbukuErp\\vendor\\laravel\\framework\\src\\Illuminate\\Foundation\\Http\\Middleware\\PreventRequestsDuringMaintenance.php(99): Illuminate\\Pipeline\\Pipeline->Illuminate\\Pipeline\\{closure}()
#75 C:\\projects\\MbukuErp\\vendor\\laravel\\framework\\src\\Illuminate\\Pipeline\\Pipeline.php(183): Illuminate\\Foundation\\Http\\Middleware\\PreventRequestsDuringMaintenance->handle()
#76 C:\\projects\\MbukuErp\\vendor\\laravel\\framework\\src\\Illuminate\\Http\\Middleware\\HandleCors.php(49): Illuminate\\Pipeline\\Pipeline->Illuminate\\Pipeline\\{closure}()
#77 C:\\projects\\MbukuErp\\vendor\\laravel\\framework\\src\\Illuminate\\Pipeline\\Pipeline.php(183): Illuminate\\Http\\Middleware\\HandleCors->handle()
#78 C:\\projects\\MbukuErp\\vendor\\laravel\\framework\\src\\Illuminate\\Http\\Middleware\\TrustProxies.php(39): Illuminate\\Pipeline\\Pipeline->Illuminate\\Pipeline\\{closure}()
#79 C:\\projects\\MbukuErp\\vendor\\laravel\\framework\\src\\Illuminate\\Pipeline\\Pipeline.php(183): Illuminate\\Http\\Middleware\\TrustProxies->handle()
#80 C:\\projects\\MbukuErp\\app\\Http\\Middleware\\EnsureCookieJarExists.php(65): Illuminate\\Pipeline\\Pipeline->Illuminate\\Pipeline\\{closure}()
#81 C:\\projects\\MbukuErp\\vendor\\laravel\\framework\\src\\Illuminate\\Pipeline\\Pipeline.php(183): App\\Http\\Middleware\\EnsureCookieJarExists->handle()
#82 C:\\projects\\MbukuErp\\app\\Http\\Middleware\\DiagnosticMiddleware.php(67): Illuminate\\Pipeline\\Pipeline->Illuminate\\Pipeline\\{closure}()
#83 C:\\projects\\MbukuErp\\vendor\\laravel\\framework\\src\\Illuminate\\Pipeline\\Pipeline.php(183): App\\Http\\Middleware\\DiagnosticMiddleware->handle()
#84 C:\\projects\\MbukuErp\\vendor\\laravel\\framework\\src\\Illuminate\\Pipeline\\Pipeline.php(119): Illuminate\\Pipeline\\Pipeline->Illuminate\\Pipeline\\{closure}()
#85 C:\\projects\\MbukuErp\\vendor\\laravel\\framework\\src\\Illuminate\\Foundation\\Http\\Kernel.php(175): Illuminate\\Pipeline\\Pipeline->then()
#86 C:\\projects\\MbukuErp\\vendor\\laravel\\framework\\src\\Illuminate\\Foundation\\Http\\Kernel.php(144): Illuminate\\Foundation\\Http\\Kernel->sendRequestThroughRouter()
#87 C:\\projects\\MbukuErp\\public\\index.php(54): Illuminate\\Foundation\\Http\\Kernel->handle()
#88 C:\\projects\\MbukuErp\\server.php(21): require_once('...')
#89 {main}

[previous exception] [object] (ErrorException(code: 0): include(C:\\projects\\MbukuErp\\vendor\\composer/../../app/Livewire/ExamManagementComponent.php): Failed to open stream: No such file or directory at C:\\projects\\MbukuErp\\vendor\\composer\\ClassLoader.php:576)
[stacktrace]
#0 C:\\projects\\MbukuErp\\vendor\\laravel\\framework\\src\\Illuminate\\Foundation\\Bootstrap\\HandleExceptions.php(255): Illuminate\\Foundation\\Bootstrap\\HandleExceptions->handleError()
#1 C:\\projects\\MbukuErp\\vendor\\composer\\ClassLoader.php(576): Illuminate\\Foundation\\Bootstrap\\HandleExceptions->Illuminate\\Foundation\\Bootstrap\\{closure}()
#2 C:\\projects\\MbukuErp\\vendor\\composer\\ClassLoader.php(576): include('...')
#3 C:\\projects\\MbukuErp\\vendor\\composer\\ClassLoader.php(427): Composer\\Autoload\\{closure}()
#4 [internal function]: Composer\\Autoload\\ClassLoader->loadClass()
#5 C:\\projects\\MbukuErp\\vendor\\livewire\\livewire\\src\\Mechanisms\\ComponentRegistry.php(97): class_exists()
#6 C:\\projects\\MbukuErp\\vendor\\livewire\\livewire\\src\\Mechanisms\\ComponentRegistry.php(25): Livewire\\Mechanisms\\ComponentRegistry->getNameAndClass()
#7 C:\\projects\\MbukuErp\\vendor\\livewire\\livewire\\src\\LivewireManager.php(58): Livewire\\Mechanisms\\ComponentRegistry->new()
#8 C:\\projects\\MbukuErp\\vendor\\livewire\\livewire\\src\\Mechanisms\\HandleComponents\\HandleComponents.php(43): Livewire\\LivewireManager->new()
#9 C:\\projects\\MbukuErp\\vendor\\livewire\\livewire\\src\\LivewireManager.php(73): Livewire\\Mechanisms\\HandleComponents\\HandleComponents->mount()
#10 C:\\projects\\MbukuErp\\storage\\framework\\views\\42465def8849060c943e8b85165d4a29.php(15): Livewire\\LivewireManager->mount()
#11 C:\\projects\\MbukuErp\\vendor\\laravel\\framework\\src\\Illuminate\\Filesystem\\Filesystem.php(123): require('...')
#12 C:\\projects\\MbukuErp\\vendor\\laravel\\framework\\src\\Illuminate\\Filesystem\\Filesystem.php(124): Illuminate\\Filesystem\\Filesystem::Illuminate\\Filesystem\\{closure}()
#13 C:\\projects\\MbukuErp\\vendor\\laravel\\framework\\src\\Illuminate\\View\\Engines\\PhpEngine.php(58): Illuminate\\Filesystem\\Filesystem->getRequire()
#14 C:\\projects\\MbukuErp\\vendor\\livewire\\livewire\\src\\Mechanisms\\ExtendBlade\\ExtendedCompilerEngine.php(22): Illuminate\\View\\Engines\\PhpEngine->evaluatePath()
#15 C:\\projects\\MbukuErp\\vendor\\laravel\\framework\\src\\Illuminate\\View\\Engines\\CompilerEngine.php(72): Livewire\\Mechanisms\\ExtendBlade\\ExtendedCompilerEngine->evaluatePath()
#16 C:\\projects\\MbukuErp\\vendor\\livewire\\livewire\\src\\Mechanisms\\ExtendBlade\\ExtendedCompilerEngine.php(10): Illuminate\\View\\Engines\\CompilerEngine->get()
#17 C:\\projects\\MbukuErp\\vendor\\laravel\\framework\\src\\Illuminate\\View\\View.php(207): Livewire\\Mechanisms\\ExtendBlade\\ExtendedCompilerEngine->get()
#18 C:\\projects\\MbukuErp\\vendor\\laravel\\framework\\src\\Illuminate\\View\\View.php(190): Illuminate\\View\\View->getContents()
#19 C:\\projects\\MbukuErp\\vendor\\laravel\\framework\\src\\Illuminate\\View\\View.php(159): Illuminate\\View\\View->renderContents()
#20 C:\\projects\\MbukuErp\\vendor\\laravel\\framework\\src\\Illuminate\\Http\\Response.php(69): Illuminate\\View\\View->render()
#21 C:\\projects\\MbukuErp\\vendor\\laravel\\framework\\src\\Illuminate\\Http\\Response.php(35): Illuminate\\Http\\Response->setContent()
#22 C:\\projects\\MbukuErp\\vendor\\laravel\\framework\\src\\Illuminate\\Routing\\Router.php(918): Illuminate\\Http\\Response->__construct()
#23 C:\\projects\\MbukuErp\\vendor\\laravel\\framework\\src\\Illuminate\\Routing\\Router.php(885): Illuminate\\Routing\\Router::toResponse()
#24 C:\\projects\\MbukuErp\\vendor\\laravel\\framework\\src\\Illuminate\\Routing\\Router.php(805): Illuminate\\Routing\\Router->prepareResponse()
#25 C:\\projects\\MbukuErp\\vendor\\laravel\\framework\\src\\Illuminate\\Pipeline\\Pipeline.php(144): Illuminate\\Routing\\Router->Illuminate\\Routing\\{closure}()
#26 C:\\projects\\MbukuErp\\app\\Http\\Middleware\\Custom\\TeamSAT.php(21): Illuminate\\Pipeline\\Pipeline->Illuminate\\Pipeline\\{closure}()
#27 C:\\projects\\MbukuErp\\vendor\\laravel\\framework\\src\\Illuminate\\Pipeline\\Pipeline.php(183): App\\Http\\Middleware\\Custom\\TeamSAT->handle()
#28 C:\\projects\\MbukuErp\\app\\Http\\Middleware\\TrackUserActivity.php(33): Illuminate\\Pipeline\\Pipeline->Illuminate\\Pipeline\\{closure}()
#29 C:\\projects\\MbukuErp\\vendor\\laravel\\framework\\src\\Illuminate\\Pipeline\\Pipeline.php(183): App\\Http\\Middleware\\TrackUserActivity->handle()
#30 C:\\projects\\MbukuErp\\app\\Http\\Middleware\\FixCookieJarMiddleware.php(79): Illuminate\\Pipeline\\Pipeline->Illuminate\\Pipeline\\{closure}()
#31 C:\\projects\\MbukuErp\\vendor\\laravel\\framework\\src\\Illuminate\\Pipeline\\Pipeline.php(183): App\\Http\\Middleware\\FixCookieJarMiddleware->handle()
#32 C:\\projects\\MbukuErp\\app\\Http\\Middleware\\VerifyAndRefreshSession.php(105): Illuminate\\Pipeline\\Pipeline->Illuminate\\Pipeline\\{closure}()
#33 C:\\projects\\MbukuErp\\vendor\\laravel\\framework\\src\\Illuminate\\Pipeline\\Pipeline.php(183): App\\Http\\Middleware\\VerifyAndRefreshSession->handle()
#34 C:\\projects\\MbukuErp\\vendor\\laravel\\framework\\src\\Illuminate\\Routing\\Middleware\\SubstituteBindings.php(50): Illuminate\\Pipeline\\Pipeline->Illuminate\\Pipeline\\{closure}()
#35 C:\\projects\\MbukuErp\\vendor\\laravel\\framework\\src\\Illuminate\\Pipeline\\Pipeline.php(183): Illuminate\\Routing\\Middleware\\SubstituteBindings->handle()
#36 C:\\projects\\MbukuErp\\vendor\\laravel\\framework\\src\\Illuminate\\Foundation\\Http\\Middleware\\VerifyCsrfToken.php(78): Illuminate\\Pipeline\\Pipeline->Illuminate\\Pipeline\\{closure}()
#37 C:\\projects\\MbukuErp\\vendor\\laravel\\framework\\src\\Illuminate\\Pipeline\\Pipeline.php(183): Illuminate\\Foundation\\Http\\Middleware\\VerifyCsrfToken->handle()
#38 C:\\projects\\MbukuErp\\vendor\\laravel\\framework\\src\\Illuminate\\Session\\Middleware\\AuthenticateSession.php(60): Illuminate\\Pipeline\\Pipeline->Illuminate\\Pipeline\\{closure}()
#39 C:\\projects\\MbukuErp\\vendor\\laravel\\framework\\src\\Illuminate\\Pipeline\\Pipeline.php(183): Illuminate\\Session\\Middleware\\AuthenticateSession->handle()
#40 C:\\projects\\MbukuErp\\vendor\\laravel\\framework\\src\\Illuminate\\Auth\\Middleware\\Authenticate.php(57): Illuminate\\Pipeline\\Pipeline->Illuminate\\Pipeline\\{closure}()
#41 C:\\projects\\MbukuErp\\vendor\\laravel\\framework\\src\\Illuminate\\Pipeline\\Pipeline.php(183): Illuminate\\Auth\\Middleware\\Authenticate->handle()
#42 C:\\projects\\MbukuErp\\vendor\\laravel\\framework\\src\\Illuminate\\View\\Middleware\\ShareErrorsFromSession.php(49): Illuminate\\Pipeline\\Pipeline->Illuminate\\Pipeline\\{closure}()
#43 C:\\projects\\MbukuErp\\vendor\\laravel\\framework\\src\\Illuminate\\Pipeline\\Pipeline.php(183): Illuminate\\View\\Middleware\\ShareErrorsFromSession->handle()
#44 C:\\projects\\MbukuErp\\app\\Http\\Middleware\\SessionManager.php(37): Illuminate\\Pipeline\\Pipeline->Illuminate\\Pipeline\\{closure}()
#45 C:\\projects\\MbukuErp\\vendor\\laravel\\framework\\src\\Illuminate\\Pipeline\\Pipeline.php(183): App\\Http\\Middleware\\SessionManager->handle()
#46 C:\\projects\\MbukuErp\\vendor\\laravel\\framework\\src\\Illuminate\\Session\\Middleware\\StartSession.php(121): Illuminate\\Pipeline\\Pipeline->Illuminate\\Pipeline\\{closure}()
#47 C:\\projects\\MbukuErp\\vendor\\laravel\\framework\\src\\Illuminate\\Session\\Middleware\\StartSession.php(64): Illuminate\\Session\\Middleware\\StartSession->handleStatefulRequest()
#48 C:\\projects\\MbukuErp\\vendor\\laravel\\framework\\src\\Illuminate\\Pipeline\\Pipeline.php(183): Illuminate\\Session\\Middleware\\StartSession->handle()
#49 C:\\projects\\MbukuErp\\vendor\\laravel\\framework\\src\\Illuminate\\Cookie\\Middleware\\AddQueuedCookiesToResponse.php(37): Illuminate\\Pipeline\\Pipeline->Illuminate\\Pipeline\\{closure}()
#50 C:\\projects\\MbukuErp\\vendor\\laravel\\framework\\src\\Illuminate\\Pipeline\\Pipeline.php(183): Illuminate\\Cookie\\Middleware\\AddQueuedCookiesToResponse->handle()
#51 C:\\projects\\MbukuErp\\app\\Http\\Middleware\\EnsureAuthWorks.php(24): Illuminate\\Pipeline\\Pipeline->Illuminate\\Pipeline\\{closure}()
#52 C:\\projects\\MbukuErp\\vendor\\laravel\\framework\\src\\Illuminate\\Pipeline\\Pipeline.php(183): App\\Http\\Middleware\\EnsureAuthWorks->handle()
#53 C:\\projects\\MbukuErp\\vendor\\laravel\\framework\\src\\Illuminate\\Cookie\\Middleware\\EncryptCookies.php(67): Illuminate\\Pipeline\\Pipeline->Illuminate\\Pipeline\\{closure}()
#54 C:\\projects\\MbukuErp\\vendor\\laravel\\framework\\src\\Illuminate\\Pipeline\\Pipeline.php(183): Illuminate\\Cookie\\Middleware\\EncryptCookies->handle()
#55 C:\\projects\\MbukuErp\\app\\Http\\Middleware\\EnsureCookieJarExists.php(65): Illuminate\\Pipeline\\Pipeline->Illuminate\\Pipeline\\{closure}()
#56 C:\\projects\\MbukuErp\\vendor\\laravel\\framework\\src\\Illuminate\\Pipeline\\Pipeline.php(183): App\\Http\\Middleware\\EnsureCookieJarExists->handle()
#57 C:\\projects\\MbukuErp\\vendor\\laravel\\framework\\src\\Illuminate\\Pipeline\\Pipeline.php(119): Illuminate\\Pipeline\\Pipeline->Illuminate\\Pipeline\\{closure}()
#58 C:\\projects\\MbukuErp\\vendor\\laravel\\framework\\src\\Illuminate\\Routing\\Router.php(805): Illuminate\\Pipeline\\Pipeline->then()
#59 C:\\projects\\MbukuErp\\vendor\\laravel\\framework\\src\\Illuminate\\Routing\\Router.php(784): Illuminate\\Routing\\Router->runRouteWithinStack()
#60 C:\\projects\\MbukuErp\\vendor\\laravel\\framework\\src\\Illuminate\\Routing\\Router.php(748): Illuminate\\Routing\\Router->runRoute()
#61 C:\\projects\\MbukuErp\\vendor\\laravel\\framework\\src\\Illuminate\\Routing\\Router.php(737): Illuminate\\Routing\\Router->dispatchToRoute()
#62 C:\\projects\\MbukuErp\\vendor\\laravel\\framework\\src\\Illuminate\\Foundation\\Http\\Kernel.php(200): Illuminate\\Routing\\Router->dispatch()
#63 C:\\projects\\MbukuErp\\vendor\\laravel\\framework\\src\\Illuminate\\Pipeline\\Pipeline.php(144): Illuminate\\Foundation\\Http\\Kernel->Illuminate\\Foundation\\Http\\{closure}()
#64 C:\\projects\\MbukuErp\\vendor\\livewire\\livewire\\src\\Features\\SupportDisablingBackButtonCache\\DisableBackButtonCacheMiddleware.php(19): Illuminate\\Pipeline\\Pipeline->Illuminate\\Pipeline\\{closure}()
#65 C:\\projects\\MbukuErp\\vendor\\laravel\\framework\\src\\Illuminate\\Pipeline\\Pipeline.php(183): Livewire\\Features\\SupportDisablingBackButtonCache\\DisableBackButtonCacheMiddleware->handle()
#66 C:\\projects\\MbukuErp\\vendor\\laravel\\framework\\src\\Illuminate\\Foundation\\Http\\Middleware\\TransformsRequest.php(21): Illuminate\\Pipeline\\Pipeline->Illuminate\\Pipeline\\{closure}()
#67 C:\\projects\\MbukuErp\\vendor\\laravel\\framework\\src\\Illuminate\\Foundation\\Http\\Middleware\\ConvertEmptyStringsToNull.php(31): Illuminate\\Foundation\\Http\\Middleware\\TransformsRequest->handle()
#68 C:\\projects\\MbukuErp\\vendor\\laravel\\framework\\src\\Illuminate\\Pipeline\\Pipeline.php(183): Illuminate\\Foundation\\Http\\Middleware\\ConvertEmptyStringsToNull->handle()
#69 C:\\projects\\MbukuErp\\vendor\\laravel\\framework\\src\\Illuminate\\Foundation\\Http\\Middleware\\TransformsRequest.php(21): Illuminate\\Pipeline\\Pipeline->Illuminate\\Pipeline\\{closure}()
#70 C:\\projects\\MbukuErp\\vendor\\laravel\\framework\\src\\Illuminate\\Foundation\\Http\\Middleware\\TrimStrings.php(40): Illuminate\\Foundation\\Http\\Middleware\\TransformsRequest->handle()
#71 C:\\projects\\MbukuErp\\vendor\\laravel\\framework\\src\\Illuminate\\Pipeline\\Pipeline.php(183): Illuminate\\Foundation\\Http\\Middleware\\TrimStrings->handle()
#72 C:\\projects\\MbukuErp\\vendor\\laravel\\framework\\src\\Illuminate\\Foundation\\Http\\Middleware\\ValidatePostSize.php(27): Illuminate\\Pipeline\\Pipeline->Illuminate\\Pipeline\\{closure}()
#73 C:\\projects\\MbukuErp\\vendor\\laravel\\framework\\src\\Illuminate\\Pipeline\\Pipeline.php(183): Illuminate\\Foundation\\Http\\Middleware\\ValidatePostSize->handle()
#74 C:\\projects\\MbukuErp\\vendor\\laravel\\framework\\src\\Illuminate\\Foundation\\Http\\Middleware\\PreventRequestsDuringMaintenance.php(99): Illuminate\\Pipeline\\Pipeline->Illuminate\\Pipeline\\{closure}()
#75 C:\\projects\\MbukuErp\\vendor\\laravel\\framework\\src\\Illuminate\\Pipeline\\Pipeline.php(183): Illuminate\\Foundation\\Http\\Middleware\\PreventRequestsDuringMaintenance->handle()
#76 C:\\projects\\MbukuErp\\vendor\\laravel\\framework\\src\\Illuminate\\Http\\Middleware\\HandleCors.php(49): Illuminate\\Pipeline\\Pipeline->Illuminate\\Pipeline\\{closure}()
#77 C:\\projects\\MbukuErp\\vendor\\laravel\\framework\\src\\Illuminate\\Pipeline\\Pipeline.php(183): Illuminate\\Http\\Middleware\\HandleCors->handle()
#78 C:\\projects\\MbukuErp\\vendor\\laravel\\framework\\src\\Illuminate\\Http\\Middleware\\TrustProxies.php(39): Illuminate\\Pipeline\\Pipeline->Illuminate\\Pipeline\\{closure}()
#79 C:\\projects\\MbukuErp\\vendor\\laravel\\framework\\src\\Illuminate\\Pipeline\\Pipeline.php(183): Illuminate\\Http\\Middleware\\TrustProxies->handle()
#80 C:\\projects\\MbukuErp\\app\\Http\\Middleware\\EnsureCookieJarExists.php(65): Illuminate\\Pipeline\\Pipeline->Illuminate\\Pipeline\\{closure}()
#81 C:\\projects\\MbukuErp\\vendor\\laravel\\framework\\src\\Illuminate\\Pipeline\\Pipeline.php(183): App\\Http\\Middleware\\EnsureCookieJarExists->handle()
#82 C:\\projects\\MbukuErp\\app\\Http\\Middleware\\DiagnosticMiddleware.php(67): Illuminate\\Pipeline\\Pipeline->Illuminate\\Pipeline\\{closure}()
#83 C:\\projects\\MbukuErp\\vendor\\laravel\\framework\\src\\Illuminate\\Pipeline\\Pipeline.php(183): App\\Http\\Middleware\\DiagnosticMiddleware->handle()
#84 C:\\projects\\MbukuErp\\vendor\\laravel\\framework\\src\\Illuminate\\Pipeline\\Pipeline.php(119): Illuminate\\Pipeline\\Pipeline->Illuminate\\Pipeline\\{closure}()
#85 C:\\projects\\MbukuErp\\vendor\\laravel\\framework\\src\\Illuminate\\Foundation\\Http\\Kernel.php(175): Illuminate\\Pipeline\\Pipeline->then()
#86 C:\\projects\\MbukuErp\\vendor\\laravel\\framework\\src\\Illuminate\\Foundation\\Http\\Kernel.php(144): Illuminate\\Foundation\\Http\\Kernel->sendRequestThroughRouter()
#87 C:\\projects\\MbukuErp\\public\\index.php(54): Illuminate\\Foundation\\Http\\Kernel->handle()
#88 C:\\projects\\MbukuErp\\server.php(21): require_once('...')
#89 {main}
"} 
[2025-04-03 11:23:30] local.ERROR: include(C:\projects\MbukuErp\vendor\composer/../../app/Livewire/ExamManagementComponent.php): Failed to open stream: No such file or directory {"view":{"view":"C:\\projects\\MbukuErp\\resources\\views\\pages\\support_team\\exams\\set.blade.php","data":[]},"userId":1,"exception":"[object] (Spatie\\LaravelIgnition\\Exceptions\\ViewException(code: 0): include(C:\\projects\\MbukuErp\\vendor\\composer/../../app/Livewire/ExamManagementComponent.php): Failed to open stream: No such file or directory at C:\\projects\\MbukuErp\\vendor\\composer\\ClassLoader.php:576)
[stacktrace]
#0 C:\\projects\\MbukuErp\\vendor\\laravel\\framework\\src\\Illuminate\\Foundation\\Bootstrap\\HandleExceptions.php(255): Illuminate\\Foundation\\Bootstrap\\HandleExceptions->handleError()
#1 C:\\projects\\MbukuErp\\vendor\\composer\\ClassLoader.php(576): Illuminate\\Foundation\\Bootstrap\\HandleExceptions->Illuminate\\Foundation\\Bootstrap\\{closure}()
#2 C:\\projects\\MbukuErp\\vendor\\composer\\ClassLoader.php(576): include('...')
#3 C:\\projects\\MbukuErp\\vendor\\composer\\ClassLoader.php(427): Composer\\Autoload\\{closure}()
#4 [internal function]: Composer\\Autoload\\ClassLoader->loadClass()
#5 C:\\projects\\MbukuErp\\vendor\\livewire\\livewire\\src\\Mechanisms\\ComponentRegistry.php(97): class_exists()
#6 C:\\projects\\MbukuErp\\vendor\\livewire\\livewire\\src\\Mechanisms\\ComponentRegistry.php(25): Livewire\\Mechanisms\\ComponentRegistry->getNameAndClass()
#7 C:\\projects\\MbukuErp\\vendor\\livewire\\livewire\\src\\LivewireManager.php(58): Livewire\\Mechanisms\\ComponentRegistry->new()
#8 C:\\projects\\MbukuErp\\vendor\\livewire\\livewire\\src\\Mechanisms\\HandleComponents\\HandleComponents.php(43): Livewire\\LivewireManager->new()
#9 C:\\projects\\MbukuErp\\vendor\\livewire\\livewire\\src\\LivewireManager.php(73): Livewire\\Mechanisms\\HandleComponents\\HandleComponents->mount()
#10 C:\\projects\\MbukuErp\\resources\\views\\pages\\support_team\\exams\\set.blade.php(5): Livewire\\LivewireManager->mount()
#11 C:\\projects\\MbukuErp\\vendor\\laravel\\framework\\src\\Illuminate\\Filesystem\\Filesystem.php(123): require('...')
#12 C:\\projects\\MbukuErp\\vendor\\laravel\\framework\\src\\Illuminate\\Filesystem\\Filesystem.php(124): Illuminate\\Filesystem\\Filesystem::Illuminate\\Filesystem\\{closure}()
#13 C:\\projects\\MbukuErp\\vendor\\laravel\\framework\\src\\Illuminate\\View\\Engines\\PhpEngine.php(58): Illuminate\\Filesystem\\Filesystem->getRequire()
#14 C:\\projects\\MbukuErp\\vendor\\livewire\\livewire\\src\\Mechanisms\\ExtendBlade\\ExtendedCompilerEngine.php(22): Illuminate\\View\\Engines\\PhpEngine->evaluatePath()
#15 C:\\projects\\MbukuErp\\vendor\\laravel\\framework\\src\\Illuminate\\View\\Engines\\CompilerEngine.php(72): Livewire\\Mechanisms\\ExtendBlade\\ExtendedCompilerEngine->evaluatePath()
#16 C:\\projects\\MbukuErp\\vendor\\livewire\\livewire\\src\\Mechanisms\\ExtendBlade\\ExtendedCompilerEngine.php(10): Illuminate\\View\\Engines\\CompilerEngine->get()
#17 C:\\projects\\MbukuErp\\vendor\\laravel\\framework\\src\\Illuminate\\View\\View.php(207): Livewire\\Mechanisms\\ExtendBlade\\ExtendedCompilerEngine->get()
#18 C:\\projects\\MbukuErp\\vendor\\laravel\\framework\\src\\Illuminate\\View\\View.php(190): Illuminate\\View\\View->getContents()
#19 C:\\projects\\MbukuErp\\vendor\\laravel\\framework\\src\\Illuminate\\View\\View.php(159): Illuminate\\View\\View->renderContents()
#20 C:\\projects\\MbukuErp\\vendor\\laravel\\framework\\src\\Illuminate\\Http\\Response.php(69): Illuminate\\View\\View->render()
#21 C:\\projects\\MbukuErp\\vendor\\laravel\\framework\\src\\Illuminate\\Http\\Response.php(35): Illuminate\\Http\\Response->setContent()
#22 C:\\projects\\MbukuErp\\vendor\\laravel\\framework\\src\\Illuminate\\Routing\\Router.php(918): Illuminate\\Http\\Response->__construct()
#23 C:\\projects\\MbukuErp\\vendor\\laravel\\framework\\src\\Illuminate\\Routing\\Router.php(885): Illuminate\\Routing\\Router::toResponse()
#24 C:\\projects\\MbukuErp\\vendor\\laravel\\framework\\src\\Illuminate\\Routing\\Router.php(805): Illuminate\\Routing\\Router->prepareResponse()
#25 C:\\projects\\MbukuErp\\vendor\\laravel\\framework\\src\\Illuminate\\Pipeline\\Pipeline.php(144): Illuminate\\Routing\\Router->Illuminate\\Routing\\{closure}()
#26 C:\\projects\\MbukuErp\\app\\Http\\Middleware\\Custom\\TeamSAT.php(21): Illuminate\\Pipeline\\Pipeline->Illuminate\\Pipeline\\{closure}()
#27 C:\\projects\\MbukuErp\\vendor\\laravel\\framework\\src\\Illuminate\\Pipeline\\Pipeline.php(183): App\\Http\\Middleware\\Custom\\TeamSAT->handle()
#28 C:\\projects\\MbukuErp\\app\\Http\\Middleware\\TrackUserActivity.php(33): Illuminate\\Pipeline\\Pipeline->Illuminate\\Pipeline\\{closure}()
#29 C:\\projects\\MbukuErp\\vendor\\laravel\\framework\\src\\Illuminate\\Pipeline\\Pipeline.php(183): App\\Http\\Middleware\\TrackUserActivity->handle()
#30 C:\\projects\\MbukuErp\\app\\Http\\Middleware\\FixCookieJarMiddleware.php(79): Illuminate\\Pipeline\\Pipeline->Illuminate\\Pipeline\\{closure}()
#31 C:\\projects\\MbukuErp\\vendor\\laravel\\framework\\src\\Illuminate\\Pipeline\\Pipeline.php(183): App\\Http\\Middleware\\FixCookieJarMiddleware->handle()
#32 C:\\projects\\MbukuErp\\app\\Http\\Middleware\\VerifyAndRefreshSession.php(105): Illuminate\\Pipeline\\Pipeline->Illuminate\\Pipeline\\{closure}()
#33 C:\\projects\\MbukuErp\\vendor\\laravel\\framework\\src\\Illuminate\\Pipeline\\Pipeline.php(183): App\\Http\\Middleware\\VerifyAndRefreshSession->handle()
#34 C:\\projects\\MbukuErp\\vendor\\laravel\\framework\\src\\Illuminate\\Routing\\Middleware\\SubstituteBindings.php(50): Illuminate\\Pipeline\\Pipeline->Illuminate\\Pipeline\\{closure}()
#35 C:\\projects\\MbukuErp\\vendor\\laravel\\framework\\src\\Illuminate\\Pipeline\\Pipeline.php(183): Illuminate\\Routing\\Middleware\\SubstituteBindings->handle()
#36 C:\\projects\\MbukuErp\\vendor\\laravel\\framework\\src\\Illuminate\\Foundation\\Http\\Middleware\\VerifyCsrfToken.php(78): Illuminate\\Pipeline\\Pipeline->Illuminate\\Pipeline\\{closure}()
#37 C:\\projects\\MbukuErp\\vendor\\laravel\\framework\\src\\Illuminate\\Pipeline\\Pipeline.php(183): Illuminate\\Foundation\\Http\\Middleware\\VerifyCsrfToken->handle()
#38 C:\\projects\\MbukuErp\\vendor\\laravel\\framework\\src\\Illuminate\\Session\\Middleware\\AuthenticateSession.php(60): Illuminate\\Pipeline\\Pipeline->Illuminate\\Pipeline\\{closure}()
#39 C:\\projects\\MbukuErp\\vendor\\laravel\\framework\\src\\Illuminate\\Pipeline\\Pipeline.php(183): Illuminate\\Session\\Middleware\\AuthenticateSession->handle()
#40 C:\\projects\\MbukuErp\\vendor\\laravel\\framework\\src\\Illuminate\\Auth\\Middleware\\Authenticate.php(57): Illuminate\\Pipeline\\Pipeline->Illuminate\\Pipeline\\{closure}()
#41 C:\\projects\\MbukuErp\\vendor\\laravel\\framework\\src\\Illuminate\\Pipeline\\Pipeline.php(183): Illuminate\\Auth\\Middleware\\Authenticate->handle()
#42 C:\\projects\\MbukuErp\\vendor\\laravel\\framework\\src\\Illuminate\\View\\Middleware\\ShareErrorsFromSession.php(49): Illuminate\\Pipeline\\Pipeline->Illuminate\\Pipeline\\{closure}()
#43 C:\\projects\\MbukuErp\\vendor\\laravel\\framework\\src\\Illuminate\\Pipeline\\Pipeline.php(183): Illuminate\\View\\Middleware\\ShareErrorsFromSession->handle()
#44 C:\\projects\\MbukuErp\\app\\Http\\Middleware\\SessionManager.php(37): Illuminate\\Pipeline\\Pipeline->Illuminate\\Pipeline\\{closure}()
#45 C:\\projects\\MbukuErp\\vendor\\laravel\\framework\\src\\Illuminate\\Pipeline\\Pipeline.php(183): App\\Http\\Middleware\\SessionManager->handle()
#46 C:\\projects\\MbukuErp\\vendor\\laravel\\framework\\src\\Illuminate\\Session\\Middleware\\StartSession.php(121): Illuminate\\Pipeline\\Pipeline->Illuminate\\Pipeline\\{closure}()
#47 C:\\projects\\MbukuErp\\vendor\\laravel\\framework\\src\\Illuminate\\Session\\Middleware\\StartSession.php(64): Illuminate\\Session\\Middleware\\StartSession->handleStatefulRequest()
#48 C:\\projects\\MbukuErp\\vendor\\laravel\\framework\\src\\Illuminate\\Pipeline\\Pipeline.php(183): Illuminate\\Session\\Middleware\\StartSession->handle()
#49 C:\\projects\\MbukuErp\\vendor\\laravel\\framework\\src\\Illuminate\\Cookie\\Middleware\\AddQueuedCookiesToResponse.php(37): Illuminate\\Pipeline\\Pipeline->Illuminate\\Pipeline\\{closure}()
#50 C:\\projects\\MbukuErp\\vendor\\laravel\\framework\\src\\Illuminate\\Pipeline\\Pipeline.php(183): Illuminate\\Cookie\\Middleware\\AddQueuedCookiesToResponse->handle()
#51 C:\\projects\\MbukuErp\\app\\Http\\Middleware\\EnsureAuthWorks.php(24): Illuminate\\Pipeline\\Pipeline->Illuminate\\Pipeline\\{closure}()
#52 C:\\projects\\MbukuErp\\vendor\\laravel\\framework\\src\\Illuminate\\Pipeline\\Pipeline.php(183): App\\Http\\Middleware\\EnsureAuthWorks->handle()
#53 C:\\projects\\MbukuErp\\vendor\\laravel\\framework\\src\\Illuminate\\Cookie\\Middleware\\EncryptCookies.php(67): Illuminate\\Pipeline\\Pipeline->Illuminate\\Pipeline\\{closure}()
#54 C:\\projects\\MbukuErp\\vendor\\laravel\\framework\\src\\Illuminate\\Pipeline\\Pipeline.php(183): Illuminate\\Cookie\\Middleware\\EncryptCookies->handle()
#55 C:\\projects\\MbukuErp\\app\\Http\\Middleware\\EnsureCookieJarExists.php(65): Illuminate\\Pipeline\\Pipeline->Illuminate\\Pipeline\\{closure}()
#56 C:\\projects\\MbukuErp\\vendor\\laravel\\framework\\src\\Illuminate\\Pipeline\\Pipeline.php(183): App\\Http\\Middleware\\EnsureCookieJarExists->handle()
#57 C:\\projects\\MbukuErp\\vendor\\laravel\\framework\\src\\Illuminate\\Pipeline\\Pipeline.php(119): Illuminate\\Pipeline\\Pipeline->Illuminate\\Pipeline\\{closure}()
#58 C:\\projects\\MbukuErp\\vendor\\laravel\\framework\\src\\Illuminate\\Routing\\Router.php(805): Illuminate\\Pipeline\\Pipeline->then()
#59 C:\\projects\\MbukuErp\\vendor\\laravel\\framework\\src\\Illuminate\\Routing\\Router.php(784): Illuminate\\Routing\\Router->runRouteWithinStack()
#60 C:\\projects\\MbukuErp\\vendor\\laravel\\framework\\src\\Illuminate\\Routing\\Router.php(748): Illuminate\\Routing\\Router->runRoute()
#61 C:\\projects\\MbukuErp\\vendor\\laravel\\framework\\src\\Illuminate\\Routing\\Router.php(737): Illuminate\\Routing\\Router->dispatchToRoute()
#62 C:\\projects\\MbukuErp\\vendor\\laravel\\framework\\src\\Illuminate\\Foundation\\Http\\Kernel.php(200): Illuminate\\Routing\\Router->dispatch()
#63 C:\\projects\\MbukuErp\\vendor\\laravel\\framework\\src\\Illuminate\\Pipeline\\Pipeline.php(144): Illuminate\\Foundation\\Http\\Kernel->Illuminate\\Foundation\\Http\\{closure}()
#64 C:\\projects\\MbukuErp\\vendor\\livewire\\livewire\\src\\Features\\SupportDisablingBackButtonCache\\DisableBackButtonCacheMiddleware.php(19): Illuminate\\Pipeline\\Pipeline->Illuminate\\Pipeline\\{closure}()
#65 C:\\projects\\MbukuErp\\vendor\\laravel\\framework\\src\\Illuminate\\Pipeline\\Pipeline.php(183): Livewire\\Features\\SupportDisablingBackButtonCache\\DisableBackButtonCacheMiddleware->handle()
#66 C:\\projects\\MbukuErp\\vendor\\laravel\\framework\\src\\Illuminate\\Foundation\\Http\\Middleware\\TransformsRequest.php(21): Illuminate\\Pipeline\\Pipeline->Illuminate\\Pipeline\\{closure}()
#67 C:\\projects\\MbukuErp\\vendor\\laravel\\framework\\src\\Illuminate\\Foundation\\Http\\Middleware\\ConvertEmptyStringsToNull.php(31): Illuminate\\Foundation\\Http\\Middleware\\TransformsRequest->handle()
#68 C:\\projects\\MbukuErp\\vendor\\laravel\\framework\\src\\Illuminate\\Pipeline\\Pipeline.php(183): Illuminate\\Foundation\\Http\\Middleware\\ConvertEmptyStringsToNull->handle()
#69 C:\\projects\\MbukuErp\\vendor\\laravel\\framework\\src\\Illuminate\\Foundation\\Http\\Middleware\\TransformsRequest.php(21): Illuminate\\Pipeline\\Pipeline->Illuminate\\Pipeline\\{closure}()
#70 C:\\projects\\MbukuErp\\vendor\\laravel\\framework\\src\\Illuminate\\Foundation\\Http\\Middleware\\TrimStrings.php(40): Illuminate\\Foundation\\Http\\Middleware\\TransformsRequest->handle()
#71 C:\\projects\\MbukuErp\\vendor\\laravel\\framework\\src\\Illuminate\\Pipeline\\Pipeline.php(183): Illuminate\\Foundation\\Http\\Middleware\\TrimStrings->handle()
#72 C:\\projects\\MbukuErp\\vendor\\laravel\\framework\\src\\Illuminate\\Foundation\\Http\\Middleware\\ValidatePostSize.php(27): Illuminate\\Pipeline\\Pipeline->Illuminate\\Pipeline\\{closure}()
#73 C:\\projects\\MbukuErp\\vendor\\laravel\\framework\\src\\Illuminate\\Pipeline\\Pipeline.php(183): Illuminate\\Foundation\\Http\\Middleware\\ValidatePostSize->handle()
#74 C:\\projects\\MbukuErp\\vendor\\laravel\\framework\\src\\Illuminate\\Foundation\\Http\\Middleware\\PreventRequestsDuringMaintenance.php(99): Illuminate\\Pipeline\\Pipeline->Illuminate\\Pipeline\\{closure}()
#75 C:\\projects\\MbukuErp\\vendor\\laravel\\framework\\src\\Illuminate\\Pipeline\\Pipeline.php(183): Illuminate\\Foundation\\Http\\Middleware\\PreventRequestsDuringMaintenance->handle()
#76 C:\\projects\\MbukuErp\\vendor\\laravel\\framework\\src\\Illuminate\\Http\\Middleware\\HandleCors.php(49): Illuminate\\Pipeline\\Pipeline->Illuminate\\Pipeline\\{closure}()
#77 C:\\projects\\MbukuErp\\vendor\\laravel\\framework\\src\\Illuminate\\Pipeline\\Pipeline.php(183): Illuminate\\Http\\Middleware\\HandleCors->handle()
#78 C:\\projects\\MbukuErp\\vendor\\laravel\\framework\\src\\Illuminate\\Http\\Middleware\\TrustProxies.php(39): Illuminate\\Pipeline\\Pipeline->Illuminate\\Pipeline\\{closure}()
#79 C:\\projects\\MbukuErp\\vendor\\laravel\\framework\\src\\Illuminate\\Pipeline\\Pipeline.php(183): Illuminate\\Http\\Middleware\\TrustProxies->handle()
#80 C:\\projects\\MbukuErp\\app\\Http\\Middleware\\EnsureCookieJarExists.php(65): Illuminate\\Pipeline\\Pipeline->Illuminate\\Pipeline\\{closure}()
#81 C:\\projects\\MbukuErp\\vendor\\laravel\\framework\\src\\Illuminate\\Pipeline\\Pipeline.php(183): App\\Http\\Middleware\\EnsureCookieJarExists->handle()
#82 C:\\projects\\MbukuErp\\app\\Http\\Middleware\\DiagnosticMiddleware.php(67): Illuminate\\Pipeline\\Pipeline->Illuminate\\Pipeline\\{closure}()
#83 C:\\projects\\MbukuErp\\vendor\\laravel\\framework\\src\\Illuminate\\Pipeline\\Pipeline.php(183): App\\Http\\Middleware\\DiagnosticMiddleware->handle()
#84 C:\\projects\\MbukuErp\\vendor\\laravel\\framework\\src\\Illuminate\\Pipeline\\Pipeline.php(119): Illuminate\\Pipeline\\Pipeline->Illuminate\\Pipeline\\{closure}()
#85 C:\\projects\\MbukuErp\\vendor\\laravel\\framework\\src\\Illuminate\\Foundation\\Http\\Kernel.php(175): Illuminate\\Pipeline\\Pipeline->then()
#86 C:\\projects\\MbukuErp\\vendor\\laravel\\framework\\src\\Illuminate\\Foundation\\Http\\Kernel.php(144): Illuminate\\Foundation\\Http\\Kernel->sendRequestThroughRouter()
#87 C:\\projects\\MbukuErp\\public\\index.php(54): Illuminate\\Foundation\\Http\\Kernel->handle()
#88 C:\\projects\\MbukuErp\\server.php(21): require_once('...')
#89 {main}

[previous exception] [object] (ErrorException(code: 0): include(C:\\projects\\MbukuErp\\vendor\\composer/../../app/Livewire/ExamManagementComponent.php): Failed to open stream: No such file or directory at C:\\projects\\MbukuErp\\vendor\\composer\\ClassLoader.php:576)
[stacktrace]
#0 C:\\projects\\MbukuErp\\vendor\\laravel\\framework\\src\\Illuminate\\Foundation\\Bootstrap\\HandleExceptions.php(255): Illuminate\\Foundation\\Bootstrap\\HandleExceptions->handleError()
#1 C:\\projects\\MbukuErp\\vendor\\composer\\ClassLoader.php(576): Illuminate\\Foundation\\Bootstrap\\HandleExceptions->Illuminate\\Foundation\\Bootstrap\\{closure}()
#2 C:\\projects\\MbukuErp\\vendor\\composer\\ClassLoader.php(576): include('...')
#3 C:\\projects\\MbukuErp\\vendor\\composer\\ClassLoader.php(427): Composer\\Autoload\\{closure}()
#4 [internal function]: Composer\\Autoload\\ClassLoader->loadClass()
#5 C:\\projects\\MbukuErp\\vendor\\livewire\\livewire\\src\\Mechanisms\\ComponentRegistry.php(97): class_exists()
#6 C:\\projects\\MbukuErp\\vendor\\livewire\\livewire\\src\\Mechanisms\\ComponentRegistry.php(25): Livewire\\Mechanisms\\ComponentRegistry->getNameAndClass()
#7 C:\\projects\\MbukuErp\\vendor\\livewire\\livewire\\src\\LivewireManager.php(58): Livewire\\Mechanisms\\ComponentRegistry->new()
#8 C:\\projects\\MbukuErp\\vendor\\livewire\\livewire\\src\\Mechanisms\\HandleComponents\\HandleComponents.php(43): Livewire\\LivewireManager->new()
#9 C:\\projects\\MbukuErp\\vendor\\livewire\\livewire\\src\\LivewireManager.php(73): Livewire\\Mechanisms\\HandleComponents\\HandleComponents->mount()
#10 C:\\projects\\MbukuErp\\storage\\framework\\views\\42465def8849060c943e8b85165d4a29.php(15): Livewire\\LivewireManager->mount()
#11 C:\\projects\\MbukuErp\\vendor\\laravel\\framework\\src\\Illuminate\\Filesystem\\Filesystem.php(123): require('...')
#12 C:\\projects\\MbukuErp\\vendor\\laravel\\framework\\src\\Illuminate\\Filesystem\\Filesystem.php(124): Illuminate\\Filesystem\\Filesystem::Illuminate\\Filesystem\\{closure}()
#13 C:\\projects\\MbukuErp\\vendor\\laravel\\framework\\src\\Illuminate\\View\\Engines\\PhpEngine.php(58): Illuminate\\Filesystem\\Filesystem->getRequire()
#14 C:\\projects\\MbukuErp\\vendor\\livewire\\livewire\\src\\Mechanisms\\ExtendBlade\\ExtendedCompilerEngine.php(22): Illuminate\\View\\Engines\\PhpEngine->evaluatePath()
#15 C:\\projects\\MbukuErp\\vendor\\laravel\\framework\\src\\Illuminate\\View\\Engines\\CompilerEngine.php(72): Livewire\\Mechanisms\\ExtendBlade\\ExtendedCompilerEngine->evaluatePath()
#16 C:\\projects\\MbukuErp\\vendor\\livewire\\livewire\\src\\Mechanisms\\ExtendBlade\\ExtendedCompilerEngine.php(10): Illuminate\\View\\Engines\\CompilerEngine->get()
#17 C:\\projects\\MbukuErp\\vendor\\laravel\\framework\\src\\Illuminate\\View\\View.php(207): Livewire\\Mechanisms\\ExtendBlade\\ExtendedCompilerEngine->get()
#18 C:\\projects\\MbukuErp\\vendor\\laravel\\framework\\src\\Illuminate\\View\\View.php(190): Illuminate\\View\\View->getContents()
#19 C:\\projects\\MbukuErp\\vendor\\laravel\\framework\\src\\Illuminate\\View\\View.php(159): Illuminate\\View\\View->renderContents()
#20 C:\\projects\\MbukuErp\\vendor\\laravel\\framework\\src\\Illuminate\\Http\\Response.php(69): Illuminate\\View\\View->render()
#21 C:\\projects\\MbukuErp\\vendor\\laravel\\framework\\src\\Illuminate\\Http\\Response.php(35): Illuminate\\Http\\Response->setContent()
#22 C:\\projects\\MbukuErp\\vendor\\laravel\\framework\\src\\Illuminate\\Routing\\Router.php(918): Illuminate\\Http\\Response->__construct()
#23 C:\\projects\\MbukuErp\\vendor\\laravel\\framework\\src\\Illuminate\\Routing\\Router.php(885): Illuminate\\Routing\\Router::toResponse()
#24 C:\\projects\\MbukuErp\\vendor\\laravel\\framework\\src\\Illuminate\\Routing\\Router.php(805): Illuminate\\Routing\\Router->prepareResponse()
#25 C:\\projects\\MbukuErp\\vendor\\laravel\\framework\\src\\Illuminate\\Pipeline\\Pipeline.php(144): Illuminate\\Routing\\Router->Illuminate\\Routing\\{closure}()
#26 C:\\projects\\MbukuErp\\app\\Http\\Middleware\\Custom\\TeamSAT.php(21): Illuminate\\Pipeline\\Pipeline->Illuminate\\Pipeline\\{closure}()
#27 C:\\projects\\MbukuErp\\vendor\\laravel\\framework\\src\\Illuminate\\Pipeline\\Pipeline.php(183): App\\Http\\Middleware\\Custom\\TeamSAT->handle()
#28 C:\\projects\\MbukuErp\\app\\Http\\Middleware\\TrackUserActivity.php(33): Illuminate\\Pipeline\\Pipeline->Illuminate\\Pipeline\\{closure}()
#29 C:\\projects\\MbukuErp\\vendor\\laravel\\framework\\src\\Illuminate\\Pipeline\\Pipeline.php(183): App\\Http\\Middleware\\TrackUserActivity->handle()
#30 C:\\projects\\MbukuErp\\app\\Http\\Middleware\\FixCookieJarMiddleware.php(79): Illuminate\\Pipeline\\Pipeline->Illuminate\\Pipeline\\{closure}()
#31 C:\\projects\\MbukuErp\\vendor\\laravel\\framework\\src\\Illuminate\\Pipeline\\Pipeline.php(183): App\\Http\\Middleware\\FixCookieJarMiddleware->handle()
#32 C:\\projects\\MbukuErp\\app\\Http\\Middleware\\VerifyAndRefreshSession.php(105): Illuminate\\Pipeline\\Pipeline->Illuminate\\Pipeline\\{closure}()
#33 C:\\projects\\MbukuErp\\vendor\\laravel\\framework\\src\\Illuminate\\Pipeline\\Pipeline.php(183): App\\Http\\Middleware\\VerifyAndRefreshSession->handle()
#34 C:\\projects\\MbukuErp\\vendor\\laravel\\framework\\src\\Illuminate\\Routing\\Middleware\\SubstituteBindings.php(50): Illuminate\\Pipeline\\Pipeline->Illuminate\\Pipeline\\{closure}()
#35 C:\\projects\\MbukuErp\\vendor\\laravel\\framework\\src\\Illuminate\\Pipeline\\Pipeline.php(183): Illuminate\\Routing\\Middleware\\SubstituteBindings->handle()
#36 C:\\projects\\MbukuErp\\vendor\\laravel\\framework\\src\\Illuminate\\Foundation\\Http\\Middleware\\VerifyCsrfToken.php(78): Illuminate\\Pipeline\\Pipeline->Illuminate\\Pipeline\\{closure}()
#37 C:\\projects\\MbukuErp\\vendor\\laravel\\framework\\src\\Illuminate\\Pipeline\\Pipeline.php(183): Illuminate\\Foundation\\Http\\Middleware\\VerifyCsrfToken->handle()
#38 C:\\projects\\MbukuErp\\vendor\\laravel\\framework\\src\\Illuminate\\Session\\Middleware\\AuthenticateSession.php(60): Illuminate\\Pipeline\\Pipeline->Illuminate\\Pipeline\\{closure}()
#39 C:\\projects\\MbukuErp\\vendor\\laravel\\framework\\src\\Illuminate\\Pipeline\\Pipeline.php(183): Illuminate\\Session\\Middleware\\AuthenticateSession->handle()
#40 C:\\projects\\MbukuErp\\vendor\\laravel\\framework\\src\\Illuminate\\Auth\\Middleware\\Authenticate.php(57): Illuminate\\Pipeline\\Pipeline->Illuminate\\Pipeline\\{closure}()
#41 C:\\projects\\MbukuErp\\vendor\\laravel\\framework\\src\\Illuminate\\Pipeline\\Pipeline.php(183): Illuminate\\Auth\\Middleware\\Authenticate->handle()
#42 C:\\projects\\MbukuErp\\vendor\\laravel\\framework\\src\\Illuminate\\View\\Middleware\\ShareErrorsFromSession.php(49): Illuminate\\Pipeline\\Pipeline->Illuminate\\Pipeline\\{closure}()
#43 C:\\projects\\MbukuErp\\vendor\\laravel\\framework\\src\\Illuminate\\Pipeline\\Pipeline.php(183): Illuminate\\View\\Middleware\\ShareErrorsFromSession->handle()
#44 C:\\projects\\MbukuErp\\app\\Http\\Middleware\\SessionManager.php(37): Illuminate\\Pipeline\\Pipeline->Illuminate\\Pipeline\\{closure}()
#45 C:\\projects\\MbukuErp\\vendor\\laravel\\framework\\src\\Illuminate\\Pipeline\\Pipeline.php(183): App\\Http\\Middleware\\SessionManager->handle()
#46 C:\\projects\\MbukuErp\\vendor\\laravel\\framework\\src\\Illuminate\\Session\\Middleware\\StartSession.php(121): Illuminate\\Pipeline\\Pipeline->Illuminate\\Pipeline\\{closure}()
#47 C:\\projects\\MbukuErp\\vendor\\laravel\\framework\\src\\Illuminate\\Session\\Middleware\\StartSession.php(64): Illuminate\\Session\\Middleware\\StartSession->handleStatefulRequest()
#48 C:\\projects\\MbukuErp\\vendor\\laravel\\framework\\src\\Illuminate\\Pipeline\\Pipeline.php(183): Illuminate\\Session\\Middleware\\StartSession->handle()
#49 C:\\projects\\MbukuErp\\vendor\\laravel\\framework\\src\\Illuminate\\Cookie\\Middleware\\AddQueuedCookiesToResponse.php(37): Illuminate\\Pipeline\\Pipeline->Illuminate\\Pipeline\\{closure}()
#50 C:\\projects\\MbukuErp\\vendor\\laravel\\framework\\src\\Illuminate\\Pipeline\\Pipeline.php(183): Illuminate\\Cookie\\Middleware\\AddQueuedCookiesToResponse->handle()
#51 C:\\projects\\MbukuErp\\app\\Http\\Middleware\\EnsureAuthWorks.php(24): Illuminate\\Pipeline\\Pipeline->Illuminate\\Pipeline\\{closure}()
#52 C:\\projects\\MbukuErp\\vendor\\laravel\\framework\\src\\Illuminate\\Pipeline\\Pipeline.php(183): App\\Http\\Middleware\\EnsureAuthWorks->handle()
#53 C:\\projects\\MbukuErp\\vendor\\laravel\\framework\\src\\Illuminate\\Cookie\\Middleware\\EncryptCookies.php(67): Illuminate\\Pipeline\\Pipeline->Illuminate\\Pipeline\\{closure}()
#54 C:\\projects\\MbukuErp\\vendor\\laravel\\framework\\src\\Illuminate\\Pipeline\\Pipeline.php(183): Illuminate\\Cookie\\Middleware\\EncryptCookies->handle()
#55 C:\\projects\\MbukuErp\\app\\Http\\Middleware\\EnsureCookieJarExists.php(65): Illuminate\\Pipeline\\Pipeline->Illuminate\\Pipeline\\{closure}()
#56 C:\\projects\\MbukuErp\\vendor\\laravel\\framework\\src\\Illuminate\\Pipeline\\Pipeline.php(183): App\\Http\\Middleware\\EnsureCookieJarExists->handle()
#57 C:\\projects\\MbukuErp\\vendor\\laravel\\framework\\src\\Illuminate\\Pipeline\\Pipeline.php(119): Illuminate\\Pipeline\\Pipeline->Illuminate\\Pipeline\\{closure}()
#58 C:\\projects\\MbukuErp\\vendor\\laravel\\framework\\src\\Illuminate\\Routing\\Router.php(805): Illuminate\\Pipeline\\Pipeline->then()
#59 C:\\projects\\MbukuErp\\vendor\\laravel\\framework\\src\\Illuminate\\Routing\\Router.php(784): Illuminate\\Routing\\Router->runRouteWithinStack()
#60 C:\\projects\\MbukuErp\\vendor\\laravel\\framework\\src\\Illuminate\\Routing\\Router.php(748): Illuminate\\Routing\\Router->runRoute()
#61 C:\\projects\\MbukuErp\\vendor\\laravel\\framework\\src\\Illuminate\\Routing\\Router.php(737): Illuminate\\Routing\\Router->dispatchToRoute()
#62 C:\\projects\\MbukuErp\\vendor\\laravel\\framework\\src\\Illuminate\\Foundation\\Http\\Kernel.php(200): Illuminate\\Routing\\Router->dispatch()
#63 C:\\projects\\MbukuErp\\vendor\\laravel\\framework\\src\\Illuminate\\Pipeline\\Pipeline.php(144): Illuminate\\Foundation\\Http\\Kernel->Illuminate\\Foundation\\Http\\{closure}()
#64 C:\\projects\\MbukuErp\\vendor\\livewire\\livewire\\src\\Features\\SupportDisablingBackButtonCache\\DisableBackButtonCacheMiddleware.php(19): Illuminate\\Pipeline\\Pipeline->Illuminate\\Pipeline\\{closure}()
#65 C:\\projects\\MbukuErp\\vendor\\laravel\\framework\\src\\Illuminate\\Pipeline\\Pipeline.php(183): Livewire\\Features\\SupportDisablingBackButtonCache\\DisableBackButtonCacheMiddleware->handle()
#66 C:\\projects\\MbukuErp\\vendor\\laravel\\framework\\src\\Illuminate\\Foundation\\Http\\Middleware\\TransformsRequest.php(21): Illuminate\\Pipeline\\Pipeline->Illuminate\\Pipeline\\{closure}()
#67 C:\\projects\\MbukuErp\\vendor\\laravel\\framework\\src\\Illuminate\\Foundation\\Http\\Middleware\\ConvertEmptyStringsToNull.php(31): Illuminate\\Foundation\\Http\\Middleware\\TransformsRequest->handle()
#68 C:\\projects\\MbukuErp\\vendor\\laravel\\framework\\src\\Illuminate\\Pipeline\\Pipeline.php(183): Illuminate\\Foundation\\Http\\Middleware\\ConvertEmptyStringsToNull->handle()
#69 C:\\projects\\MbukuErp\\vendor\\laravel\\framework\\src\\Illuminate\\Foundation\\Http\\Middleware\\TransformsRequest.php(21): Illuminate\\Pipeline\\Pipeline->Illuminate\\Pipeline\\{closure}()
#70 C:\\projects\\MbukuErp\\vendor\\laravel\\framework\\src\\Illuminate\\Foundation\\Http\\Middleware\\TrimStrings.php(40): Illuminate\\Foundation\\Http\\Middleware\\TransformsRequest->handle()
#71 C:\\projects\\MbukuErp\\vendor\\laravel\\framework\\src\\Illuminate\\Pipeline\\Pipeline.php(183): Illuminate\\Foundation\\Http\\Middleware\\TrimStrings->handle()
#72 C:\\projects\\MbukuErp\\vendor\\laravel\\framework\\src\\Illuminate\\Foundation\\Http\\Middleware\\ValidatePostSize.php(27): Illuminate\\Pipeline\\Pipeline->Illuminate\\Pipeline\\{closure}()
#73 C:\\projects\\MbukuErp\\vendor\\laravel\\framework\\src\\Illuminate\\Pipeline\\Pipeline.php(183): Illuminate\\Foundation\\Http\\Middleware\\ValidatePostSize->handle()
#74 C:\\projects\\MbukuErp\\vendor\\laravel\\framework\\src\\Illuminate\\Foundation\\Http\\Middleware\\PreventRequestsDuringMaintenance.php(99): Illuminate\\Pipeline\\Pipeline->Illuminate\\Pipeline\\{closure}()
#75 C:\\projects\\MbukuErp\\vendor\\laravel\\framework\\src\\Illuminate\\Pipeline\\Pipeline.php(183): Illuminate\\Foundation\\Http\\Middleware\\PreventRequestsDuringMaintenance->handle()
#76 C:\\projects\\MbukuErp\\vendor\\laravel\\framework\\src\\Illuminate\\Http\\Middleware\\HandleCors.php(49): Illuminate\\Pipeline\\Pipeline->Illuminate\\Pipeline\\{closure}()
#77 C:\\projects\\MbukuErp\\vendor\\laravel\\framework\\src\\Illuminate\\Pipeline\\Pipeline.php(183): Illuminate\\Http\\Middleware\\HandleCors->handle()
#78 C:\\projects\\MbukuErp\\vendor\\laravel\\framework\\src\\Illuminate\\Http\\Middleware\\TrustProxies.php(39): Illuminate\\Pipeline\\Pipeline->Illuminate\\Pipeline\\{closure}()
#79 C:\\projects\\MbukuErp\\vendor\\laravel\\framework\\src\\Illuminate\\Pipeline\\Pipeline.php(183): Illuminate\\Http\\Middleware\\TrustProxies->handle()
#80 C:\\projects\\MbukuErp\\app\\Http\\Middleware\\EnsureCookieJarExists.php(65): Illuminate\\Pipeline\\Pipeline->Illuminate\\Pipeline\\{closure}()
#81 C:\\projects\\MbukuErp\\vendor\\laravel\\framework\\src\\Illuminate\\Pipeline\\Pipeline.php(183): App\\Http\\Middleware\\EnsureCookieJarExists->handle()
#82 C:\\projects\\MbukuErp\\app\\Http\\Middleware\\DiagnosticMiddleware.php(67): Illuminate\\Pipeline\\Pipeline->Illuminate\\Pipeline\\{closure}()
#83 C:\\projects\\MbukuErp\\vendor\\laravel\\framework\\src\\Illuminate\\Pipeline\\Pipeline.php(183): App\\Http\\Middleware\\DiagnosticMiddleware->handle()
#84 C:\\projects\\MbukuErp\\vendor\\laravel\\framework\\src\\Illuminate\\Pipeline\\Pipeline.php(119): Illuminate\\Pipeline\\Pipeline->Illuminate\\Pipeline\\{closure}()
#85 C:\\projects\\MbukuErp\\vendor\\laravel\\framework\\src\\Illuminate\\Foundation\\Http\\Kernel.php(175): Illuminate\\Pipeline\\Pipeline->then()
#86 C:\\projects\\MbukuErp\\vendor\\laravel\\framework\\src\\Illuminate\\Foundation\\Http\\Kernel.php(144): Illuminate\\Foundation\\Http\\Kernel->sendRequestThroughRouter()
#87 C:\\projects\\MbukuErp\\public\\index.php(54): Illuminate\\Foundation\\Http\\Kernel->handle()
#88 C:\\projects\\MbukuErp\\server.php(21): require_once('...')
#89 {main}
"} 
[2025-04-03 11:23:52] local.ERROR: View [pages.support_team.exams.set] not found. {"userId":1,"exception":"[object] (InvalidArgumentException(code: 0): View [pages.support_team.exams.set] not found. at C:\\projects\\MbukuErp\\vendor\\laravel\\framework\\src\\Illuminate\\View\\FileViewFinder.php:137)
[stacktrace]
#0 C:\\projects\\MbukuErp\\vendor\\laravel\\framework\\src\\Illuminate\\View\\FileViewFinder.php(79): Illuminate\\View\\FileViewFinder->findInPaths()
#1 C:\\projects\\MbukuErp\\vendor\\laravel\\framework\\src\\Illuminate\\View\\Factory.php(137): Illuminate\\View\\FileViewFinder->find()
#2 C:\\projects\\MbukuErp\\vendor\\laravel\\framework\\src\\Illuminate\\Foundation\\helpers.php(1020): Illuminate\\View\\Factory->make()
#3 C:\\projects\\MbukuErp\\routes\\web.php(61): view()
#4 C:\\projects\\MbukuErp\\vendor\\laravel\\framework\\src\\Illuminate\\Routing\\CallableDispatcher.php(40): Illuminate\\Routing\\RouteFileRegistrar->{closure}()
#5 C:\\projects\\MbukuErp\\vendor\\laravel\\framework\\src\\Illuminate\\Routing\\Route.php(237): Illuminate\\Routing\\CallableDispatcher->dispatch()
#6 C:\\projects\\MbukuErp\\vendor\\laravel\\framework\\src\\Illuminate\\Routing\\Route.php(208): Illuminate\\Routing\\Route->runCallable()
#7 C:\\projects\\MbukuErp\\vendor\\laravel\\framework\\src\\Illuminate\\Routing\\Router.php(806): Illuminate\\Routing\\Route->run()
#8 C:\\projects\\MbukuErp\\vendor\\laravel\\framework\\src\\Illuminate\\Pipeline\\Pipeline.php(144): Illuminate\\Routing\\Router->Illuminate\\Routing\\{closure}()
#9 C:\\projects\\MbukuErp\\app\\Http\\Middleware\\Custom\\TeamSAT.php(21): Illuminate\\Pipeline\\Pipeline->Illuminate\\Pipeline\\{closure}()
#10 C:\\projects\\MbukuErp\\vendor\\laravel\\framework\\src\\Illuminate\\Pipeline\\Pipeline.php(183): App\\Http\\Middleware\\Custom\\TeamSAT->handle()
#11 C:\\projects\\MbukuErp\\app\\Http\\Middleware\\TrackUserActivity.php(33): Illuminate\\Pipeline\\Pipeline->Illuminate\\Pipeline\\{closure}()
#12 C:\\projects\\MbukuErp\\vendor\\laravel\\framework\\src\\Illuminate\\Pipeline\\Pipeline.php(183): App\\Http\\Middleware\\TrackUserActivity->handle()
#13 C:\\projects\\MbukuErp\\app\\Http\\Middleware\\FixCookieJarMiddleware.php(79): Illuminate\\Pipeline\\Pipeline->Illuminate\\Pipeline\\{closure}()
#14 C:\\projects\\MbukuErp\\vendor\\laravel\\framework\\src\\Illuminate\\Pipeline\\Pipeline.php(183): App\\Http\\Middleware\\FixCookieJarMiddleware->handle()
#15 C:\\projects\\MbukuErp\\app\\Http\\Middleware\\VerifyAndRefreshSession.php(105): Illuminate\\Pipeline\\Pipeline->Illuminate\\Pipeline\\{closure}()
#16 C:\\projects\\MbukuErp\\vendor\\laravel\\framework\\src\\Illuminate\\Pipeline\\Pipeline.php(183): App\\Http\\Middleware\\VerifyAndRefreshSession->handle()
#17 C:\\projects\\MbukuErp\\vendor\\laravel\\framework\\src\\Illuminate\\Routing\\Middleware\\SubstituteBindings.php(50): Illuminate\\Pipeline\\Pipeline->Illuminate\\Pipeline\\{closure}()
#18 C:\\projects\\MbukuErp\\vendor\\laravel\\framework\\src\\Illuminate\\Pipeline\\Pipeline.php(183): Illuminate\\Routing\\Middleware\\SubstituteBindings->handle()
#19 C:\\projects\\MbukuErp\\vendor\\laravel\\framework\\src\\Illuminate\\Foundation\\Http\\Middleware\\VerifyCsrfToken.php(78): Illuminate\\Pipeline\\Pipeline->Illuminate\\Pipeline\\{closure}()
#20 C:\\projects\\MbukuErp\\vendor\\laravel\\framework\\src\\Illuminate\\Pipeline\\Pipeline.php(183): Illuminate\\Foundation\\Http\\Middleware\\VerifyCsrfToken->handle()
#21 C:\\projects\\MbukuErp\\vendor\\laravel\\framework\\src\\Illuminate\\Session\\Middleware\\AuthenticateSession.php(60): Illuminate\\Pipeline\\Pipeline->Illuminate\\Pipeline\\{closure}()
#22 C:\\projects\\MbukuErp\\vendor\\laravel\\framework\\src\\Illuminate\\Pipeline\\Pipeline.php(183): Illuminate\\Session\\Middleware\\AuthenticateSession->handle()
#23 C:\\projects\\MbukuErp\\vendor\\laravel\\framework\\src\\Illuminate\\Auth\\Middleware\\Authenticate.php(57): Illuminate\\Pipeline\\Pipeline->Illuminate\\Pipeline\\{closure}()
#24 C:\\projects\\MbukuErp\\vendor\\laravel\\framework\\src\\Illuminate\\Pipeline\\Pipeline.php(183): Illuminate\\Auth\\Middleware\\Authenticate->handle()
#25 C:\\projects\\MbukuErp\\vendor\\laravel\\framework\\src\\Illuminate\\View\\Middleware\\ShareErrorsFromSession.php(49): Illuminate\\Pipeline\\Pipeline->Illuminate\\Pipeline\\{closure}()
#26 C:\\projects\\MbukuErp\\vendor\\laravel\\framework\\src\\Illuminate\\Pipeline\\Pipeline.php(183): Illuminate\\View\\Middleware\\ShareErrorsFromSession->handle()
#27 C:\\projects\\MbukuErp\\app\\Http\\Middleware\\SessionManager.php(37): Illuminate\\Pipeline\\Pipeline->Illuminate\\Pipeline\\{closure}()
#28 C:\\projects\\MbukuErp\\vendor\\laravel\\framework\\src\\Illuminate\\Pipeline\\Pipeline.php(183): App\\Http\\Middleware\\SessionManager->handle()
#29 C:\\projects\\MbukuErp\\vendor\\laravel\\framework\\src\\Illuminate\\Session\\Middleware\\StartSession.php(121): Illuminate\\Pipeline\\Pipeline->Illuminate\\Pipeline\\{closure}()
#30 C:\\projects\\MbukuErp\\vendor\\laravel\\framework\\src\\Illuminate\\Session\\Middleware\\StartSession.php(64): Illuminate\\Session\\Middleware\\StartSession->handleStatefulRequest()
#31 C:\\projects\\MbukuErp\\vendor\\laravel\\framework\\src\\Illuminate\\Pipeline\\Pipeline.php(183): Illuminate\\Session\\Middleware\\StartSession->handle()
#32 C:\\projects\\MbukuErp\\vendor\\laravel\\framework\\src\\Illuminate\\Cookie\\Middleware\\AddQueuedCookiesToResponse.php(37): Illuminate\\Pipeline\\Pipeline->Illuminate\\Pipeline\\{closure}()
#33 C:\\projects\\MbukuErp\\vendor\\laravel\\framework\\src\\Illuminate\\Pipeline\\Pipeline.php(183): Illuminate\\Cookie\\Middleware\\AddQueuedCookiesToResponse->handle()
#34 C:\\projects\\MbukuErp\\app\\Http\\Middleware\\EnsureAuthWorks.php(24): Illuminate\\Pipeline\\Pipeline->Illuminate\\Pipeline\\{closure}()
#35 C:\\projects\\MbukuErp\\vendor\\laravel\\framework\\src\\Illuminate\\Pipeline\\Pipeline.php(183): App\\Http\\Middleware\\EnsureAuthWorks->handle()
#36 C:\\projects\\MbukuErp\\vendor\\laravel\\framework\\src\\Illuminate\\Cookie\\Middleware\\EncryptCookies.php(67): Illuminate\\Pipeline\\Pipeline->Illuminate\\Pipeline\\{closure}()
#37 C:\\projects\\MbukuErp\\vendor\\laravel\\framework\\src\\Illuminate\\Pipeline\\Pipeline.php(183): Illuminate\\Cookie\\Middleware\\EncryptCookies->handle()
#38 C:\\projects\\MbukuErp\\app\\Http\\Middleware\\EnsureCookieJarExists.php(65): Illuminate\\Pipeline\\Pipeline->Illuminate\\Pipeline\\{closure}()
#39 C:\\projects\\MbukuErp\\vendor\\laravel\\framework\\src\\Illuminate\\Pipeline\\Pipeline.php(183): App\\Http\\Middleware\\EnsureCookieJarExists->handle()
#40 C:\\projects\\MbukuErp\\vendor\\laravel\\framework\\src\\Illuminate\\Pipeline\\Pipeline.php(119): Illuminate\\Pipeline\\Pipeline->Illuminate\\Pipeline\\{closure}()
#41 C:\\projects\\MbukuErp\\vendor\\laravel\\framework\\src\\Illuminate\\Routing\\Router.php(805): Illuminate\\Pipeline\\Pipeline->then()
#42 C:\\projects\\MbukuErp\\vendor\\laravel\\framework\\src\\Illuminate\\Routing\\Router.php(784): Illuminate\\Routing\\Router->runRouteWithinStack()
#43 C:\\projects\\MbukuErp\\vendor\\laravel\\framework\\src\\Illuminate\\Routing\\Router.php(748): Illuminate\\Routing\\Router->runRoute()
#44 C:\\projects\\MbukuErp\\vendor\\laravel\\framework\\src\\Illuminate\\Routing\\Router.php(737): Illuminate\\Routing\\Router->dispatchToRoute()
#45 C:\\projects\\MbukuErp\\vendor\\laravel\\framework\\src\\Illuminate\\Foundation\\Http\\Kernel.php(200): Illuminate\\Routing\\Router->dispatch()
#46 C:\\projects\\MbukuErp\\vendor\\laravel\\framework\\src\\Illuminate\\Pipeline\\Pipeline.php(144): Illuminate\\Foundation\\Http\\Kernel->Illuminate\\Foundation\\Http\\{closure}()
#47 C:\\projects\\MbukuErp\\vendor\\livewire\\livewire\\src\\Features\\SupportDisablingBackButtonCache\\DisableBackButtonCacheMiddleware.php(19): Illuminate\\Pipeline\\Pipeline->Illuminate\\Pipeline\\{closure}()
#48 C:\\projects\\MbukuErp\\vendor\\laravel\\framework\\src\\Illuminate\\Pipeline\\Pipeline.php(183): Livewire\\Features\\SupportDisablingBackButtonCache\\DisableBackButtonCacheMiddleware->handle()
#49 C:\\projects\\MbukuErp\\vendor\\laravel\\framework\\src\\Illuminate\\Foundation\\Http\\Middleware\\TransformsRequest.php(21): Illuminate\\Pipeline\\Pipeline->Illuminate\\Pipeline\\{closure}()
#50 C:\\projects\\MbukuErp\\vendor\\laravel\\framework\\src\\Illuminate\\Foundation\\Http\\Middleware\\ConvertEmptyStringsToNull.php(31): Illuminate\\Foundation\\Http\\Middleware\\TransformsRequest->handle()
#51 C:\\projects\\MbukuErp\\vendor\\laravel\\framework\\src\\Illuminate\\Pipeline\\Pipeline.php(183): Illuminate\\Foundation\\Http\\Middleware\\ConvertEmptyStringsToNull->handle()
#52 C:\\projects\\MbukuErp\\vendor\\laravel\\framework\\src\\Illuminate\\Foundation\\Http\\Middleware\\TransformsRequest.php(21): Illuminate\\Pipeline\\Pipeline->Illuminate\\Pipeline\\{closure}()
#53 C:\\projects\\MbukuErp\\vendor\\laravel\\framework\\src\\Illuminate\\Foundation\\Http\\Middleware\\TrimStrings.php(40): Illuminate\\Foundation\\Http\\Middleware\\TransformsRequest->handle()
#54 C:\\projects\\MbukuErp\\vendor\\laravel\\framework\\src\\Illuminate\\Pipeline\\Pipeline.php(183): Illuminate\\Foundation\\Http\\Middleware\\TrimStrings->handle()
#55 C:\\projects\\MbukuErp\\vendor\\laravel\\framework\\src\\Illuminate\\Foundation\\Http\\Middleware\\ValidatePostSize.php(27): Illuminate\\Pipeline\\Pipeline->Illuminate\\Pipeline\\{closure}()
#56 C:\\projects\\MbukuErp\\vendor\\laravel\\framework\\src\\Illuminate\\Pipeline\\Pipeline.php(183): Illuminate\\Foundation\\Http\\Middleware\\ValidatePostSize->handle()
#57 C:\\projects\\MbukuErp\\vendor\\laravel\\framework\\src\\Illuminate\\Foundation\\Http\\Middleware\\PreventRequestsDuringMaintenance.php(99): Illuminate\\Pipeline\\Pipeline->Illuminate\\Pipeline\\{closure}()
#58 C:\\projects\\MbukuErp\\vendor\\laravel\\framework\\src\\Illuminate\\Pipeline\\Pipeline.php(183): Illuminate\\Foundation\\Http\\Middleware\\PreventRequestsDuringMaintenance->handle()
#59 C:\\projects\\MbukuErp\\vendor\\laravel\\framework\\src\\Illuminate\\Http\\Middleware\\HandleCors.php(49): Illuminate\\Pipeline\\Pipeline->Illuminate\\Pipeline\\{closure}()
#60 C:\\projects\\MbukuErp\\vendor\\laravel\\framework\\src\\Illuminate\\Pipeline\\Pipeline.php(183): Illuminate\\Http\\Middleware\\HandleCors->handle()
#61 C:\\projects\\MbukuErp\\vendor\\laravel\\framework\\src\\Illuminate\\Http\\Middleware\\TrustProxies.php(39): Illuminate\\Pipeline\\Pipeline->Illuminate\\Pipeline\\{closure}()
#62 C:\\projects\\MbukuErp\\vendor\\laravel\\framework\\src\\Illuminate\\Pipeline\\Pipeline.php(183): Illuminate\\Http\\Middleware\\TrustProxies->handle()
#63 C:\\projects\\MbukuErp\\app\\Http\\Middleware\\EnsureCookieJarExists.php(65): Illuminate\\Pipeline\\Pipeline->Illuminate\\Pipeline\\{closure}()
#64 C:\\projects\\MbukuErp\\vendor\\laravel\\framework\\src\\Illuminate\\Pipeline\\Pipeline.php(183): App\\Http\\Middleware\\EnsureCookieJarExists->handle()
#65 C:\\projects\\MbukuErp\\app\\Http\\Middleware\\DiagnosticMiddleware.php(67): Illuminate\\Pipeline\\Pipeline->Illuminate\\Pipeline\\{closure}()
#66 C:\\projects\\MbukuErp\\vendor\\laravel\\framework\\src\\Illuminate\\Pipeline\\Pipeline.php(183): App\\Http\\Middleware\\DiagnosticMiddleware->handle()
#67 C:\\projects\\MbukuErp\\vendor\\laravel\\framework\\src\\Illuminate\\Pipeline\\Pipeline.php(119): Illuminate\\Pipeline\\Pipeline->Illuminate\\Pipeline\\{closure}()
#68 C:\\projects\\MbukuErp\\vendor\\laravel\\framework\\src\\Illuminate\\Foundation\\Http\\Kernel.php(175): Illuminate\\Pipeline\\Pipeline->then()
#69 C:\\projects\\MbukuErp\\vendor\\laravel\\framework\\src\\Illuminate\\Foundation\\Http\\Kernel.php(144): Illuminate\\Foundation\\Http\\Kernel->sendRequestThroughRouter()
#70 C:\\projects\\MbukuErp\\public\\index.php(54): Illuminate\\Foundation\\Http\\Kernel->handle()
#71 C:\\projects\\MbukuErp\\server.php(21): require_once('...')
#72 {main}
"} 
